accession_no,cik,item,excerpt,fetched_utc,note
0000004962-26-000376,0000004962,7.01,"On October 8, 2026, American Express Company (the ""Company"") and American Express Travel Related Services Company, Inc. consented to an order issued by the Board of Governors of the Federal Reserve System and American Express National Bank (""AENB"") consented to an order issued by the Office of the Comptroller of the Currency (the ""OCC"") to resolve previously disclosed reviews by the banking regulators of certain aspects of the Company's financial crimes compliance program. AENB also agreed to pay a civil money penalty of $350 million to the OCC.",1791596902,
0000014693-26-000048,0000014693,2.02,"On September 2, 2026, Brown-Forman Corporation issued a press release reporting its operating results for the first fiscal quarter and three month period ended July 31, 2026.",1791445286,
0000014930-26-000115,0000014930,5.02,"On September 17, 2026, David M. Foulkes notified the Board of Directors (the “Board”) of Brunswick Corporation (“Brunswick” or the “Company”) of his decision to retire as Chairman of the Board and Chief Executive Officer, effective as of December 31, 2026.",1791445286,
0000016732-26-000020,0000016732,,,1791445286,no quotable item text in the filing
0000016918-26-000034,0000016918,7.01,"On September 8, 2026, Constellation Brands, Inc. (the “Company”) issued a news release announcing that it has given notice for full redemption prior to maturity of all of its outstanding 4.350% Senior Notes due 2027. The Company intends to use commercial paper borrowings and/or cash on hand to fund the redemption.",1791445286,
0000016918-26-000039,0000016918,2.02,"On October 6, 2026, Constellation Brands, Inc. (“Constellation” or the “Company”), a Delaware corporation, issued a news release (the “release”) announcing its financial condition and results of operations as of and for the second fiscal quarter ended August 31, 2026. The projections constituting the guidance included in the release involve risks and uncertainties, the outcome of which cannot be foreseen at this time; therefore, actual results may vary materially from these forecasts.",1791511531,
0000016918-26-000039,0000016918,7.01,"In addition, on October 6, 2026, the Company’s Board of Directors declared a quarterly cash dividend in the amount of $1.03 per issued and outstanding share of the Company’s Class A Common Stock and $0.93 per issued and outstanding share of the Company’s Class 1 Convertible Common Stock, in each case payable on November 13, 2026, to stockholders of record of each respective class as of the close of business on October 30, 2026.",1791511531,
0000027904-26-000035,0000027904,2.02,"Delta Air Lines, Inc. today issued a press release reporting financial results for the quarter ended September 30, 2026.",1791596902,
0000035527-26-000222,0000035527,8.01,"On September 23, 2026, Fifth Third Bancorp issued a press release announcing the September 22, 2026 expiration and results of its offer to exchange any and all of its outstanding restricted senior notes previously issued pursuant to an exemption from the registration requirements of the Securities Act of 1933, as amended (the “Securities Act”), for an equal principal amount of new notes registered under the Securities Act.",1791445286,
0000037996-26-000184,0000037996,7.01,"At the end of September, production of our F-150 trucks was affected by a short-term supplier issue unrelated to aluminum. The expected financial impact is containable within the full-year 2026 adjusted EBIT guidance of $10.0 billion to $11.0 billion we provided on July 28, 2026.*",1791445286,
0000037996-26-000184,0000037996,8.01,"It is to be expected that there may be differences between projected and actual results. For additional discussion, see “Item 1A. Risk Factors” in our Annual Report on Form 10-K for the year ended December 31, 2025, as updated by our subsequent Quarterly Reports on Form 10‑Q and Current Reports on Form 8-K.",1791445286,
0000040729-26-000021,0000040729,5.03,"Effective October 5, 2026, the Ally Financial Inc. ( Ally ) Board of Directors ( Board ) amended and restated the Bylaws ( Bylaws ) of Ally.",1791511531,
0000049071-26-000057,0000049071,7.01,"Supplementary Audio Commentary Supplementary audio commentary from Humana’s President and Chief Executive Officer, Jim Rechtin, may be accessed via Humana’s Investor Relations page at https://humana.gcs-web.com/. 2027 Medicare Advantage Star Ratings Based on final 2027 Medicare Advantage (MA) Star Ratings data (Bonus Year 2028) provided by the Centers for Medicare and Medicaid Services (CMS) on October 8, 2026, Humana Inc. (“the Company”) has exceeded its goal of Top Quartile results, which is defined as Stars revenue per member per month (PMPM) 10% above the peer group median.",1791596902,
0000049196-26-000077,0000049196,7.01,"As previously announced, Huntington Bancshares Incorporated (""Huntington"") will participate in the 2026 Barclays Global Financial Services Conference on Wednesday, September 16, 2026. Steve Steinour, Chairman and Chief Executive Officer, and Zach Wasserman, Chief Financial Officer, are scheduled to present to analysts and investors. The presentation slides will also be available in the Investor Relations section of Huntington’s website at www.huntington-ir.com.",1791445286,
0000049196-26-000079,0000049196,8.01,"Series I Non-Cumulative Perpetual Preferred Stock On September 18, 2026, Huntington Bancshares Incorporated (""Huntington"") announced that the Board of Directors declared and set aside a quarterly cash dividend on Huntington's 5.70% Series I Non-Cumulative Perpetual Preferred Stock (Nasdaq: HBANM) of $356.25 per share (equivalent to $0.35625 per depositary share) payable December 1, 2026, to shareholders of record on November 15, 2026.",1791445286,
0000049196-26-000081,0000049196,5.02,"On September 18, 2026, Helga S. Houston, Senior Executive Vice President of Huntington Bancshares Incorporated (the “Company”), provided notice of her intent to retire from the Company effective December 31, 2026.",1791445286,
0000063754-26-000326,0000063754,2.02,"On October 1, 2026, the Registrant issued a press release and held a conference call with analysts to report on the results of operations for the third quarter for fiscal year 2026, which ended August 31, 2026.",1791445286,
0000063908-26-000076,0000063908,7.01,"On September 23, 2026, the Company issued an investor release announcing new targets to advance its McDonald’s > NEXT strategy.",1791445286,
0000065984-26-000312,0000065984,8.01,"Settlement of Underwritten Forward Sale Agreements As previously disclosed, on March 17, 2025, Entergy Corporation (the “ Company ”) entered into underwritten forward sale agreements (the “ 2025 Underwritten Forward Sale Agreements ”) with several counterparties relating to an aggregate of 17,796,401 shares of the Company common stock, par value $0.01 per share (the “ Common Stock ”).",1791445286,
0000072971-26-000308,0000072971,5.02,"On September 23, 2026, Wells Fargo & Company (the “Company”) announced the appointment of Scott E. Powell as its Chief Risk Officer effective January 15, 2027, after which he will no longer serve as the Chief Operating Officer of the Company.",1791445286,
0000074208-26-000077,0000074208,7.01,"​ The information included as Exhibit 99.1 to this report will be made available to investors beginning September 9, 2026.",1791445286,
0000077476-26-000042,0000077476,5.02,"On September 17, 2026, the Board of Directors (the “Board”) of PepsiCo, Inc. (“PepsiCo”) elected Joaquin Duato as an independent member of the Board, effective December 1, 2026. Mr. Duato will serve on the Audit Committee of the Board, effective December 1, 2026. Mr. Duato, 64, has served as Chairman of the Board and Chief Executive Officer of Johnson & Johnson since 2023 and 2022, respectively, and as a director since 2022. Prior to that, he served as Vice Chairman of the Executive Committee from 2018 to 2021 and Worldwide Chairman, Pharmaceuticals from 2011 to 2018.",1791445286,
0000077476-26-000050,0000077476,,,1791596902,no quotable item text in the filing
0000078890-26-000063,0000078890,8.01,"On October 8, 2026, The Brink's Company (the ""Company"") issued a press release.",1791511531,
0000080661-26-000322,0000080661,7.01,"On September 18, 2026, The Progressive Corporation (the “Company”) issued a news release containing financial results of the Company and its consolidated subsidiaries for the month and year-to-date periods ended August 31, 2026.",1791445286,
0000094845-26-000048,0000094845,2.02,"On October 7, 2026, Levi Strauss & Co. (the ""Company"") issued a press release announcing its third quarter 2026 financial results.",1791596902,
0000096223-26-000028,0000096223,2.02,"On September 28, 2026 , we issued a press release containing financial results for our quarter and nine months ended August 31, 2026.",1791445286,
0000109198-26-000051,0000109198,5.02,"On September 16, 2026, the Board of Directors (the “Board”) of The TJX Companies, Inc. (the “Company”) elected Craig A. Pintoff as a member of the Company’s Board and of its Audit and Finance Committee, effective immediately. Mr. Pintoff, 56, is Executive Vice President and Chief Administrative Officer of United Rentals, Inc. (NYSE: URI), a global equipment rental company, where he leads the human resources, legal, safety, and environmental functions.",1791445286,
0000320187-26-000143,0000320187,5.02,"On July 15, 2026, the Board of Directors of NIKE, Inc. (the “Company”) adopted an amendment and restatement of the NIKE, Inc. Employee Stock Purchase Plan (as amended and restated, the “Plan”), subject to shareholder approval at the Company’s annual meeting of shareholders (the “Annual Meeting”). At the Annual Meeting, held on September 8, 2026, the Company’s shareholders approved the Plan to, among other changes, increase the number of shares of the Company’s Class B Common Stock authorized for issuance under the Plan by 16,000,000 shares.",1791445286,
0000320187-26-000143,0000320187,5.07,"The Company held its annual meeting of shareholders virtually on Tuesday, September 8, 2026.",1791445286,
0000320187-26-000184,0000320187,2.02,"Today NIKE, Inc. (the ""Company"") issued a press release disclosing financial results for the fiscal quarter ended August 31, 2026.",1791445286,
0000320187-26-000184,0000320187,2.05,"On October 1, 2026, the Company announced a multi-year enterprise program, which includes and builds upon the previous cost realignment plan announced in March 2026, collectively known as Pace (the ""program""). The program is intended to enhance productivity, improve organizational effectiveness, and decrease the Company’s cost structure.",1791445286,
0000354707-26-000061,0000354707,7.01,"In accordance with Regulation FD, Hawaiian Electric Industries, Inc. (the “Company”) hereby furnishes a presentation that the Company intends to use with investors, analysts and others beginning on or after September 8, 2026. Such presentation is attached to this Current Report on Form 8-K as Exhibit 99. A copy of the investor presentation is posted on the Company’s website at www.hei.com.",1791445286,
0000354707-26-000066,0000354707,8.01,"On September 16, 2026, Hawaiian Electric Industries, Inc. (the “Company”) monetized 30% of its 9.9% stake in American Savings Bank, N.A. (NYSE - ASBH) (“ASB”), as part of ASB’s initial public offering. The sale of approximately 2.0 million shares resulted in $29.5 million in proceeds to the Company, net of underwriting fees and issuance costs. On September 21, 2026, the underwriters exercised their option to purchase an additional 293,904 shares of common stock from HEI, resulting in an additional $4.4 million in net proceeds to the Company.",1791445286,
0000703351-26-000032,0000703351,7.01,"On September 17, 2026, Brinker International, Inc. (the “Company”) will be hosting an investor day at its corporate headquarters in Dallas, Texas beginning at 8:30 a.m. The event can be accessed via live webcast under the “Events & Presentations” tab of the Company’s website at https://investors.brinker.com/events-and-presentations/default.aspx . In connection with the investor day, the Company issued a press release on September 17, 2026 introducing its financial targets through fiscal 2029.",1791445286,
0000720005-26-000077,0000720005,7.01,"On September 23, 2026, Raymond James Financial, Inc. (the “Company”) issued a press release to disclose its operating data for August 2026.",1791445286,
0000726958-26-000084,0000726958,2.02,"On September 8, 2026, Casey's General Stores, Inc. (the ""Company"") issued a press release announcing its financial results for the first quarter ended July 31, 2026 (the ""Press Release"").",1791445286,
0000726958-26-000084,0000726958,5.07,"On September 2, 2026, the Company held its 2026 annual shareholders’ meeting (the “Meeting”).",1791445286,
0000730263-26-000028,0000730263,2.02,"On September 22, 2026, THOR Industries, Inc. (the “Company”) issued a press release announcing certain financial results for the fourth quarter and full year ended July 31, 2026. The Company also posted an updated investor slide presentation and a list of investor questions and answers to the “Investors” section of its website.",1791445286,
0000730263-26-000028,0000730263,7.01,The Company also posted an updated list of investor questions and answers to the “Investors” section of its website.,1791445286,
0000730464-26-000055,0000730464,,,1791445286,no quotable item text in the filing
0000753308-26-000074,0000753308,8.01,"On September 22, 2026, the Circuit Court of the 15th Judicial Circuit in and for Palm Beach County, Florida (the “Court”) entered an order (the “Order”) setting a hearing (the “Settlement Hearing”) in a shareholder derivative action pending before the Court titled, Davidson, et al. v. Silagy, et al. , Case No. 50-2023-CA-012434-XXXX-MB, for December 14, 2026 at 3:00 p.m. to determine, among other things, whether to approve (i) the terms of a proposed derivative settlement that would resolve the Davidson action and certain related derivative actions and shareholder demands as fair, reasonable,…",1791511531,
0000764622-26-000049,0000764622,7.01,Pinnacle West Capital Corporation (“Pinnacle West”) will be participating in various meetings with securities analysts and investors in October 2026 and will be utilizing handouts during those meetings.,1791445286,
0000769397-26-000059,0000769397,2.02,"On August 27, 2026, Autodesk, Inc. (“Autodesk” or the “Company”) issued a press release reporting financial results for the second fiscal quarter ended July 31, 2026.",1791445286,
0000769397-26-000059,0000769397,7.01,"On August 27, 2026, Autodesk posted supplemental investor materials on its investors.autodesk.com website. Autodesk uses its investors.autodesk.com website as a means of disclosing material non-public information, announcing upcoming investor conferences and for complying with its disclosure obligations under Regulation FD. Accordingly, investors should monitor Autodesk’s investor relations website in addition to following Autodesk’s press releases, SEC filings and public conference calls and webcasts.",1791445286,
0000772406-26-000045,0000772406,7.01,"On October 6, 2026, Cirrus Logic, Inc. issued a press release announcing that it has acquired Inventvm Semiconductor S.r.l.",1791596902,
0000795266-26-000068,0000795266,2.02,"On September 22, 2026 , KB Home issued a press release announcing its results of operations for the three months and nine months ended August 31, 2026.",1791445286,
0000812011-26-000048,0000812011,2.02,"On September 28, 2026 , Vail Resorts, Inc. issued a press release announcing its results for the three months and fiscal year ended July 31, 2026.",1791445286,
0000825542-26-000054,0000825542,5.02,"On September 8, 2026, Adam Hanft, a member of the Board of Director (the “Board”), notified The Scotts Miracle-Gro Company (the “Company”) of his resignation from the Board effective immediately. As a Class III director, Mr. Hanft’s term was set to expire at the Company’s 2028 Annual Meeting of Shareholders. The Company’s consulting relationship with Hanft Ideas LLC, of which Mr. Hanft is the principal and Chief Executive Officer, will continue following Mr. Hanft’s resignation from the Board.",1791445286,
0000826675-26-000104,0000826675,1.01,"On September 22, 2026, Dynex Capital, Inc. (the “ Company ”), entered into an underwriting agreement (the “ Underwriting Agreement ”) with Morgan Stanley & Co. LLC, J.P.",1791445286,
0000826675-26-000104,0000826675,7.01,"On September 22, 2026, the Company issued a press release announcing the pricing of the Offering.",1791445286,
0000826675-26-000112,0000826675,3.03,"As previously disclosed, on September 22, 2026, Dynex Capital, Inc. (the “ Company ”), entered into an underwriting agreement (the “ Underwriting Agreement ”) with Morgan Stanley & Co. LLC, J.P.",1791445286,
0000826675-26-000112,0000826675,8.01,"On September 29, 2026, the Company closed the previously announced Offering. In connection with the issuance and sale of the Underwritten Shares, the Company is filing as Exhibit 5.1 hereto an opinion of its counsel, Morrison & Foerster LLP, with respect to the legality of the Shares and as Exhibit 8.1 hereto an opinion of Morrison & Foerster LLP with respect to certain tax matters.",1791445286,
0000831259-26-000038,0000831259,8.01,"On September 1, 2026, PT Freeport Indonesia (PTFI), Freeport-McMoRan Inc.’s 48.76%-owned subsidiary, amended and restated its $1.75 billion, senior unsecured revolving credit facility to, among other things, extend the maturity date under the facility from November 2028 to September 2031. As of September 1, 2026, PTFI had $250 million in borrowings outstanding under its revolving credit facility. PTFI’s revolving credit facility is available for its general corporate purposes.",1791445286,
0000831259-26-000043,0000831259,2.02,"Freeport-McMoRan Inc. issued a press release dated October 2, 2026, providing a third-quarter 2026 operational update.",1791445286,
0000832988-26-000227,0000832988,1.01,"On September 4, 2026, Signet Jewelers Limited (“Signet” or the “Company”), through its subsidiaries Sterling Jewelers Inc. (“Sterling”) and Zale Delaware, Inc. (“Zale”), entered into a Second Amended and Restated Credit Card Program Agreement (the “Program Agreement”) with Comenity Bank (“Comenity Bank”) and Comenity Capital Bank (“Comenity Capital Bank” and, together with Comenity Bank, “Bread”), each a subsidiary of Bread Financial Holdings, Inc. The Program Agreement amends and restates in their entirety (i) the Amended and Restated Credit Card Program Agreement, dated May 14, 2021, by and…",1791445286,
0000832988-26-000227,0000832988,2.02,"Conditions On September 9, 2026, the Company issued a press release announcing results for the second quarter ended August 1, 2026.",1791445286,
0000849399-26-000071,0000849399,7.01,"On September 28, 2026, Vincent Pilette, Chief Executive Officer of Gen Digital Inc. (the ""Company""), published a social media post on LinkedIn addressing the Company's acquisition strategy and certain of the Company's financial outlook and guidance. These statements may be identified by words such as “expect,” “will,” “continue,” “outlook,” “guidance,” “on track,” “potential,” “accretive,” “plan” and similar expressions, although the absence of these words does not mean that a statement is not forward-looking.",1791445286,
0000864749-26-000111,0000864749,1.01,"On October 2, 2026, Trimble Inc. (the “ Company ”) entered into a Term Loan Credit Agreement, by and among the Company, the lenders from time to time party thereto and Bank of America, N.A., as administrative agent (the “ 2026 Credit Agreement ”). The 2026 Credit Agreement provides for an unsecured delayed draw term loan facility in the aggregate principal amount of $500.0 million. As of October 2, 2026 no term loans have been borrowed under the 2026 Credit Agreement. The proceeds of the term loans may be used for general corporate purposes of the Company and its subsidiaries.",1791445286,
0000874766-26-000064,0000874766,1.02,"On September 23, 2026, Hartford Fire Insurance Company and certain of its affiliates (collectively, the “Hartford Insurers”), each a wholly owned insurance company subsidiary of The Hartford Insurance Group, Inc. (the “Company”), entered into a Reinsurance Commutation and Release Agreement (the “Commutation Agreement”) with National Indemnity Company (“NICO”), a subsidiary of Berkshire Hathaway Inc. Pursuant to the Commutation Agreement, the Hartford Insurers and NICO agreed to the commutation and termination of their existing Aggregate Excess of Loss Reinsurance Agreement (the “Reinsurance…",1791445286,
0000874766-26-000064,0000874766,7.01,"As a result of the transactions described in Item 1.02 above, for the three and nine months ended September 30, 2026, The Hartford expects to recognize a before tax net gain of $497 million, an increase in net income of $393 million, and no impact on core earnings. The before tax gain reflects the release of the deferred gain on retroactive reinsurance after giving effect to the commutation. These statements include, among others, statements regarding the expected financial and accounting effects of the transactions described above.",1791445286,
0000876167-26-000110,0000876167,2.02,"On September 30, 2026, Progress Software Corporation (""Progress"") issued a press release announcing its financial results for the fiscal third quarter ended August 31, 2026.",1791445286,
0000878927-26-000025,0000878927,7.01,"On September 3, 2026, Old Dominion Freight Line, Inc. issued a press release to provide an update on certain operating metrics for the third quarter of 2026.",1791445286,
0000885725-26-000064,0000885725,5.02,"Chief Operating Officer On October 7, 2026, Boston Scientific Corporation (the “Company”) announced that Joe Fitzgerald, who currently serves as Executive Vice President and Group President, Cardiovascular, has been promoted to Executive Vice President and Chief Operating Officer of the Company, effective as of January 1, 2027. Mr. Fitzgerald, age 63, joined the Company in 1990, and has held a variety of management positions in the Company’s Cardiovascular business.",1791511531,
0000885725-26-000064,0000885725,8.01,"A copy of the Company’s press release dated October 7, 2026, announcing the events described under Item 5.02 above is included in this filing as Exhibit 99.1.",1791511531,
0000886346-26-000055,0000886346,5.02,"On September 10, 2026, the board of directors (the “Board”) of Kadant Inc. (the “Company”) adopted a succession plan (the “Succession Plan”), pursuant to which the Board appointed Michael C. Colwell to serve as president and chief operating officer effective October 1, 2026, and president and chief executive officer effective January 2, 2027. In addition, the Board appointed Mr. Colwell to serve as a member of the Board effective January 2, 2027. Mr. Colwell will serve in the class of directors whose term ends in 2028 and will not receive any compensation for his service as a director.",1791445286,
0000886346-26-000055,0000886346,7.01,"The Company undertakes no obligation to publicly update any forward-looking statement, whether as a result of new information, future events, or otherwise.",1791445286,
0000887343-26-000181,0000887343,7.01,"On September 30, 2026, Columbia Banking System, Inc. announced that it will conduct a quarterly earnings conference call on Thursday, October 22, 2026, at 2:00 p.m. During the call, management will discuss Columbia’s third quarter 2026 financial results and provide an update on recent activities.",1791445286,
0000895126-26-000053,0000895126,5.02,"On September 16, 2026, Expand Energy Corporation (the ""Company"") announced that, effective as of the closing of the Company's previously announced acquisition of Twin Eagle Holdings N.A., LLC, Dan Turco will no longer serve as Executive Vice President—Marketing and Commercial. Mr. Turco will continue to serve the Company as Executive Vice President of Commercial Activities and will focus on LNG and assist on the gas marketing integration.",1791445286,
0000895126-26-000053,0000895126,8.01,"On September 16, 2026, the Company completed its previously announced acquisition of Twin Eagle Holdings N.A., LLC.",1791445286,
0000899051-26-000135,0000899051,,,1791445286,no quotable item text in the filing
0000910521-26-000026,0000910521,5.07,"On September 14, 2026, Deckers Outdoor Corporation (the "" Company "") held its 2026 Annual Meeting of Stockholders (the "" Annual Meeting "") virtually via live webcast, during which the Company's stockholders voted on three proposals. There were 136,227,720 shares of the Company’s common stock, par value $0.01 ("" Common Stock ""), outstanding at the close of business on July 16, 2026, the record date for the Annual Meeting (the "" Record Date "").",1791445286,
0000911177-26-000052,0000911177,7.01,"On October 1, 2026, Casella Waste Systems, Inc. (the “Company”) announced to customers, regulators and the host community of the North Country Environmental Services landfill located in Bethlehem, New Hampshire (the “NCES Landfill”) that December 31, 2026 will be the final day that the NCES Landfill accepts municipal solid waste for disposal (the “Closure Date”).",1791445286,
0000914475-26-000045,0000914475,5.02,"On September 28, 2026, the Board of Directors (the “Board”) of Neurocrine Biosciences, Inc. (the “Company”) appointed Eiry W. Roberts, M.D., to succeed Sanjay Keswani, M.D., as the Company’s Chief Medical Officer, effective September 28, 2026 (the “Transition Date”). On September 25, 2026, Dr. Keswani and the Board mutually agreed that Dr. Keswani’s service as the Company’s Chief Medical Officer would terminate as of September 25, 2026.",1791445286,
0000917251-26-000066,0000917251,8.01,"On October 2, 2026, Agree Realty Corporation (the ""Company"") announced its weighted-average number of common shares outstanding for the three and nine months ended September 30, 2026.",1791445286,
0000920148-26-000201,0000920148,7.01,"Labcorp Holdings Inc. (the “Company”) (NYSE: LH), a global leader of innovative and comprehensive laboratory services, today hosted its 2026 Investor Day (“Investor Day”), where the company provided an in-depth review of its growth strategy, innovation roadmap, and long-term financial outlook. In connection with Investor Day, the Company issued a press release that, among other things, discussed its business strategy, reaffirmed its full-year 2026 guidance, and provided its long-term financial outlook through 2029.",1791445286,
0000920148-26-000205,0000920148,7.01,"On September 21, 2026, the Centers for Medicare & Medicaid Services (“CMS”) released preliminary Clinical Laboratory Fee Schedule payment rates applicable from 2027 through 2029 pursuant to the Protecting Access to Medicare Act (“PAMA”). Labcorp Holdings Inc. (the “Company”) believes the payment rates are based on data that is not fully representative of the broader commercial laboratory market and would impose steep annual payment cuts that threaten patient access to laboratory services.",1791445286,
0000920522-26-000025,0000920522,7.01,"On September 11, 2026 , Essex Property Trust, Inc. (the “Company”) issued a press release announcing that Angela L. Kleiman, President and CEO, will be participating in a roundtable presentation at the 2026 Bank of America Global Real Estate Conference on Wednesday, September 16, 2026 . A soft copy of the investor presentation has been posted for investors to download on the investor's section of the Company's website at www.essex.com .",1791445286,
0000920522-26-000027,0000920522,1.01,"Term Loan Agreement On September 24, 2026 , Essex Property Trust, Inc. (the “Company”), via Essex Portfolio, L.P. (the “Operating Partnership”), entered into a $275 million Unsecured Term Loan Agreement (the “Term Loan Agreement”) with Bank of America, N.A., as administrative agent, and other lenders party thereto (the “Lenders”), and the Company entered into the guarantee of such Term Loan Agreement. The term loan under the Term Loan Agreement is scheduled to mature on September 24, 2029, with two one-year extension options, exercisable at the option of the Operating Partnership.",1791445286,
0000936340-26-000159,0000936340,7.01,"DTE Energy Company (“DTE Energy”) will meet with investors on September 28-29, 2026. In its business presentation and this filing, DTE Energy discusses 2026 operating earnings guidance. It is likely that certain items that impact the company's 2026 reported results will be excluded from operating results. Reconciliations to the comparable 2026 reported earnings guidance are not provided because it is not possible to provide a reliable forecast of specific line items (i.e., future non-recurring items, certain mark-to-market adjustments and discontinued operations).",1791445286,
0000940944-26-000035,0000940944,5.07,"(a) The Annual Meeting of Shareholders of the Company (the “Annual Meeting”) was held online via the internet at www.virtualshareholdermeeting.com/DRI2026 on September 23, 2026. On September 24, 2026, Peter W. Descovich, the independent Inspector of Election for the Annual Meeting, delivered to the Company his final, certified vote results. (b) The name of each director elected at the meeting, a brief description of each other matter voted upon, and the voting results are provided below.",1791445286,
0000947871-26-000922,0001022079,5.02,"On October 6, 2026, Quest Diagnostics Incorporated (the “Company”) announced that Catherine T. Doherty will retire in July 2027. Until then, effective November 1, 2026, Ms. Doherty will transition to a new role as Executive Vice President with responsibilities including health systems, the Company’s joint venture with Corewell Health, and Project Nova, the Company’s multi-year project to modernize its “Order to Cash” business processes, which includes the related information technology infrastructure and underlying enabling technologies.",1791596902,
0000950103-26-015293,0000723254,8.01,"As previously disclosed, on March 10, 2026, Cintas Corporation, a Washington corporation (“Cintas”), entered into an Agreement and Plan of Merger (the “Merger Agreement”) with (i) UniFirst Corporation, a Massachusetts corporation (“UniFirst”), (ii) Bruin Merger Sub I, Inc., a Delaware corporation and a wholly owned subsidiary of Cintas (“Merger Sub Inc.”), and (iii) Bruin Merger Sub II, LLC, a Delaware limited liability company and a wholly owned subsidiary of Cintas (“Merger Sub LLC”).",1791511531,
0000950142-26-002493,0001037038,5.02,"O n September 3, 2026, Ralph Lauren Corporation (the “Company”) announced the appointment of Halide Alagoz, currently Chief Product & Merchandising Officer, to the role of Chief Operating & Product Officer of the Company as part of a broader expansion of roles for key enterprise leaders. Ms. Alagoz’s appointment will become effective on November 29, 2026 following the retirement of Robert (Bob) Ranftl from his position as Chief Operating Officer, of which he notified the Company on August 31, 2026.",1791445286,
0000950142-26-002493,0001037038,7.01,"On September 3, 2026, the Company issued a press release announcing Ms. Alagoz’s appointment and Mr. Ranftl’s retirement, together with the expanded roles for certain additional key enterprise leaders.",1791445286,
0000950142-26-002525,0000096021,7.01,"On September 9, 2026, Sysco Corporation (“Sysco”) issued a press release reaffirming its fiscal 2027 guidance, announcing its $500 million multi-year AI powered efficiency improvement program and raising certain mid-term financial algorithm targets. The press release also announced that Sysco will be hosting a webcast presentation as part of the Barclays 19th Annual Global Consumer Staples Conference at 12:00 p.m., Eastern Time, on September 9, 2026.",1791445286,
0000950142-26-002526,0000096021,7.01,"On September 9, 2026, Sysco Corporation (“Sysco”) is hosting a webcast presentation as part of the Barclays 19th Annual Global Consumer Staples Conference at 12:00 p.m., Eastern Time.",1791445286,
0000950142-26-002552,0001856314,5.02,"On September 15, 2026, Clear Secure, Inc. (the “Company”) entered into an agreement with Michael Barkin, the Company’s President and a member of the Company’s Board of Directors (the “Board”), pursuant to which Mr. Barkin will transition to an advisory role on October 15, 2026. In addition, effective October 15, 2026, Mr. Barkin will resign from the Board in accordance with his employment agreement. Mr. Barkin’s resignation from the Board does not involve a disagreement on any matter relating to the Company’s operations, policies or practices.",1791445286,
0000950142-26-002556,0001530721,8.01,"On September 16, 2026, Capri Holdings Limited ( the “Company”) issued a press release announcing the appointment of Catherine So as Chief Legal and Sustainability Officer of the Company, effective October 19, 2026.",1791445286,
0000950157-26-000966,0001013237,1.01,"On August 28, 2026, FactSet Research Systems Inc. (the “Company”) entered into Amendment No. 1 (the “Amendment Agreement”), among the Company, the lenders party thereto and PNC Bank, National Association, as the administrative agent, to amend the credit agreement dated as of April 8, 2025 (the “Existing Credit Agreement” and, as amended by the Amendment Agreement, the “Amended Credit Agreement”), among the Company, the borrowing subsidiaries from time to time party thereto, the lenders from time to time party thereto and PNC Bank, National Association, as the administrative agent.",1791445286,
0000950157-26-001024,0000916076,1.01,"On September 15, 2026, Martin Marietta Materials, Inc., (the “Corporation”) and its wholly - owned subsidiary, Martin Marietta Funding LLC (“MM Funding”), entered into the Eighteenth Amendment (the “Eighteenth Amendment”) to its Credit and Security Agreement with Truist Bank, successor by merger to SunTrust Bank (the “Administrative Agent”), dated as of April 19, 2013 (the Credit and Security Agreement, as amended, the “Credit and Security Agreement”). Pursuant to the Eighteenth Amendment, the scheduled maturity date of the facility was extended to September 15, 2027.",1791445286,
0000950157-26-001036,0001632127,2.03,"On September 17, 2026 and September 18, 2026, Cable One, Inc., a Delaware corporation (the “Company”), borrowed $700.0 million under the $1.25 billion revolving credit facility (the “Revolving Credit Facility”) provided for under the Company’s previously disclosed Fourth Amended and Restated Credit Agreement dated as of February 22, 2023 (as amended from time to time, the “Credit Agreement”). The Company borrowed the funds to increase cash on hand and preserve financial flexibility.",1791445286,
0000950157-26-001058,0001632127,1.01,"Extension of MBI Purchase Agreement Closing Date As previously disclosed, on January 3, 2026, Cable One, Inc. (the “Company”) entered into a Purchase Agreement (the “Purchase Agreement”) with Mega Broadband Investments Holdings LLC, a Delaware limited liability company (“MBI”), Mega Broadband Blocker, LLC, a Delaware limited liability company, GTCR Fund XII/C LP, a Delaware limited partnership, Major Merger Sub LLC, a Delaware limited liability company and wholly-owned subsidiary of the Company, and, solely in its capacity as equityholders’ representative, GTCR Fund XII/B, a Delaware…",1791445286,
0000950157-26-001058,0001632127,8.01,"Cleansing Information The Company previously entered into confidentiality agreements with certain potential investors pursuant to which the Company and such potential investors engaged in discussions concerning a potential financing transaction in connection with the MBI Purchase. The Company’s engagement with those potential investors has concluded. Accordingly, undue reliance should not be placed on any forward-looking statement made by the Company or on its behalf.",1791445286,
0001020859-26-000022,0001020859,2.02,"On September 8, 2026, United Natural Foods, Inc., a Delaware corporation (the “Company”), issued a press release to report its financial results for the fourth quarter and fiscal year ended August 1, 2026. The Company will also make available an investor presentation on the Investors section of the Company’s website.",1791445286,
0001020859-26-000022,0001020859,8.01,"On September 3, 2026, the Board of Directors of the Company authorized a share repurchase program of up to $200 million of the Company’s outstanding stock (the “2026 Repurchase Program”). Upon approval of the 2026 Repurchase Program, the Board terminated the repurchase program authorized in September 2022. Repurchases will be made in accordance with applicable securities laws from time to time in the open market, through privately negotiated transactions, or otherwise.",1791445286,
0001037976-26-000173,0001037976,5.02,"(b) On September 30, 2026, Jones Lang LaSalle Incorporated (the “Company”) announced that Mihir Shah, who currently serves as Chief Executive Officer of Jones Lang LaSalle Technologies and as a member of the Company’s Global Executive Board, will leave the Company effective April 1, 2027 (the “Separation Date”).",1791445286,
0001043219-26-000070,0001043219,5.03,"On October 1, 2026, Annaly Capital Management, Inc. (the “Company”) redeemed all 17,700,000 shares of issued and outstanding 6.750% Series I Fixed-to-Floating Rate Cumulative Redeemable Preferred Stock, par value $0.01 per share (the “Series I Preferred Stock”).",1791445286,
0001048477-26-000019,0001048477,2.02,"Estimated Financial Impact of the Alesta Acquisition In connection with its acquisition of Alesta Therapeutics B.V. (Alesta), a Dutch private limited liability company (besloten vennootschap met beperkte aansprakelijkheid), which was completed on August 31, 2026, BioMarin Pharmaceutical Inc. (BioMarin) expects its GAAP and non-GAAP financial results for the third quarter of 2026 to include pre-tax charges of approximately $283 million of acquired in-process research and development (IPR&D) expense.",1791596902,
0001049521-26-000073,0001049521,1.01,"On September 15, 2026, the independent directors on the Board of Directors of Mercury Systems, Inc. (the “Company”), upon the recommendation of the Human Capital and Compensation Committee, approved Amendment No. 2 to the Employment Agreement for William L. Ballhaus, the Company’s Chairman and Chief Executive Officer. The amendment extends the initial term of the agreement to August 15, 2030. The Employment Agreement is otherwise unchanged by the amendment.",1791445286,
0001049521-26-000073,0001049521,7.01,"On September 16, 2026, the Company issued a press release that announced the extension of Mr. Ballhaus’s employment agreement to August 15, 2030, and reaffirmed the financial guidance issued on the Company’s earnings call on August 18, 2026.",1791445286,
0001060822-26-000121,0001060822,8.01,"On September 21, 2026, Carter's, Inc. (the ""Company"") announced that its limited duration stockholder rights agreement (the ""Rights Agreement""), dated as of September 22, 2025, by and between the Company and Equiniti Trust Company, LLC, as rights agent, expired in accordance with its terms. As a result, the Rights Agreement is no longer in effect, and the associated preferred stock purchase rights have expired and are no longer exercisable.",1791445286,
0001071739-26-000186,0001071739,8.01,"On October 8, 2026, Centene Corporation (the Company) delivered a notice of redemption to redeem on October 23, 2026 (the redemption date) all of the remaining $568,664,000 aggregate principal amount of its outstanding 4.25% Notes due December 15, 2027 (the 2027 Notes) in accordance with the terms of the 2027 Notes and the Indenture dated as of December 6, 2019 between the Company and The Bank of New York Mellon Trust Company, N.A. as trustee. Following the redemption, there will be no 2027 Notes outstanding.",1791511531,
0001077428-26-000063,0001077428,5.02,"On September 16, 2026, Texas Capital Bancshares, Inc. (the “Company”) announced that the Company and David Oman mutually decided that he will depart from his role as the Company’s Chief Risk Officer, effective immediately. Mr. Oman’s separation is not related to any disputes or disagreements with the Company, or to any matter regarding the Company's financial condition, internal controls, disclosure controls and procedures, or enterprise risk management.",1791445286,
0001086222-26-000089,0001086222,5.05,"On September 22, 2026, the Audit Committee of the Board of Directors of Akamai Technologies, Inc. (the ""Company"") adopted amendments to the Company's Code of Ethics (the “Code”) applicable to all employees, directors, officers and executives and contractors, to update and clarify certain provisions of the Code. The amendments include revisions to enhance the clarity, organization and scope of the Code, including the addition of defined terms and roles and responsibilities, and the expansion of the Code to address emerging areas of focus.",1791445286,
0001090872-26-000062,0001090872,2.02,"On August 26, 2026, Agilent Technologies, Inc. (the “Company”) issued its press release announcing financial results for the third fiscal quarter ended July 31, 2026. The Company provides non-GAAP financial information in order to provide meaningful supplemental information regarding its operational performance and to enhance its investors’ overall understanding of its core current financial performance and its prospects for the future. The Company believes that its investors benefit from seeing its results “through the eyes” of management in addition to the GAAP presentation.",1791445286,
0001100682-26-000142,0001100682,7.01,"On September 24, 2026, in connection with its Investor Day, Charles River Laboratories International, Inc. (the “Company”) issued a press release that, among other things, discusses its business strategy, reaffirms its full-year 2026 guidance, and provides its long-term financial targets through 2030. The Company will host its Investor Day beginning at 9:00 a.m. Eastern time today, which will be live webcast and archived on the Company’s Investor Relations website. To access the webcast and corresponding slide presentation, visit http://ir.criver.com.",1791445286,
0001104659-26-102438,0001403568,2.02,"​ On August 27, 2026, Ulta Beauty, Inc. issued a press release regarding its consolidated financial results for the second fiscal quarter ended August 1, 2026.",1791445286,
0001104659-26-102689,0000029534,5.02,"On August 25, 2026, Rhonda M. Taylor, Executive Vice President and General Counsel, advised Dollar General Corporation (the “Company”) of her intention to retire from the Company. Ms. Taylor is expected to transition from her role as Executive Vice President and General Counsel to a senior advisory role effective December 7, 2026, and to remain in such senior advisory role through at least April 2, 2027.",1791445286,
0001104659-26-104395,0000004127,8.01,"Exchange Offers Expiration Date On September 1, 2026, Skyworks Solutions, Inc. (“Skyworks”) issued a press release (the “Press Release”) announcing the extension of the Expiration Date (as defined in the Prospectus (as defined below)) of its previously announced offers to exchange any and all of the outstanding 4.375% Senior Notes due 2029 (the “2029 Qorvo Notes”) issued by Qorvo, Inc. (“Qorvo”) and any and all of the outstanding 3.375% Senior Notes due 2031 (together with the 2029 Qorvo Notes, the “Qorvo Notes”) issued by Qorvo (such offers to exchange, the “Exchange Offers”).",1791445286,
0001104659-26-104725,0000077360,2.03,"As previously announced, on July 27, 2026, Pentair plc (“Pentair”) entered into a definitive agreement (the “Purchase Agreement”) to acquire the issued and outstanding equity securities of Taco Group Holdings (“Taco”), for a purchase price of $1.425 billion, subject to customary adjustments contemplated by the Purchase Agreement (the “Taco Acquisition”). On September 1, 2026, in contemplation of the Taco Acquisition, Pentair and its subsidiaries Pentair Finance S.à r.l.",1791445286,
0001104659-26-105054,0001324404,5.02,"On August 31, 2026, Vice President and Corporate Controller and Chief Accounting Officer, Richard A. Hoker, informed CF Industries Holdings, Inc. (the “Company”) that he intends to retire from employment with the Company effective as of March 3, 2027.",1791445286,
0001104659-26-105485,0000820313,8.01,"On August 6, 2026, Amphenol Corporation (the “Company”) announced that its Board of Directors approved the third quarter 2026 dividend on its Class A Common Stock (the “Common Stock”) in the amount of $0.25 per share. The dividend will be paid on October 14, 2026 to shareholders of record as of September 22, 2026. On August 6, 2026, the Company also announced the approval of a two-for-one stock split of the Common Stock in the form of a stock dividend to be distributed on September 2, 2026, to holders of record of the Common Stock at the close of business on August 17, 2026.",1791445286,
0001104659-26-105498,0000865752,5.02,"On September 3, 2026, the Board of Directors (the “Board”) of Monster Beverage Corporation (the “Company”) elected Matthew S. Burroughs as Chief Accounting Officer and Deputy Chief Financial Officer of the Company. Mr. Burroughs, age 57, joined the Company in October 2006.",1791445286,
0001104659-26-106304,0001368622,7.01,A copy of the presentation is also available on the investor relations section of the Company’s website at https://investor.avinc.com/events-and-presentations.,1791445286,
0001104659-26-106344,0000895728,7.01,"On September 9, 2026, Enbridge Inc. (“Enbridge”) issued a news release announcing that, through a wholly-owned subsidiary, it has entered into a definitive agreement to acquire Tallgrass Energy’s crude oil transportation, gathering, storage and terminaling assets.",1791445286,
0001104659-26-106356,0001130310,2.03,"On September 9, 2026, CenterPoint Energy, Inc. (the “Company”) and its wholly owned subsidiaries, CenterPoint Energy Houston Electric, LLC (“Houston Electric”), CenterPoint Energy Resources Corp. (“CERC”) and Southern Indiana Gas and Electric Company (“SIGECO”), replaced their existing revolving credit facilities with four revolving credit facilities totaling $4.6 billion in aggregate commitments. There were no termination penalties incurred by any of the Company, Houston Electric, CERC or SIGECO in connection with the termination of the previous facilities.",1791445286,
0001104659-26-106356,0001130310,8.01,"In connection with the decrease in the aggregate commitments under the Company’s credit facility, we expect the size of the Company’s commercial paper program to decrease to permit the issuance of commercial paper notes in an aggregate principal amount not to exceed $2.2 billion at any time outstanding (a decrease of $200 million).",1791445286,
0001104659-26-106419,0001070423,8.01,"Junior Subordinated Notes Offering and Preferred Unit Redemptions On September 9, 2026, PAA announced that it has priced an underwritten public offering (the “Junior Subordinated Notes Offering”) of $700 million aggregate principal amount of 6.75% Series A Junior Subordinated Notes due 2056 and $800 million aggregate principal amount of 7.00% Series B Junior Subordinated Notes due 2056.",1791445286,
0001104659-26-106743,0001528849,2.02,"On September 10, 2026, RH released its financial results for the second quarter ended August 1, 2026 in a letter to shareholders that is available on the investor relations section of its website. RH is also disclosing that it may use the rh.com, restorationhardware.com, and ir.rh.com websites as means of disclosing material non-public information and for complying with its disclosure obligations under Regulation FD.",1791445286,
0001104659-26-106941,0000056873,2.02,"On September 11, 2026, The Kroger Co. (NYSE:KR) issued a press release announcing its second quarter 2026 results.",1791445286,
0001104659-26-107512,0001070423,1.01,"On September 14, 2026, Plains All American Pipeline, L.P. (“PAA” or the “Issuer”) completed the public offering (the “Offering”) of $700,000,000 aggregate principal amount of 6.750% Series A Junior Subordinated Notes due 2056 (the “Series A Notes”) and $800,000,000 aggregate principal amount of 7.000% Series B Junior Subordinated Notes due 2056 (the “Series B Notes,” and, together with the Series A Notes, the “Notes”).",1791445286,
0001104659-26-107512,0001070423,8.01,"On September 9, 2026, the Issuer entered into an underwriting agreement (the “Underwriting Agreement”) with J.P. Morgan Securities LLC, Citigroup Global Markets Inc., Mizuho Securities USA LLC, MUFG Securities Americas Inc. and Truist Securities, Inc., as representatives of the several underwriters named therein (collectively, the “Underwriters”), relating to the Offering.",1791445286,
0001104659-26-107721,0001727196,7.01,"On September 14, 2026, Scholar Rock Holding Corporation (the “Company”) hosted a live audio webcast (the “Investor Call”) announcing that the U.S. Food and Drug Administration (“FDA”) has approved ISEMBYLD™ (apitegromab-mstn) for the treatment of spinal muscular atrophy in adults and children 2 years of age and older who are currently receiving a survival motor neuron 2 (SMN2)-targeted treatment.",1791445286,
0001104659-26-107974,0001720635,8.01,"Neither this Report nor the information filed as Exhibit 99.1 hereto constitutes an offer to sell or a solicitation of an offer to buy securities, nor shall it constitute an offer, solicitation or sale in any jurisdiction in which such an offer, solicitation or sale would be unlawful.",1791445286,
0001104659-26-108245,0002074176,5.02,"On September 15, 2026, the Board of Directors (the “Board”) of Viper Energy, Inc. (the “Company”) increased the size of the Board by one director and appointed John Grotzinger to serve as a director (the “Appointment”). Dr. Grotzinger will hold office until the 2027 annual meeting of the Company’s stockholders and his successor has been elected and qualified, or until his earlier death, resignation, retirement, disqualification or removal. Following the Appointment, the full Board consists of nine directors. Dr. Grotzinger has not been appointed to any committee of the Board.",1791445286,
0001104659-26-108285,0000096021,8.01,"On September 14 , 2026, with respect to the offering and sale of 12,345,679 shares of its common stock, par value $1.00 per share (“Common Stock”), at a public offering price of $ 81.00 per share (the “Offering”), Sysco Corporation (“Sysco”) entered into an Underwriting Agreement (the “Underwriting Agreement”) with Goldman Sachs & Co. LLC, TD Securities (USA) LLC, BofA Securities, Inc., J.P. Morgan Securities LLC and Wells Fargo Securities, LLC, as representatives of the several underwriters named on Schedule I thereto (the “Underwriters”).",1791445286,
0001104659-26-108378,0001670592,7.01,"On September 17, 2026, YETI Holdings, Inc. (the “Company”) issued a press release in connection with its previously announced Investor Day. A link to the live webcast of Investor Day will be available today, the day of the event, on the Company’s website at investors.YETI.com. The webcast and presentation materials will be available on investors.YETI.com after the event.",1791445286,
0001104659-26-108777,0001022671,7.01,"On September 17, 2026, Steel Dynamics, Inc. issued a press release titled “Steel Dynamics Provides Third Quarter 2026 Earnings Guidance.”",1791445286,
0001104659-26-108859,0001002910,8.01,"On September 18, 2026, Ameren Corporation (“Ameren”) sold $900 million principal amount of its Junior Subordinated Notes due 2057 (the “Notes”). The Notes were offered pursuant to a Registration Statement on Form S-3 (File No. 333-297949), which became effective on August 4, 2026, and a Prospectus Supplement dated September 8, 2026, to a Prospectus dated August 4, 2026. Ameren received net offering proceeds of $891.0 million, before expenses, upon closing of the transaction.",1791445286,
0001104659-26-108945,0000028917,3.01,"On September 17, 2026, Dillard’s, Inc. (the “Company”), acting pursuant to authorization from its Board of Directors (the “Board”), notified the New York Stock Exchange (“NYSE”) of its intention to voluntarily withdraw the primary listings of the Company’s Class A common stock, par value $0.01 per share (the “Common Stock”), and the 7.50% Capital Securities of Dillard’s Capital Trust I (and the Guarantee of the Company with respect thereto) (together, the “Trust Securities”) from the NYSE and transfer the primary listings to the Texas Stock Exchange LLC (the “TXSE”).",1791445286,
0001104659-26-109755,0000884887,8.01,"On September 23, 2026, Royal Caribbean Cruises Ltd. (the “Company”) announced that it entered into definitive agreements to acquire a 50% equity interest in the business comprising the Sandals and Beaches Resorts for a base purchase price of approximately $3.0 billion in cash. The Company has secured committed debt financing from Morgan Stanley to fund the investment. The transaction is expected to close in early 2027, subject to customary approvals and closing conditions.",1791445286,
0001104659-26-109812,0001067294,2.02,"On September 23, 2026, Cracker Barrel Old Country Store, Inc. (the “Company”) issued a press release (the “Press Release”) announcing the Company’s fiscal 2026 fourth quarter results of operations and projected outlook of certain items for fiscal year 2027.",1791445286,
0001104659-26-110218,0001800227,7.01,"On September 23, 2026, People Incorporated (the “Company”), issued a press release announcing that it has withdrawn its previously announced proposal to acquire all of the outstanding shares of common stock of MGM Resorts International not already owned by the Company.",1791445286,
0001104659-26-110464,0000096021,8.01,"USD Senior Notes On September 22, 2026, with respect to the offering and sale by Sysco Corporation and Sysco Holdings Corporation (each, an “Issuer” and together, the “Issuers”) of (i) $1,750 million aggregate principal amount of 5.450% Senior Notes due 2029 (the “2029 Notes”), (ii) $2,000 million aggregate principal amount of 5.600% Senior Notes due 2031 (the “2031 Notes”), (iii) $1,500 million aggregate principal amount of 5.800% Senior Notes due 2033 (the “2033 Notes”), (iv) $2,000 million aggregate principal amount of 5.950% Senior Notes due 2036 (the “2036 Notes”), (v) $1,000 million…",1791445286,
0001104659-26-110965,0000865752,5.02,"On September 21, 2026, Rob Gehring, currently the Chief Executive Officer, Americas (“CEO Americas”) of Monster Energy Company (“MEC”), provided notice to the Board of Directors (the “Board”) and management of Monster Beverage Corporation (the “Company”) of his intention to resign as CEO Americas, effective as of November 30, 2026 (the “Effective Date”), to return to The Coca-Cola Company (“TCCC”). Mr. Gehring will join TCCC as president of its North America operating unit. Mr. Gehring will remain in his role at the Company through the Effective Date.",1791445286,
0001104659-26-111380,0001867072,8.01,"On September 24, 2026, Kyndryl Holdings, Inc. (the “Company”) entered into an Underwriting Agreement (the “Underwriting Agreement”) by and among the Company and J.P.",1791445286,
0001104659-26-111420,0001002910,8.01,"On September 28, 2026, Union Electric Company, doing business as Ameren Missouri (“Ameren Missouri”), filed its non-binding integrated resource plan (“2026 IRP”) with the Missouri Public Service Commission (“MoPSC”). The 2026 IRP includes Ameren Missouri’s preferred plan for reliably meeting customers’ projected long-term energy needs in a least cost manner. The 2026 IRP reflects forecasted energy demand growth assumptions for the preferred plan and high load growth scenarios ranging from approximately 2.9 to 3.9 gigawatts (“GW”) by 2030, 5 to 6 GW by 2035, and 6 to 9 GW by 2045.",1791445286,
0001104659-26-111777,0001327068,7.01,"On September 29, 2026, United States Oil Fund, LP (the “Registrant”) issued its monthly account statement for the month ended August 31, 2026, which is presented in the form of a Statement of Income (Loss) and a Statement of Changes in Net Asset Value, as required pursuant to Rule 4.22 under the Commodity Exchange Act.",1791445286,
0001104659-26-111778,0001376227,7.01,"On September 29, 2026, United States Natural Gas Fund, LP (the “Registrant”) issued its monthly account statement for the month ended August 31, 2026, which is presented in the form of a Statement of Income (Loss) and a Statement of Changes in Net Asset Value, as required pursuant to Rule 4.22 under the Commodity Exchange Act.",1791445286,
0001104659-26-111917,0001144215,5.02,"Effective September 24, 2026, the Board of Directors (the “Board”) of Acuity Inc. (the “Company”) increased the size of the Board from nine to ten members and elected Nick Tzitzon to the Board. Mr. Tzitzon, whose term will expire at the next annual meeting of stockholders, was also appointed to the Audit and Governance Committees. Mr. Tzitzon, age 46, has served as Vice Chairman of ServiceNow, Inc. (“ServiceNow”), a digital workflow company, since January 2020, and leads the ServiceNow AI Institute.",1791445286,
0001104659-26-111950,0001070423,5.02,"On September 29, 2026, Plains All American Pipeline, L.P. (“PAA” or the “Registrant”) and Plains GP Holdings, L.P. (“PAGP”) announced the appointment, effective October 2, 2026, of Dean Liollio as Executive Vice President and Chief Operating Officer (“EVP and COO”) of Plains All American GP LLC, the general partner of PAA, and PAA GP Holdings LLC, the general partner of PAGP. Chris Chandler, who previously served as EVP and COO of PAA and PAGP, provided notice on September 25, 2026 that he will resign from the company effective October 2, 2026.",1791445286,
0001104659-26-111950,0001070423,7.01,"On September 29, 2026, Plains issued a press release announcing these events.",1791445286,
0001104659-26-111956,0001581990,5.02,"On September 29, 2026, Plains All American Pipeline, L.P. (“PAA”) and Plains GP Holdings, L.P. (“PAGP” or the “Registrant”) announced the appointment, effective October 2, 2026, of Dean Liollio as Executive Vice President and Chief Operating Officer (“EVP and COO”) of Plains All American GP LLC, the general partner of PAA, and PAA GP Holdings LLC, the general partner of PAGP. Chris Chandler, who previously served as EVP and COO of PAA and PAGP, provided notice on September 25, 2026 that he will resign from the company effective October 2, 2026.",1791445286,
0001104659-26-111956,0001581990,7.01,"On September 29, 2026, Plains issued a press release announcing these events.",1791445286,
0001104659-26-112116,0001513761,7.01,"As adjusted for the transactions separately announced today by NCL Corporation Ltd., a subsidiary of the Company, the Company expects its 2027 full-year net interest expense to be in the range of $860-$880 million. Many, but not all, of these statements can be found by looking for words like “expect,” “anticipate,” “goal,” “project,” “plan,” “believe,” “seek,” “will,” “may,” “forecast,” “estimate,” “intend,” “future” and similar words. The above examples are not exhaustive and new risks emerge from time to time.",1791445286,
0001104659-26-112420,0001819576,8.01,"On September 30, 2026, Liquidia Corporation, a Delaware corporation (the “Company”), issued a press release regarding the litigation filed by United Therapeutics Corporation in the U.S. District Court for the District of Delaware under the Hatch-Waxman Act concerning U.S. Patent No. 11,826,327 and the Company’s lead product, YUTREPIA ® (treprostinil) inhalation powder.",1791445286,
0001104659-26-112565,0001130310,2.01,"On October 1, 2026 (the “Closing Date”), CenterPoint Energy Resources Corp., a Delaware corporation (“Seller”) and a wholly owned, indirect subsidiary of CenterPoint Energy, Inc. (the “Company”), completed the previously announced sale of all of the issued and outstanding equity interests in Vectren Energy Delivery of Ohio, LLC, an Ohio limited liability company (“VEDO”), pursuant to the Securities Purchase Agreement, dated as of October 20, 2025 (the “Purchase Agreement”), by and between Seller and National Fuel Gas Company, a New Jersey corporation (“Buyer”), for $2.62 billion (the…",1791445286,
0001104659-26-112565,0001130310,7.01,"On October 1, 2026, the Company issued a press release announcing the completion of the Transaction.",1791445286,
0001104659-26-112836,0001981792,5.07,"At the 2026 Annual Meeting of Stockholders of Howard Hughes Holdings Inc., a Delaware corporation (the “Company”), held on September 30, 2026, the stockholders elected the Company’s Board of Directors (the “Board”) and voted upon two Board proposals contained within the Company’s Proxy Statement, dated August 19, 2026.",1791445286,
0001104659-26-112847,0001806837,5.02,"On September 30, 2026, the Board of Directors (the “Board”) of Vertex, Inc. (the “Company”), upon the recommendation of the Nominating and Governance Committee, elected Mr. Debanjan Saha to serve as a director of the Company, effective October 7, 2026. Mr. Saha was elected as a Class II director, with a term expiring at the Company’s 2028 Annual Meeting of Stockholders and until his successor is duly elected and qualified, or until his earlier death, resignation or removal.",1791445286,
0001104659-26-114035,0000820313,5.02,"On October 1, 2026, Amphenol Corporation (the “Company”) notified its management team that after 43 years with the Company, Luc Walter, President of the Harsh Environment Solutions Division of the Company, would transition, effective January 1, 2027, into a new role as Senior Vice President, Strategic Programs. Ryan Fisher, who currently serves as the Group General Manager of the Company’s North American Military Group, will succeed Mr. Walter as President of the Harsh Environment Solutions Division beginning January 1, 2027.",1791596902,
0001104659-26-114051,0001821769,7.01,"On October 6, 2026, Navitas Semiconductor Corporation (the “Company”) issued a press release announcing the closing of the transactions contemplated by the Merger Agreement (as defined below). Also on October 6, 2026, the Company published a CEO letter providing an update to investors with respect to the Company’s Navitas 2.0 transformation.",1791445286,
0001104659-26-114051,0001821769,8.01,"On October 6, 2026 (the “Closing Date”), the Company and Claros, Inc., a Delaware corporation (“Claros”), closed the transactions contemplated by the previously announced Agreement and Plan of Merger (the “Merger Agreement”), by and among the Company, Claros Compass Merger Sub 1 Inc., a Delaware corporation and a wholly-owned subsidiary of the Company (“Merger Sub 1”), Compass Merger Sub 2 LLC, a Delaware limited liability company and a wholly-owned subsidiary of the Company (“Merger Sub 2”), and Shareholder Representative Services LLC, a Colorado limited liability company, solely in its…",1791445286,
0001104659-26-114079,0000096021,1.01,"Notes Offerings On October 6, 2026, Sysco Corporation and Sysco Holdings Corporation (each, an “Issuer” and together, the “Issuers”) issued and sold (i) $10.75 billion aggregate principal amount of USD Senior Notes (as defined below), (ii) $3.9 billion aggregate principal amount of USD Junior Subordinated Notes (as defined below) and (iii) €1.0 billion aggregate principal amount of Euro Junior Subordinated Notes (as defined below).",1791511531,
0001104659-26-114220,0000067347,,,1791511531,no quotable item text in the filing
0001104659-26-114359,0000004127,1.01,"Exchange Offers and Consent Solicitations On October 7, 2026 (the “Settlement Date”), Skyworks Solutions, Inc. (the “Company”) completed its previously announced offers to holders (1) to exchange (the “Exchange Offers”) (i) any and all outstanding 4.375% Senior Notes due 2029 (the “2029 Qorvo Notes”) issued by Qorvo, Inc. (“Qorvo”) for up to $850,000,000 aggregate principal amount of new 4.375% Senior Notes due 2029 (the “New 2029 Skyworks Notes”) issued by the Company and (ii) any and all outstanding 3.375% Senior Notes due 2031 (the “2031 Qorvo Notes” and, together with the 2029 Qorvo…",1791511531,
0001104659-26-114364,0000033213,1.01,"On October 7, 2026, EQT Corporation (the “Company”) established a commercial paper program (the “Program”) pursuant to which the Company may issue short-term, unsecured commercial paper notes (the “Notes”) pursuant to the exemption from registration requirements of the Securities Act of 1933, as amended (the “Securities Act”) contained in Section 4(a)(2) thereof.",1791511531,
0001104659-26-114388,0001567683,1.01,"On October 1, 2026, Honeycomb 2 Purchaser LLC (“ Purchaser ”), a subsidiary of Clearway Energy, Inc. (the “ Company ”), entered into a Membership Interest Purchase Agreement (the “ Purchase Agreement ”) with Honeycomb 2 CE Seller LLC (“ Seller ”), an affiliate of Clearway Energy Group LLC (“ CEG ”).",1791511531,
0001104659-26-114718,0001422183,7.01,"Earnings Timing On October 8, 2026, FS KKR Capital Corp. (the “Company”) announced via press release that it will host a conference call at 9:00 a.m. (Eastern Time) on Thursday, November 5, 2026, to discuss its third quarter 2026 results. The Company will make available under the “Events & Presentations” page within the “For Investors” section of the Company’s website ( www.fskkrcapitalcorp.com ) a presentation containing financial and operating information in advance of its November 5, 2026 conference call.",1791596902,
0001104659-26-114863,0001157408,1.01,"On October 8, 2026, Stride, Inc. (the “ Company ”) entered into a Cooperation Agreement (the “ Cooperation Agreement ”) with Fivespan Partners, LP (“ Fivespan ”), Fivespan Partners Fund, Ltd, Fivespan Partners GP, LLC and Dylan Haggart (collectively with Fivespan, Fivespan Partners Fund, Ltd and Fivespan Partners GP, LLC, the “ Investor Group ”) regarding, among other things, the appointment of Mr. Dylan G. Haggart and Dr. Steven Guttentag (each a “ New Director” and collectively, the “ New Directors ”) as directors (with Dr. Guttentag first serving as a non-voting observer (the “ Board…",1791596902,
0001104659-26-114863,0001157408,5.02,"On October 8, 2026, the Board (i) appointed Mr. Haggart, with effect as from the Appointment Date and Time, to serve as a director on the Board with an initial term expiring at the 2026 Annual Meeting, to fill a vacancy created by Ms. Allison Lawrence’s resignation (discussed below), and (ii) nominated Mr. Haggart for election to the Board at the 2026 Annual Meeting for a term expiring at the 2027 Annual Meeting and until his successor is elected and qualified or until his earlier resignation, death or removal.",1791596902,
0001104659-26-114863,0001157408,7.01,"On October 9, 2026, the Company issued a press release announcing the entry into the Cooperation Agreement, the appointment of Mr. Haggart to the Board effective as of the Appointment Date and Time, the appointment of Dr. Guttentag as the Board Observer and his expected appointment to the Board following the 2026 Annual Meeting, and the formation of the Capital Allocation Committee.",1791596902,
0001108426-26-000058,0001108426,7.01,"On August 31, 2026, TXNM Energy, Inc. (“TXNM” or the “Company”) issued a press release announcing the commencement of the Offering (as defined below). On August 31, 2026, the Company issued a press release announcing that it had priced the Offering.",1791445286,
0001108426-26-000058,0001108426,8.01,"On August 31, 2026, TXNM entered into an Underwriting Agreement (the “Underwriting Agreement”) with Wells Fargo Securities, LLC (the “Underwriter”), pursuant to which the Company agreed to issue and sell to the Underwriter 7,079,646 shares of its common stock, no par value, in connection with an underwritten public offering (the “Offering”) at a purchase price of $55.935 per share. The Offering closed on September 2, 2026.",1791445286,
0001140361-26-033932,0001611983,1.02,"On the Closing Date, in connection with the consummation of the Merger, (i) that certain Services Agreement, by and between Liberty Media Corporation, a Nevada corporation (“ Liberty Media ”) and Liberty Broadband, dated November 4, 2014 (as amended), was terminated, and (ii) that certain Aircraft Time Sharing Agreement, dated as of May 22, 2020, by and between Liberty Media and Liberty Broadband, was terminated.",1791445286,
0001140361-26-033932,0001611983,2.01,"At 11:56 p.m., New York City time on the Closing Date (the “ Effective Time ”), pursuant to the Merger Agreement: • each share of (i) Liberty Broadband Series A Common Stock, par value $0.01 per share (“ LBRDA ”), Liberty Broadband Series B Common Stock, par value $0.01 per share (“ LBRDB ”), and Liberty Broadband Series C Common Stock, par value $0.01 per share (“ LBRDK ”, and together with LBRDA and LBRDB, the “ Liberty Broadband Common Stock ”), issued and outstanding immediately prior to the Effective Time (other than shares owned by Liberty Broadband, Charter or any of their respective…",1791445286,
0001140361-26-033932,0001611983,3.01,"On the Closing Date, Liberty Broadband notified Nasdaq of the completion of the Merger and requested that the shares of LBRDA, LBRDK and LBRDP be delisted from Nasdaq effective following the Effective Time. Liberty Broadband also requested that Nasdaq file a notification of removal from listing and/or registration of the shares of LBRDA, LBRDK and LBRDP on Form 25 under Section 12(b) of the Securities and Exchange Act of 1934, as amended (the “ Exchange Act ”), with the SEC. Further, shares of LBRDB will no longer be quoted on the OTCQB Venture Market.",1791445286,
0001140361-26-033932,0001611983,5.01,"As a result of the completion of the Merger, a change in control of Liberty Broadband occurred, and Liberty Broadband became an indirect wholly owned subsidiary of Charter.",1791445286,
0001140361-26-033932,0001611983,5.02,"In connection with the consummation of the Merger and in accordance with the terms of the Merger Agreement, (i) the directors of Liberty Broadband resigned immediately prior to the Effective Time, (ii) Jessica Fischer, Jamal Haughton, and Jeff Murphy were appointed as directors of the surviving corporation at the Effective Time and (iii) the officers of Merger Sub immediately prior to the Effective Time became the officers of the surviving corporation at the Effective Time.",1791445286,
0001140361-26-033932,0001611983,5.03,"Pursuant to the Merger Agreement, at the Effective Time, the Amended and Restated Bylaws of Liberty Broadband, as amended, as in effect immediately prior to the Effective Time, was amended and restated in its entirety to read as the Bylaws of Merger Sub read immediately prior to the Effective Time, a copy of which is filed herewith as Exhibit 3.1.",1791445286,
0001140361-26-034714,0000874761,8.01,"As previously announced, on March 1, 2026, The AES Corporation (the “ Company ”) entered into an Agreement and Plan of Merger (as it may be amended from time to time, the “ Merger Agreement ”), by and among the Company, Horizon Parent, L.P., a Delaware limited partnership (“ Parent ”), and Horizon Merger Sub, Inc., a Delaware corporation and wholly owned subsidiary of Parent (“ Merger Sub ”).",1791445286,
0001140361-26-034854,0001635088,8.01,"On August 28, 2026, Roivant Sciences Ltd. (the “Company”) posted a presentation regarding the approval by the U.S. Food and Drug Administration of LISRAYA™ (brepocitinib) for the treatment of adults with dermatomyositis on the “Events & Presentations” page of its investor relations website at investor.roivant.com. The contents of the Company’s website referenced in this Current Report on Form 8-K are not incorporated into this Current Report on Form 8-K. The wholesale acquisition cost of LISRAYA is $35,000 for a 30-count bottle of 30 mg tablets.",1791445286,
0001140361-26-035406,0001639300,2.02,"On September 2, 2026, Ollie’s Bargain Outlet Holdings, Inc. (the “Company”) issued a press release announcing its financial results for the quarter ended August 1, 2026.",1791445286,
0001140361-26-035859,0001635088,,,1791445286,no quotable item text in the filing
0001140361-26-035990,0001428439,8.01,"As previously announced, on June 14, 2026, Roku, Inc., a Delaware corporation (the “Company” or “Roku”), entered into an Agreement and Plan of Merger (the “Merger Agreement”) with Fox Corporation, a Delaware corporation (“FOX” or “Parent”), Falcon Merger Sub 1, Inc., a Delaware corporation and wholly owned subsidiary of FOX (“Merger Sub 1”), and Falcon Merger Sub 2, LLC, a Delaware limited liability company and wholly owned subsidiary of FOX (“Merger Sub 2”), pursuant to which, subject to the terms and conditions of the Merger Agreement, (i) Merger Sub 1 will merge with and into Roku (the…",1791445286,
0001140361-26-037109,0001792789,8.01,"On September 17, 2026, DoorDash, Inc. (the “ Company ”) filed (i) a certificate of conversion with the Secretary of State of the State of Delaware and (ii) articles of conversion with the Secretary of State of the State of Nevada, pursuant to which the reincorporation of the Company from the State of Delaware to the State of Nevada (the “ Nevada Reincorporation ”) became effective on September 18, 2026, at 12:02 a.m. Pacific Time (the “ Effective Time ”).",1791445286,
0001140361-26-038468,0001692819,1.01,"On September 30, 2026, Vistra Operations Company LLC (“Borrower”), an indirect, wholly owned subsidiary of Vistra Corp. (the “Company”), entered into an amendment (the “Credit Agreement Amendment”) to that certain credit agreement (as amended, including by the Credit Agreement Amendment, the “Commodity-Linked Credit Agreement”), dated as of February 4, 2022, by and among Borrower, the lenders party thereto and Citibank, N.A., as administrative agent.",1791445286,
0001144215-26-000047,0001144215,2.02,"On October 1, 2026, Acuity Inc. (“we,” “our,” “us,” “the Company,” or similar references) issued a press release containing information about our results of operations for our fiscal quarter and year ended August 31, 2026.",1791445286,
0001144879-26-000057,0001144879,2.02,"On October 7, 2026 , Applied Digital Corporation (the “Company”) issued a press release announcing its financial results for the first fiscal quarter ended August 31, 2026.",1791511531,
0001170010-26-000102,0001170010,2.02,"CarMax, Inc. (the “Company”) issued a press release on September 29, 2026, announcing its second quarter results.",1791445286,
0001171843-26-006074,0000108312,8.01,"On September 15, 2026, the Board of Directors of Woodward, Inc. approved a cash dividend of $0.32 per share for the quarter, payable on December 3, 2026, for stockholders of record as of November 19, 2026.",1791445286,
0001171843-26-006315,0001937926,,,1791445286,no quotable item text in the filing
0001174922-26-000057,0001174922,7.01,"On August 31, 2026, Wynn Macau, Limited (""WML""), an indirect subsidiary of Wynn Resorts, Limited (the ""Registrant"") with its ordinary shares of common stock listed on The Stock Exchange of Hong Kong Limited (the ""HKSE""), filed with the HKSE its interim report in respect of the six months ended June 30, 2026 (the ""Interim Report""). The Registrant owns approximately 72% of WML's ordinary shares of common stock.",1791445286,
0001174922-26-000062,0001174922,8.01,"On September 10, 2026, Wynn Resorts, Limited (“Wynn Resorts”) announced that Wynn Resorts Finance, LLC (“Wynn Resorts Finance”) and its subsidiary, Wynn Resorts Capital Corp., each an indirect wholly-owned subsidiary of Wynn Resorts, plan to offer $900 million aggregate principal amount of Senior Notes due 2035 (the “Notes”).",1791445286,
0001174922-26-000066,0001174922,8.01,"On September 10, 2026, Wynn Resorts, Limited (“Wynn Resorts”) announced the pricing by Wynn Resorts Finance, LLC (“Wynn Resorts Finance”) and its subsidiary, Wynn Resorts Capital Corp., each an indirect wholly-owned subsidiary of Wynn Resorts, of $900 million aggregate principal amount of 6.875% Senior Notes due 2035 (the “Notes”).",1791445286,
0001174922-26-000069,0001174922,1.01,"Indenture for 6.875% Senior Notes due 2035 On September 22, 2026, Wynn Resorts, Limited (the “Company”) announced that Wynn Resorts Finance, LLC (“WRF”) and its subsidiary, Wynn Resorts Capital Corp. (“Wynn Resorts Capital” and, together with WRF, the “Issuers”), each an indirect wholly-owned subsidiary of the Company, issued $900 million aggregate principal amount of 6.875% Senior Notes due 2035 (the “Notes”).",1791445286,
0001177609-26-000023,0001177609,2.02,"On September 2, 2026 , Five Below, Inc. (the “Company”) issued a press release regarding its sales and earnings results for the second quarter and the year-to-date period ended August 1, 2026 (the “Press Release”). As previously announced, the Company has scheduled a conference call for 4:30 p.m. Eastern Time on September 2, 2026 to discuss the financial results.",1791445286,
0001177609-26-000023,0001177609,8.01,"On August 29, 2026, the Board of Directors approved a new share repurchase program authorizing the repurchase of up to $600 million of the Company’s common stock, par value $0.01 (the “Common Stock”). The new repurchase program replaces and supersedes the remaining capacity under the prior share repurchase program authorized on November 27, 2023. The share repurchase program does not obligate the Company to acquire any particular amount of stock.",1791445286,
0001177609-26-000050,0001177609,5.02,"Election of a New Director On September 21, 2026, the Board of Directors (the “ Board ”) of Five Below, Inc. (the “ Company ”) increased the size of the Board from nine to ten directors and elected Scott Settersten to fill the resulting vacancy and serve as a member of the Audit Committee of the Board, each upon the recommendation of the Board’s Nominating and Corporate Governance Committee, effective immediately. Mr. Settersten will serve until the 2027 annual meeting of shareholders and is expected to be nominated for reelection to the Board at the 2027 annual meeting of shareholders.",1791445286,
0001177609-26-000050,0001177609,7.01,"On September 23, 2026, the Company issued a press release announcing the appointment of Scott Settersten to the Board.",1791445286,
0001193125-26-357758,0000801337,2.01,"The HoldCo Transactions were consummated on the Closing Date, and, as a result, Banco Santander acquired all outstanding shares of Webster common stock, par value $0.01 per share (the “Webster Common Stock”). Pursuant to the terms and conditions of the Transaction Agreement, each share of Webster Common Stock issued and outstanding immediately prior to the effective time of the Reincorporation Merger was exchanged for the right to receive from Banco Santander 2.0548 Banco Santander American Depositary Shares and $48.75 in cash, without interest.",1791445286,
0001193125-26-357758,0000801337,3.01,"On August 19, 2026, in connection with the closing of the HoldCo Transactions and the IHC Merger, Webster notified the New York Stock Exchange (“NYSE”) that the certificate of merger for the Reincorporation Merger had been filed with the Department of State of the State of Delaware, and the two articles of merger, for the Reincorporation Merger and the IHC Merger, and articles of share exchange had been filed with the Virginia State Corporation Commission, and that the Reincorporation Merger, the Share Exchange and the IHC Merger would become effective on August 20, 2026 at 12:01 a.m., 12:02…",1791445286,
0001193125-26-357758,0000801337,3.03,"As of the effective time of the Reincorporation Merger, each holder of Webster Common Stock and Webster Preferred Stock ceased to have any rights with respect thereto, except the right to receive the applicable consideration described above and subject to the terms and conditions set forth in the Transaction Agreement.",1791445286,
0001193125-26-357758,0000801337,5.01,"As a result of the consummation of the HoldCo Transactions, at the effective time of the Share Exchange, a change of control of Webster occurred, and Webster Virginia, as successor to Webster in the Reincorporation Merger, became a wholly-owned subsidiary of Banco Santander. Immediately following the Webster Virginia Contribution, Webster Virginia merged with and into SHUSA in the IHC Merger, with SHUSA continuing as the surviving corporation.",1791445286,
0001193125-26-357758,0000801337,5.02,"As of the effective time of the Reincorporation Merger, all of Webster’s directors and executive officers ceased to serve in such capacities. The departures of Webster’s directors were in connection with the consummation of the Reincorporation Merger and were not a result of any disagreement between Webster and the directors on any matter relating to Webster’s operations, policies or practices.",1791445286,
0001193125-26-357758,0000801337,5.03,"As of the effective time of the Reincorporation Merger, the Fourth Amended and Restated Certificate of Incorporation and Amended and Restated Bylaws of Webster ceased to be in effect by operation of law. In accordance with the terms of the Transaction Agreement, the Articles of Incorporation and Bylaws of Webster Virginia were amended and restated in their entirety and became the articles of incorporation and bylaws, respectively, of Webster Virginia as of the effective time of the Reincorporation Merger.",1791445286,
0001193125-26-361156,0000058492,5.07,"As previously disclosed, Leggett & Platt, Incorporated, a Missouri corporation (the “ Company ”) entered into an Agreement and Plan of Merger, dated April 13, 2026 (the “ Merger Agreement ”), by and among Somnigroup International Inc., a Delaware corporation (“ Parent ”), and Sparrow Unity Corporation, a Missouri corporation and a direct, wholly owned subsidiary of Parent (“ Merger Sub ”).",1791445286,
0001193125-26-361156,0000058492,7.01,"On August 20, 2026, the Company issued a press release announcing shareholder approval of the Merger Agreement and the transactions contemplated by the Merger Agreement.",1791445286,
0001193125-26-365046,0000058492,7.01,"As previously announced, on April 13, 2026, Somnigroup International Inc. (“ Parent ”) entered into an Agreement and Plan of Merger (the “ Merger Agreement ”) with Leggett & Platt, Incorporated (the “ Company ”) and Sparrow Unity Corporation, a direct, wholly owned subsidiary of Parent (“ Merger Sub ”), pursuant to which, subject to the terms and conditions of the Merger Agreement, Merger Sub will merge with and into the Company (the “ Merger ”), with the Company surviving the Merger as a direct, wholly owned subsidiary of Parent.",1791445286,
0001193125-26-366694,0000058492,1.02,"Repayment and Termination of Credit Agreement On August 26, 2026, in connection with the Merger, the Company terminated and repaid in full all outstanding obligations (approximately $277,000 in aggregate) due under that certain Fifth Amended and Restated Credit Agreement, dated July 24, 2025, by and among the Company, JPMorgan Chase Bank, N.A., as administrative agent, and the lenders party thereto (as amended, restated, supplemented, waived or otherwise modified from time to time, the “ Credit Agreement ”).",1791445286,
0001193125-26-366694,0000058492,2.01,"At the Effective Time, each share of Company common stock, par value $0.01 per share (“ Company common stock ”), issued and outstanding immediately prior to the Effective Time (other than shares of Company common stock held, directly or indirectly, by the Company (as treasury shares or otherwise), any Company subsidiary, or Parent or any Parent subsidiary, in each case, immediately prior to the Effective Time, which were automatically cancelled, and other than dissenting shares) was automatically converted into the right to receive 0.1455 shares (the “ Exchange Ratio ”) of Parent’s common…",1791445286,
0001193125-26-366694,0000058492,3.01,"On the Closing Date, in connection with the consummation of the Merger, the Company notified the New York Stock Exchange (“ NYSE ”) that the Merger had been consummated and requested that the trading of Company common stock on NYSE be suspended and that the listing of Company common stock on NYSE be withdrawn. In addition, the Company requested that NYSE file with the SEC a notification on Form 25 to report the delisting of Company common stock from NYSE and to deregister Company common stock under Section 12(b) of the Securities Exchange Act of 1934, as amended (the “ Exchange Act ”).",1791445286,
0001193125-26-366694,0000058492,5.02,"At the closing of the Merger, Karl G. Glassman, Angela Barbee, Robert E. Brunner, Mary Campbell, Joseph W. McClanathan, Srikanth Padmanabhan, Jai Shah and Phoebe A. Wood, members of the board of directors of the Company, ceased to be directors of the Company, as the surviving entity of the Merger, pursuant to the terms of the Merger Agreement.",1791445286,
0001193125-26-366694,0000058492,5.03,"In connection with the completion of the Merger, on the Closing Date, the Company filed with the Secretary of State of the State of Missouri the summary articles of merger contemplating the Merger. At the Effective Time, the Company’s Restated Articles of Incorporation were amended and restated in their entirety. In connection with the completion of the Merger and pursuant to the Merger Agreement, at the Effective Time, the Company, as the surviving entity, adopted the Amended and Restated Bylaws of the Company.",1791445286,
0001193125-26-377613,0000042888,7.01,"On August 31, 2026, Graco Inc. (the “Company”) announced that it had closed the acquisition it had previously announced on May 21, 2026, of Valco Cincinnati, Inc. doing business as Valco Melton, a global provider of adhesive application and quality assurance systems.",1791445286,
0001193125-26-377822,0000023194,7.01,"On September 1, 2026, Comstock Resources, Inc. (""Comstock"" or the ""Company"") issued a press release announcing that it has entered into a letter of intent with the State Oil Company of Azerbaijan Republic (""SOCAR"") under which SOCAR or a wholly owned subsidiary of SOCAR would acquire, subject to the terms of the letter of intent and a definitive purchase and sale agreement, (i) a non-operated working interest representing 20% of Comstock's interest in its Legacy Haynesville upstream assets, (ii) a non-operated working interest equal to 15% of Comstock's interest in its Western Haynesville…",1791445286,
0001193125-26-381874,0001836833,2.02,"On September 3, 2026, Planet Labs PBC (the “Company”) issued a press release announcing its financial results for its second fiscal quarter ended July 31, 2026. The Company announced that it will hold a conference call and webcast to discuss these results at 5:00 p.m. eastern time on September 3, 2026.",1791445286,
0001193125-26-385256,0001136869,5.02,"On September 8, 2026, Zimmer Biomet Holdings, Inc. (the “Company”) notified Kevin Thornal, Group President, Global Businesses and the Americas, that his position is being restructured. Mr. Thornal will be departing from the Company, effective on September 30, 2026. Mr. Thornal will be eligible for severance benefits under the Company’s Restated Executive Severance Plan, as amended (the “Severance Plan”).",1791445286,
0001193125-26-385256,0001136869,7.01,"On September 8, 2026, the Company issued a press release relating to the matters described above in Item 5.02.",1791445286,
0001193125-26-385257,0001697500,1.01,"On September 1, 2026, Solaris Energy Infrastructure, Inc., a Delaware corporation (the “Company”), entered into an Agreement and Plan of Merger (the “Merger Agreement”) with Odyssey Merger Co., a Delaware corporation and then a wholly owned subsidiary of the Company (“Merger Sub I”), Omega Acquisition Holdings LLC, a Delaware limited liability company and then a wholly owned subsidiary of the Company (“Merger Sub II”), Omega Foundation Services Holdco, Inc., a Delaware corporation (“Omega Holdco”), and Andrew W. Bennett, an individual, as the sole shareholder of Omega Holdco (the…",1791445286,
0001193125-26-385257,0001697500,3.02,"The issuance of the Equity Consideration to the Shareholder was completed in reliance upon the exemption from the registration requirements of the Securities Act of 1933, as amended (the “Securities Act”), provided by Section 4(a)(2) thereof as a transaction by an issuer not involving any public offering. The Company relied on this exemption from registration based in part on representations made by the Shareholder.",1791445286,
0001193125-26-385257,0001697500,7.01,"On September 2, 2026, the Company issued a press release announcing the Company’s entry into the Merger Agreement and the consummation of the Acquisition.",1791445286,
0001193125-26-386510,0000919012,2.02,"On September 9, 2026, American Eagle Outfitters, Inc. (the “Company”) issued a press release announcing, among other things, the Company’s financial results for the second quarter ended August 1, 2026.",1791445286,
0001193125-26-387902,0000900075,2.02,"On September 10, 2026, Copart, Inc. issued a press release announcing its financial results for the fourth quarter of fiscal year 2026 , which ended July 31, 2026.",1791445286,
0001193125-26-388699,0000315293,8.01,"As previously disclosed in Aon plc’s (the “Company”) Current Report on Form 8-K filed on August 31, 2026, the Company, Aon North America, Inc. (“ANA”), a Delaware corporation and an indirect, wholly-owned subsidiary of the Company, USI Advantage Corp. (“USI Advantage”), a Delaware corporation, Cortlandt Acquisition Corp., a Delaware corporation and a direct, wholly-owned subsidiary of ANA (“Merger Sub”), and Uno Aggregator II L.P., a Delaware limited partnership, solely in its capacity as the securityholder representative, entered into an Agreement and Plan of Merger, dated as of August 30,…",1791445286,
0001193125-26-388709,0001570827,8.01,"On September 11, 2026, Victory Capital Holdings, Inc., (the “Company”) issued a press release reporting certain information about the Company’s assets under management (“AUM”) as of August 31, 2026.",1791445286,
0001193125-26-388861,0000910606,7.01,"On September 11, 2026, Regency Centers Corporation (“Regency”) made available an updated investor presentation. The presentation is accessible through the investor relations section of Regency's website at investors.regencycenters.com.",1791445286,
0001193125-26-391228,0000940942,1.01,"On September 11, 2026, Hub Group, Inc. (the “Company”) entered into a Third Amendment to Credit Agreement (the “Amendment”), which amended that certain Credit Agreement, dated as of June 20, 2025 (the “Credit Agreement”), among the Company, the guarantors party thereto, the lenders party thereto and Bank of Montreal, as administrative agent.",1791445286,
0001193125-26-391228,0000940942,2.02,"On September 14, 2026, the Company issued a press release announcing, among other things, certain preliminary results for the first and second quarter of 2026.",1791445286,
0001193125-26-391228,0000940942,5.02,"Appointment of Chief Executive Officer On September 13, 2026, the Board of Directors (the “Board”) of the Company appointed David P. Yeager as Chairman and Chief Executive Officer of the Company, effective immediately. Mr. David Yeager, age 73, served as Executive Chairman from January 2023 until his current appointment and previously served as Chief Executive Officer from March 1995 to December 2022. Phillip D. Yeager will continue to serve as President and Vice Chairman of the Company. Mr. David Yeager is the father of Mr. Phillip Yeager.",1791445286,
0001193125-26-391228,0000940942,7.01,"On September 14, 2026, the Company issued a press release announcing the executive officer changes described in Item 5.02 of this Current Report on Form 8-K.",1791445286,
0001193125-26-391405,0001534504,8.01,"On September 14, 2026, PBF Energy Inc.(the “Company”) issued a press release announcing that its indirect subsidiary, PBF Holding Company LLC (“PBF Holding”) and PBF Holding’s wholly owned subsidiary, PBF Finance Corporation, as co-issuers, priced a private offering of $500 million in aggregate principal amount of 0% senior unsecured exchangeable notes due 2032 (the “Notes Offering”). The Notes Offering is expected to close on September 17, 2026, subject to customary closing conditions.",1791445286,
0001193125-26-391976,0001571996,1.01,"On September 15, 2026, two wholly-owned subsidiaries of Dell Technologies Inc. (the “Company”), Dell International L.L.C. and EMC Corporation (together, the “Issuers”), completed a public offering (the “Offering”) of (i) $1,250,000,000 aggregate principal amount of 5.100% Senior Notes due 2029 (the “2029 Notes”), (ii) $1,250,000,000 aggregate principal amount of 5.400% Senior Notes due 2031 (the “2031 Notes”), (iii) $1,500,000,000 aggregate principal amount of 5.600% Senior Notes due 2033 (the “2033 Notes”) and (iv) $1,000,000,000 aggregate principal amount of 5.900% Senior Notes due 2037…",1791445286,
0001193125-26-392151,0001529864,7.01,"On September 9, 2026, Enova International, Inc. (the “Company”) announced that a wholly-owned indirect subsidiary, OnDeck Asset Securitization IV, LLC (the “Issuer”), intends to offer, subject to market and other customary conditions, $500,026,000 in initial principal amount of Series 2026-1 Fixed Rate Asset-Backed Notes (the “Offered Notes”) in a private securitization transaction (the “Series 2026-1 Transaction”).",1791445286,
0001193125-26-392188,0000906107,7.01,"On September 15, 2026, Vivmark Residential (the “Company”) issued a press release with respect to an investor presentation, including an operating update, in connection with the Company’s participation in the BofA Securities Global Real Estate Conference.",1791445286,
0001193125-26-393065,0000040729,8.01,"On September 9, 2026, Ally Financial Inc. (“Ally”) entered into an Underwriting Agreement incorporating Ally’s Underwriting Agreement Standard Provisions (Debt Securities) (together, the “Underwriting Agreement”) with BofA Securities, Inc., J.P.",1791445286,
0001193125-26-394108,0001534504,1.01,"0% Exchangeable Senior Notes due 2032 On September 17, 2026, PBF Holding Company LLC (“PBF Holding”), a subsidiary of PBF Energy Company LLC (“PBF LLC”), in turn a subsidiary of PBF Energy Inc. (“PBF Energy”) entered into an Indenture (the “Indenture”) among PBF Holding and PBF Holding’s wholly-owned subsidiary, PBF Finance Corporation (together with PBF Holding, the “Issuers”), PBF Energy, the Guarantors named on the signature pages thereto, U.S. Bank Trust Company, National Association, as trustee (the “Trustee”), under which the Issuers issued $550.0 million in aggregate principal amount…",1791445286,
0001193125-26-394108,0001534504,3.02,"The Notes were issued to the initial purchasers in reliance upon Section 4(a)(2) of the Securities Act of 1933, as amended (the “Securities Act”), in transactions not involving any public offering. The Notes were resold by the initial purchasers to persons whom the initial purchasers reasonably believe are “qualified institutional buyers,” as defined in, and in accordance with, Rule 144A under the Securities Act. Any shares of Common Stock that may be issued upon exchange of the Notes will be issued in reliance upon Section 4(a)(2) of the Securities Act.",1791445286,
0001193125-26-394356,0001529864,1.01,"HWCR 2023 Securitization Facility On September 17, 2026, HWC Receivables 2023, LLC (“HWCR 2023”), a wholly-owned indirect subsidiary of Enova International, Inc. (the “Company”), amended its existing revolving receivables facility (the “HWCR 2023 Securitization Facility”) by entering into that certain Omnibus Amendment - Amendment No. 3 to Credit Agreement and Amendment No. 1 to Backup Servicing Agreement (the “Omnibus Amendment”) with the lenders party thereto, Headway Capital, LLC, as originator, Vervent Inc., as backup servicer, Deutsche Bank Trust Company Americas, as paying agent and as…",1791445286,
0001193125-26-394451,0000906107,8.01,"On September 16, 2026, Vivmark Residential’s operating partnership, ERP Operating Limited Partnership, an Illinois limited partnership (the “Operating Partnership”), increased the maximum aggregate amount for which it may issue, from time to time, unsecured notes (the “Notes”) pursuant to its U.S. dollar-denominated commercial paper program from a maximum aggregate amount outstanding at any time of $1.5 billion to $2.5 billion.",1791445286,
0001193125-26-394533,0000315293,8.01,"On September 14, 2026, Aon North America, Inc., a Delaware corporation (“ANA”), Aon Global Holdings plc, a public limited company formed under the laws of England and Wales (“AGH” and, together with ANA, the “Issuers”), Aon plc, an Irish public limited company (“Aon plc”), Aon Corporation, a Delaware corporation (“Aon Corporation”) and Aon Global Limited, a private limited company formed under the laws of England and Wales (“AGL” and, together with Aon plc and Aon Corporation, the “Guarantors” and each, a “Guarantor”), entered into an underwriting agreement (the “Underwriting Agreement”) with…",1791445286,
0001193125-26-397208,0001000228,1.01,"Fourth Amended and Restated Revolving Credit Facility On September 21, 2026, the Company amended and restated its existing $1 billion revolving credit agreement, dated as of June 6, 2025, by and among the Company, the several lenders parties thereto, and JPMorgan Chase Bank, N.A., as administrative agent, U.S. Bank National Association, as syndication agent, and The Toronto-Dominion Bank, New York Branch, Bank of America, N.A., UniCredit Bank GMBH, New York Branch, the Bank of New York Mellon, ING Bank N.V., Dublin Branch, HSBC Bank USA, N.A. and MUFG Bank, Ltd., as co-documentation agents…",1791445286,
0001193125-26-397219,0001607678,8.01,"On September 22, 2026, Viking Therapeutics, Inc. issued a press release announcing top-line results from its maintenance study of GLP-1/GIP agonist VK2735.",1791445286,
0001193125-26-398015,0001159036,1.01,"Convertible Notes Indentures On September 22, 2026, Halozyme Therapeutics, Inc. (the “Company,” “we,” “us” or “our”) completed its previously announced sale of $1,500.0 million aggregate principal amount of 1.50% Convertible Senior Notes due 2033 (the “Convertible Notes”), including $200.0 million in aggregate principal amount of its Convertible Notes purchased pursuant to the exercise by the initial purchasers (the “Initial Purchasers”) of the Convertible Notes of the option (the “Convertible Notes Option”) to purchase additional Convertible Notes.",1791445286,
0001193125-26-398015,0001159036,3.02,"Any shares of the Company’s common stock that may be issued upon conversion of the Convertible Notes will be issued in reliance upon Section 3(a)(9) of the Securities Act as involving an exchange by the Company exclusively with its security holders. Initially, a maximum of 13,676,100 shares of the Company’s common stock may be issued upon conversion of the Convertible Notes, based on the initial maximum conversion rate of 9.1174 shares of common stock per $1,000 principal amount of Convertible Notes, which is subject to customary anti-dilution adjustment provisions.",1791445286,
0001193125-26-399416,0000873303,1.01,"On September 23, 2026 (the “Effective Date”), Sarepta Therapeutics, Inc. (the “Company”), Sarepta Therapeutics Three, LLC (“Sarepta Three” and, together with the Company, “Sarepta”), REGENXBIO Inc. (“REGENXBIO”), the Trustees of the University of Pennsylvania (“UPenn”) and Catalent, Inc. (“Catalent”) entered into a settlement agreement (the “Settlement Agreement”) regarding, among other matters, the resolution of pending patent infringement litigations and an appeal from inter partes review proceedings relating to U.S. Patent No. 11,680,274 (the “‘274 Patent”) and U.S. Patent No. 10,526,617…",1791445286,
0001193125-26-400333,0000821189,5.02,"(b), (c) On September 23, 2026, Ann D. Janssen informed the Board of Directors (Board) of EOG Resources, Inc. (EOG) of her decision to retire from EOG. In connection with Ms. Janssen’s transition toward retirement, her last day of service as EOG’s Executive Vice President and Chief Financial Officer and principal financial officer will be December 31, 2026. Beginning January 1, 2027, Ms. Janssen will be employed as an advisor to EOG.",1791445286,
0001193125-26-400727,0000106535,7.01,"Regulati on FD Disclosure On September 24, 2026, Weyerhaeuser Company is posting presentation materials to the Investors section of its website that it expects to use in discussions with the investment community. The materials include adjustments and associated commentary to the company's previously disclosed third-quarter 2026 outlook.",1791445286,
0001193125-26-401093,0000720672,7.01,"On September 24, 2026, Stifel Financial Corp. (the “Company”) issued a press release to disclose selected operating results for August 31, 2026.",1791445286,
0001193125-26-401157,0001070494,7.01,"On September 24, 2026, Acadia Pharmaceuticals Inc. (the “Company”) announced Phase 3 enabling topline results from the Phase 2 portion of the ongoing RADIANT clinical trial program evaluating remlifanserin for the treatment of hallucinations and delusions associated with Alzheimer’s disease psychosis (“ADP”).",1791445286,
0001193125-26-401157,0001070494,8.01,"On September 24, 2026, the Company announced Phase 3 enabling topline results from the Phase 2 portion of the ongoing RADIANT clinical trial program evaluating remlifanserin for the treatment of hallucinations and delusions associated with ADP. For the primary endpoint of change from baseline in the Scale for the Assessment of Positive Symptoms-Hallucinations and Delusions subscales (SAPS-H+D), once daily 60 mg remlifanserin demonstrated a change of -12.6 versus a -10.4 change for placebo at week 6, yielding a standardized effect size of 0.26 (p=0.0603).",1791445286,
0001193125-26-402817,0001070985,5.02,"CEO Transition On September 25, 2026, CoreCivic, Inc., a Maryland corporation (the “Company”) announced that Patrick D. Swindle, the Company’s President and Chief Executive Officer (“CEO”), has stepped down as President and CEO and resigned from his position on the Company’s Board of Directors (the “Board”), effective as of September 24, 2026 (the “Transition Date”), due to health reasons.",1791445286,
0001193125-26-402817,0001070985,7.01,"On September 25, 2026, the Company issued a press release announcing Ms. Mayberry’s appointment as President and CEO and Mr. Swindle’s resignation as President and CEO due to health reasons. Important factors that could cause actual results to differ from our expectations are described in the filings made from time to time by the Company with the SEC and include the risk factors described in the Company’s Annual Report on Form 10-K for the year ended December 31, 2025, filed with the SEC on February 20, 2026 and subsequent filings.",1791445286,
0001193125-26-402912,0000945841,5.02,"(d) On September 23, 2026, the Board of Directors (the “Board”) of Pool Corporation (the “Company”), upon recommendation of the Nominating and Corporate Governance Committee of the Board, appointed Jean-Marc Germain as a director effective September 30, 2026. In connection with Mr. Germain’s appointment, the size of the Board was increased from eight to nine directors. Mr. Germain will serve as a director until the 2027 annual meeting of shareholders, at which time he will stand for election by the Company’s shareholders.",1791445286,
0001193125-26-404006,0000784977,8.01,"On September 25, 2026, the Oregon Public Utility Commission (OPUC) issued a final order (Order No. 26-354) in Docket UM 2385. The order addresses the application by Portland General Electric Company (PGE or the Company) to reorganize under a holding company structure. The order includes a rate credit and other customer benefits totaling approximately $83 million, which the Company supports. However, the order also imposes conditions that depart from the stipulation agreed to by the Company and OPUC staff.",1791445286,
0001193125-26-408403,0000063276,5.02,"On September 30, 2026, Mattel, Inc. (the “Company” or “Mattel”) announced that the Board of Directors (the “Board”) of the Company has appointed Roger Lynch, current Board member and Independent Lead Director, as Chairman of the Board and Diana Ferguson as its new Independent Lead Director, effective October 2, 2026, and that the Board has appointed Roger Lynch as the Chief Executive Officer of the Company, effective on a date to be mutually agreed and in any event no later than November 2, 2026.",1791445286,
0001193125-26-408403,0000063276,7.01,"On September 30, 2026, the Company issued a press release announcing the appointment of Mr. Lynch as Chief Executive Officer of the Company and Chairman of the Board and the departure of Mr. Kreiz.",1791445286,
0001193125-26-409143,0001636519,1.01,"Following the Distribution, MSGS Spinco will be a public company and the Registrant will have no continuing common stock ownership interest in MSGS Spinco. For purposes of implementing the Distribution, governing the ongoing relationships between the Registrant and MSGS Spinco after the Distribution, and to provide for an orderly transition, the Registrant and MSGS Spinco have entered or will enter into a number of agreements prior to the Distribution. The principal agreements are described below.",1791445286,
0001193125-26-409143,0001636519,5.02,"In connection with the Distribution, there will be changes to the directors of the Registrant. Changes in Directors On September 30, 2026, Messrs. Joseph M. Cohen, Stephen C. Mills, Alan D. Schwartz, and Nelson Peltz and Ms. Marianne Dolan Weber tendered their resignations as directors of the Registrant effective as of the Distribution date and contingent on the effectuation of the Distribution. Cohen, Mills, Schwartz and Peltz and Ms. Weber will become directors of MSGS Spinco effective as of the Distribution.",1791445286,
0001193125-26-409143,0001636519,7.01,"Additional factors that may affect the Registrant’s future results are identified in the Registrant’s most recently filed Annual Report on Form 10-K, subsequent Quarterly Reports on Form 10-Q, Current Reports on Form 8-K and other filings with the SEC, which are available on the SEC’s website at www.sec.gov. Factors other than those listed above also could cause the Registrant’s results to differ materially from expected results.",1791445286,
0001193125-26-409143,0001636519,8.01,"Certain Relationships and Potential Conflicts of Interest Following the Distribution, there will be overlap between directors and officers of the Registrant, MSGS Spinco, MSG Entertainment, Sphere Entertainment and AMC Global Media Inc. (“AMC Global Media” and, together with MSGS Spinco, MSG Entertainment and Sphere Entertainment and their respective subsidiaries and successors, the “Other Entities” and each, an “Other Entity”). James L. Dolan will serve as the Executive Chairman and Chief Executive Officer of the Registrant, MSGS Spinco, MSG Entertainment and Sphere Entertainment.",1791445286,
0001193125-26-409787,0000070145,1.01,"As previously disclosed, a portion of the Purchase Price was financed at Closing by the issuance of a $1.20 billion promissory note to the Seller pursuant to a Seller Note Agreement, dated as of October 1, 2026 (the “Seller Note Agreement”), between the Company, as borrower, and the Seller, as lender. The Seller Note Agreement establishes an unsecured term loan credit facility (the “Seller Note Facility”) that matures on September 30, 2027. The borrowings under the Seller Note Facility bear interest at a rate of 6.5% per annum.",1791445286,
0001193125-26-409787,0000070145,2.01,"As described above, on October 1, 2026, upon the terms set forth in the Purchase Agreement, the Transaction was completed. As a result of the Closing, CenterPoint Ohio became a wholly owned subsidiary of the Company. The Purchase Price was paid through a combination of $1.42 billion in cash and a $1.20 billion promissory note issued by the Company to the Seller pursuant to the Seller Note Agreement.",1791445286,
0001193125-26-409787,0000070145,7.01,"On October 1, 2026, the Company issued a press release regarding the completion of the Transaction. Neither the furnishing of the press release as an exhibit to this Current Report on Form 8-K nor the inclusion in such press release of any reference to the Company’s internet address shall, under any circumstances, be deemed to incorporate the information available at such internet address into this Current Report on Form 8-K.",1791445286,
0001193125-26-409792,0001792580,7.01,"On October 1, 2026, Ovintiv Inc. (the “Company”) issued a news release announcing that it has received acceptance from the Toronto Stock Exchange to renew its normal course issuer bid to purchase up to 26,973,037 common shares during the 12-month period commencing on October 5, 2026, and ending October 4, 2027.",1791445286,
0001193125-26-409974,0001046311,5.02,"On September 29, 2026, Choice Hotels International, Inc. (the “Company”) and Patrick Cimerola, the Company’s Chief Human Resources Officer (“CHRO”), agreed that Mr. Cimerola would transition from his role as CHRO at the end of 2026. Following his transition from CHRO, effective January 1, 2027, Mr. Cimerola is expected to remain an employee of the Company through June 30, 2027 (the “Separation Date”), serving as a special advisor to facilitate continuity of leadership and an orderly transition, and to assist the Company with certain strategic initiatives.",1791445286,
0001193125-26-414916,0000110621,2.02,"On October 6, 2026, RPM International Inc. (the “Company”) issued a press release announcing its first quarter results, which provided detail not included in previously issued reports.",1791511531,
0001193125-26-415015,0000730272,2.01,"At the effective time of the First Merger (the “First Merger Effective Time”), each share of BioLife’s common stock, par value $0.001 per share (“BioLife Common Stock”), issued and outstanding immediately prior to the First Merger Effective Time (other than (i) any shares that were held by BioLife in treasury or owned by Repligen, Merger Sub 1 or Merger Sub 2 and (ii) shares with respect to which appraisal rights were properly exercised and perfected, and were not withdrawn, in accordance with Delaware law) converted automatically into the right to receive (A) 0.1442 validly issued, fully…",1791511531,
0001193125-26-415015,0000730272,7.01,"As a result of the Mergers, BioLife has ceased to exist as a separate legal entity and therefore no longer fulfills the listing requirements of The Nasdaq Capital Market (“Nasdaq”).",1791511531,
0001193125-26-415055,0001437107,1.01,"On October 6, 2026, Deutsche Bank Trust Company Americas, as trustee, and certain subsidiaries of SKYD, including certain subsidiaries of WBD (the “ Guarantors ”), entered into a fourth supplemental indenture to the indenture dated October 5, 2026 (the “ Base Indenture ”), pursuant to which the Guarantors became guarantors under each series of notes issued pursuant to such Base Indenture.",1791511531,
0001193125-26-415055,0001437107,1.02,"On the Closing Date, in connection with the consummation of the Merger, WBD repaid all loans and terminated all credit commitments outstanding under (i) that certain First Lien Credit Agreement, dated as of June 4, 2026 (as amended, restated, amended and restated, supplemented, waived or otherwise modified from time to time prior to the Closing Date), among WBD, as holdco, Discovery Global Holdings, Inc., a Delaware corporation, as parent borrower, the Designated Subsidiary Borrowers (as defined therein) from time to time party thereto, the lenders from time to time party thereto, JPMorgan…",1791511531,
0001193125-26-415055,0001437107,2.01,"Pursuant to the Merger Agreement, each share of WBD’s Series A common stock, par value $0.01 per share (“ WBD Common Stock ”), issued and outstanding immediately prior to the effective time of the Merger (the “ Effective Time ”) (other than shares of WBD Common Stock canceled for no consideration in accordance with the Merger Agreement or as to which appraisal rights were properly exercised in accordance with the Merger Agreement) was automatically canceled and converted into the right to receive an amount in cash equal to $31.01666668, without interest, which includes the Ticking…",1791511531,
0001193125-26-415055,0001437107,3.01,"On the Closing Date, WBD notified the Nasdaq Global Select Market (“ Nasdaq ”) of the consummation of the Merger and that each share of WBD Common Stock issued and outstanding immediately prior to the Effective Time (other than shares of WBD Common Stock canceled for no consideration in accordance with the Merger Agreement or as to which appraisal rights were properly exercised in accordance with the Merger Agreement) had been converted into the right to receive the Merger Consideration.",1791511531,
0001193125-26-415055,0001437107,3.03,"As a result of the consummation of the Merger, at the Effective Time, holders of WBD Common Stock (other than shares of WBD Common Stock canceled for no consideration in accordance with the Merger Agreement or as to which appraisal rights were properly exercised in accordance with the Merger Agreement) immediately prior to such time ceased to have any rights as stockholders of WBD, other than their right to receive the Merger Consideration pursuant to the terms of the Merger Agreement.",1791511531,
0001193125-26-415055,0001437107,5.01,"As a result of the consummation of the Merger, at the Effective Time, a change in control of WBD occurred and WBD became a wholly owned subsidiary of SKYD. The aggregate Merger Consideration payable by SKYD in connection with the Merger is approximately $78 billion, funded by a combination of equity financing and debt financing.",1791511531,
0001193125-26-415055,0001437107,5.02,"Directors In accordance with the terms of the Merger Agreement, as a result of the Merger, each of Samuel A. Di Piazza, Jr., David M. Zaslav, Richard W. Fisher, Paul A. Gould, Debra L. Lee, Joseph M. Levin, Anton J. Levy, Kenneth W. Lowe, Fazal Merchant, Anthony J. Noto, Paula A. Price, Daniel E. Sanchez and Geoffrey Y. Yang ceased to be a director of WBD as of the Effective Time.",1791511531,
0001193125-26-415055,0001437107,5.03,"Pursuant to the Merger Agreement, effective as of the Effective Time, the certificate of incorporation of WBD was amended and restated in its entirety to read as set forth in the form attached as Exhibit A to the Merger Agreement, and the bylaws of WBD were amended and restated in their entirety to be the bylaws of Merger Sub as in effect immediately prior to the Effective Time, except that references to Merger Sub’s name were replaced with references to WBD’s name.",1791511531,
0001193125-26-415055,0001437107,8.01,"Ratification of Grants and Issuances Following a review, WBD determined that grants of 396,804 WBD RSUs, and issuances of 120,000 shares of WBD Common Stock upon the vesting and settlement of certain of those WBD RSUs under WBD’s 2005 Non-Employee Director Incentive Plan (as amended from time to time, the “ Plan ”), were inadvertently undertaken after the expiration date of the Plan.",1791511531,
0001193125-26-415544,0000711377,2.02,"On October 6, 2026, Neogen Corporation issued a press release announcing results of operations for its fiscal 2027 first quarter.",1791511531,
0001193125-26-415597,0001130464,7.01,"On October 6, 2026, Black Hills Corporation announced the execution of definitive agreements to serve Google's data center project in Cheyenne, Wyoming.",1791511531,
0001193125-26-415617,0000087347,5.02,"On October 5, 2026, the Board of Directors (the “Board”) of SLB Limited (“SLB” or the “Company”) elected Ms. Jing Ulrich to serve as a member of the Board, effective immediately. Ms. Ulrich will also serve on the Board’s Audit Committee and Finance Committee. There are no transactions with Ms. Ulrich that would be reportable under Item 404(a) of Regulation S-K. Ms. Ulrich brings extensive investment banking and capital-markets experience, as well as deep knowledge of global financial markets.",1791511531,
0001193125-26-417188,0000040533,5.02,"On October 7, 2026, General Dynamics Corporation (the “Company”) announced that the board of directors has elected Danny Deep as Chief Executive Officer, effective January 1, 2027. At that time, Chairman and Chief Executive Officer Phebe N. Novakovic will transition to Executive Chairman of the board of directors. Mr. Deep, 56, has served as President of the Company since December 2025 and was elected as a member of the board of directors on August 5, 2026.",1791511531,
0001193125-26-417354,0001137774,7.01,"On October 8, 2026, Prudential Life Insurance Co., Ltd. (“Prudential of Japan”), a subsidiary of Prudential Financial, Inc. (the “Company”), issued a press release in Japan reporting the findings of the Special Investigation Committee’s investigation report on previously disclosed misconduct by current and former sales employees of Prudential of Japan (the “SIC Report”). The Company has posted an English translation of the SIC Report and related materials on the Company’s Investor Relations website at www.investor.prudential.com.",1791511531,
0001193125-26-417409,0001000228,5.02,"On October 8, 2026, Henry Schein, Inc. (the “Company”) announced that (i) Ronald N. South will continue to serve as Senior Vice President and Chief Financial Officer of the Company and as the Company’s principal financial officer and principal accounting officer through November 3, 2026, including through the completion of the Company’s third quarter earnings process, and effective November 4, 2026, Mr. South’s employment will transition to the role of Senior Advisor and (ii) the Board of Directors (the “Board”) approved the appointment of Emmanuel Caprais to initially serve as Senior…",1791596902,
0001193125-26-417409,0001000228,7.01,"On October 8, 2026, the Company issued a press release (the “Press Release”) announcing leadership transitions.",1791596902,
0001193125-26-417702,0000056047,5.02,"On October 6, 2026, Ronald A. Dragg, 62, currently Kirby Corporation’s Vice President, Controller and Assistant Secretary, informed Kirby Corporation (the “Company”) that he intends to retire in the first quarter of 2027 following the filing of the Company’s Annual Report on Form 10-K for the year ended December 31, 2026. Mr. Dragg’s retirement is not the result of any disagreement with the Company relating to the Company’s operations, policies, practices, accounting principles, financial statement disclosures, or internal controls.",1791596902,
0001193125-26-417944,0001090012,7.01,"On October 8, 2026, Devon Energy Corporation (the “Company” or “Devon”) issued a press release announcing the Agreement, as defined and described in Item 8.01 below.",1791596902,
0001193125-26-417944,0001090012,8.01,"On October 8, 2026, Devon Energy Production Company, L.P. (the “Seller”), a wholly-owned subsidiary of the Company, entered into a Purchase and Sale Agreement (the “Agreement”) with Crescent (Eagle Ford) LLC (the “Purchaser”), and, for certain limited purposes, Crescent Energy Finance LLC, each a wholly-owned subsidiary of Crescent Energy Company, pursuant to which the Seller agreed to sell certain oil and gas assets located in the Eagle Ford in South Texas to the Purchaser for $4.2 billion in cash, subject to certain purchase price adjustments.",1791596902,
0001193125-26-418053,0001789832,1.01,"Purchase and Sale Agreement On October 6, 2026, Hess Midstream LP, a Delaware limited partnership (the “Company”), and Hess Midstream Operations LP, a Delaware limited partnership and a subsidiary of the Company (“HESM OpCo” and, together with the Company, the “Partnership Parties”), entered into a Purchase and Sale Agreement (the “Purchase Agreement”) with Noble Energy, Inc., a Delaware corporation (“NEI”), CMH NewCo LLC, a Delaware limited liability company (“CMH NewCo”), and Hess Investments North Dakota LLC, a Delaware limited liability company (“HINDL” and, together with NEI and CMH…",1791596902,
0001193125-26-418053,0001789832,5.02,"Each of their resignations is not expected to be the result of any disagreement with GP LLC, the General Partner or the Company or any of their respective affiliates on any matter relating to the operations, policies or practices of GP LLC, the General Partner or the Company. Offer Letter In connection with entering into the Purchase Agreement, the Company entered into an offer letter (the “Offer Letter”) with Jonathan C. Stein, pursuant to which Mr. Stein will continue to serve as Chief Executive Officer of the Company and be appointed to the initial Board.",1791596902,
0001193125-26-418053,0001789832,7.01,"On October 6, 2026, the Company issued a press release announcing the execution of the Purchase Agreement and the Transaction.",1791596902,
0001193125-26-418501,0001122976,2.02,"On October 9, 2026, Avient Corporation (the “Company”) issued a press release in which it reaffirmed its third quarter and full year 2026 financial guidance previously provided on August 6, 2026. The Company’s financial closing procedures for the third quarter of 2026 are ongoing. Accordingly, the Company’s actual results may differ from these preliminary expectations and remain subject to the completion of normal quarter-end and financial reporting processes.",1791596902,
0001193125-26-418501,0001122976,5.02,"On October 7, 2026, the Board of Directors (the “Board”) of the Company elected Michael J. Frank as President and Chief Executive Officer, and as a member of the Board, effective October 7, 2026 (the “Effective Date”). Mr. Frank succeeds Dr. Ashish K. Khandpur, who will continue to provide advisory consulting support through 2026. Mr. Frank, age 62, most recently served as Chief Executive Officer of UPL Corporation Ltd (“UPL”), a leading global agricultural chemical company.",1791596902,
0001193125-26-418501,0001122976,7.01,"On October 9, 2026, the Company issued a press release announcing the management transition and reaffirmation of previously provided financial guidance.",1791596902,
0001193125-26-418579,0000731802,8.01,"On October 6, 2026 Atmos Energy Corporation (“Atmos Energy”) entered into an underwriting agreement (the “Underwriting Agreement”) with BNP Paribas Securities Corp., Credit Agricole Securities (USA) Inc. and U.S. Bancorp Investments, Inc. as representatives of the several underwriters named in Schedule I thereto, with respect to the offering and sale in an underwritten public offering (the “Offering”) by Atmos Energy of $700 million aggregate principal amount of its 6.000% Senior Notes due 2036 (the “Notes”).",1791596902,
0001213900-26-097399,0001970622,1.01,"Agreement and Plan of Merger As previously disclosed on April 19, 2026, USA Rare Earth, Inc. (“ USAR ”) entered into a definitive Agreement and Plan of Merger (as amended by Amendment No. 1, dated July 16, 2026 (“ Amendment No. 1 ”), and Amendment No. 2, dated September 3, 2026 (“ Amendment No. 2 ”), and as may be further modified, amended or supplemented from time to time, the “ Merger Agreement ”) by and among (i) USAR, (ii) Middlebury Merger Sub Ltd., a business company limited by shares incorporated under the laws of the British Virgin Islands and an indirect, wholly owned Subsidiary of…",1791445286,
0001213900-26-097399,0001970622,2.03,"In connection with the closing of the Merger, Merger Sub assumed on the Closing Date all of the rights and obligations of SVRE under a Finance Agreement, dated as of January 21, 2026 (as amended, the “ Finance Agreement ”), pursuant to which DFC agreed to provide a loan to SVRE in an aggregate principal amount not to exceed $565,000,000, consisting of (i) a first tranche (the “ Initial Loan” ) with a principal amount not to exceed $465,000,000 and (ii) a second tranche (the “ Incremental Loan ”) with a principal amount not to exceed $100,000,000, and the other financing documents to which…",1791445286,
0001213900-26-097399,0001970622,3.02,"This Current Report on Form 8-K does not constitute an offer to sell any securities or a solicitation of an offer to buy any securities, nor shall there be any sale of any securities in any state or jurisdiction in which such an offer, solicitation or sale would be unlawful prior to registration or qualification under the securities laws of any such state or jurisdiction. 2",1791445286,
0001213900-26-097399,0001970622,5.02,"In connection with the closing of the Merger and pursuant to the Merger Agreement, the USAR Board appointed Thrasyvoulos Moraitis and Sir Michael Lawrence Davis to the USAR Board, effective as of the closing of the Merger and in accordance with USAR’s governing documents. Mr. Davis is also the initial appointee to the USAR Board under the Board Appointment Agreement as described in Item 1.01 of this Current Report on Form 8-K. Mr. Moraitis has served as CEO of the Serra Verde Group since January 2023.",1791445286,
0001213900-26-097399,0001970622,8.01,"Lock-Up Agreements In accordance with the Merger Agreement, at the closing of the Merger, each SVRE Shareholder and certain employees and consultants of SVRE and its subsidiaries entered into a lock-up agreement with USAR substantially in the form attached to the Merger Agreement (the “ Lockup Agreement ”) pursuant to which, among other things, such persons have agreed not to transfer a portion of the USAR Shares received as Merger Consideration pursuant to the Merger Agreement for a specified period following the closing of the Merger, or until USAR completes a liquidation, merger, capital…",1791445286,
0001213900-26-098402,0001324948,5.02,"Frederick J. Elmy retired from the Board of Directors of RBC Bearings Incorporated (the “Company”) on September 3, 2026.",1791445286,
0001213900-26-098402,0001324948,5.07,"At the Company’s annual meeting of stockholders held on September 3, 2026, the stockholders (1) elected all of the Company’s nominees for director, (2) ratified the appointment of Ernst & Young LLP as the Company’s independent registered public accounting firm for fiscal year 2027, and (3) approved, on an advisory basis, the compensation paid to the Company’s named executive officers. Shares were voted on these proposals as follows: Proposal 1.",1791445286,
0001213900-26-100373,0001805526,8.01,"Cash Dividend Declaration On September 15, 2026, as contemplated by the prospectus supplement for the initial public offering of the Variable Rate Series C Perpetual Preferred Stock, par value $0.00001 per share (“CHAD Stock”), DeFi Development Corp. (the “Company”) announced that its board of directors declared cash dividends of $0.07944 per share of CHAD Stock for the period between the issuance of CHAD on September 8, 2026 to October 1, 2026 and also declared daily cash dividends of $0.00516 per share of CHAD Stock for each business day for the period from October 1, 2026 through October…",1791445286,
0001213900-26-105305,0001736035,5.07,"On September 24, 2026, Blackstone Secured Lending Fund (the “Company”) held its 2026 Annual Meeting of Shareholders (the “Annual Meeting”). Because 161,674,427 shares of the Company’s common shares of beneficial interest, or approximately 69.49% of the 232,652,003 total shares of the Company’s common shares entitled to vote at the Annual Meeting, were present in person or by proxy, a quorum was present at the meeting, as required by the Company’s Fourth Amended and Restated Agreement and Declaration of Trust.",1791445286,
0001213900-26-105454,0001970622,,,1791445286,no quotable item text in the filing
0001289419-26-000048,0001289419,7.01,These statements involve known and unknown risks and uncertainties that may cause the events we discuss not to occur or to differ significantly from what we expect.,1791445286,
0001306830-26-000119,0001306830,5.02,"(d) On September 16, 2026, the Board of Directors (the ""Board"") of Celanese Corporation (the ""Company"") increased the size of the Board from 10 to 11 members and elected Luis Fernandez-Moreno as a director of the Company, in each case effective September 16, 2026. Mr. Fernandez-Moreno has been elected to serve on the Board until the Company's 2027 Annual Meeting of Shareholders, at which time he is expected to be a nominee for election by the Company's shareholders. At this time, Mr. Fernandez-Moreno has not yet been appointed to any committee of the Board.",1791445286,
0001326380-26-000050,0001326380,2.02,"On September 8, 2026 , GameStop Corp. (the “Company”) issued a press release announcing its financial results for its second quarter ended August 1, 2026.",1791445286,
0001331875-26-000087,0001331875,7.01,"On September 15, 2026, Fidelity National Financial, Inc. (the ""Company""), participated in a fireside chat at the Barclays Global Financial Services Conference. During the question and answer session, the Company provided year-over-year metrics for the Company's refinance opened orders for July and August 2026.",1791445286,
0001335258-26-000041,0001335258,5.02,"On September 30, 2026, Live Nation Entertainment, Inc. (the “ Company ”) and Michael Rapino entered into an amended and restated employment agreement (the “ Employment Agreement ”), pursuant to which Mr. Rapino will continue to serve as President and Chief Executive Officer and as a member of the Board of Directors (the “ Board ”) of the Company. The term of the Employment Agreement is effective as of October 1, 2026 (the “ Effective Date ”), and ends on December 31, 2031.",1791445286,
0001357615-26-000177,0001357615,5.02,"(d) Election of Director. KBR, Inc. (“KBR”) announced on October 1, 2026, the appointment of Rami Qasem to its Board of Directors (the “Board”) effective on the same day. Mr. Qasem is a global energy, technology, and industrial executive with nearly 30 years of international leadership experience across oil and gas, industrial technology, digital transformation, artificial intelligence, and government partnerships. Mr. Qasem will serve a term expiring at KBR’s 2027 annual meeting of stockholders.",1791445286,
0001390777-26-000097,0001390777,5.03,"On September 22, 2026, The Bank of New York Mellon Corporation (the “Registrant”) filed a Certificate of Elimination to its Restated Certificate of Incorporation with the Secretary of State of the State of Delaware, which, effective upon filing, eliminated from the Restated Certificate of Incorporation all matters set forth in the Certificate of Designations with respect to its Series F Noncumulative Perpetual Preferred Stock (the “Series F Preferred Stock”). All outstanding shares of the Series F Preferred Stock were redeemed on September 20, 2026.",1791445286,
0001396440-26-000104,0001396440,2.02,"On October 8, 2026 , the Registrant issued a press release.",1791511531,
0001397187-26-000126,0001397187,2.02,"On September 3, 2026, lululemon athletica inc. (the ""Company"") issued a press release announcing its financial results for the second quarter ended August 2, 2026 and certain other information. As previously announced, the Company has scheduled a conference call for 4:30 p.m. Eastern time on September 3, 2026 to discuss its financial results.",1791445286,
0001423689-26-000135,0001423689,5.02,"On September 10, 2026, AGNC Mortgage Management, LLC (“AMM”) entered into a first amendment to Sixth Amended and Restated Employment Agreement (the “Agreement”) with Gary Kain, Executive Chair of AGNC Investment Corp. (the “Company”). The Agreement revises the following terms from Mr. Kain’s employment agreement dated July 18, 2024. Annual Cash Bonus : Mr. Kain will be eligible to receive an annual cash bonus having a target value of $1,300,000 for performance in calendar year 2027 and for each calendar year thereafter.",1791445286,
0001428205-26-000107,0001428205,7.01,"On September 11, 2026 , ARMOUR Residential REIT, Inc. (“ARMOUR”) produced for distribution a presentation, which contains updates on ARMOUR's financial position, business and operations. Attached as Exhibit 99.1 to this report is the presentation produced by ARMOUR.",1791445286,
0001428205-26-000111,0001428205,,,1791445286,no quotable item text in the filing
0001428336-26-000045,0001428336,5.02,"On September 24, 2026, the Board of Directors (the “Board”) of HealthEquity, Inc. (the “Company”) appointed Noémie Heuland as a member of the Board, effective immediately. In connection with Ms. Heuland’s appointment to the Board, the Board expanded the size of the Board to eleven members from its current ten members. Ms. Heuland will serve on the Audit and Risk Committee and Cybersecurity and Technology Committee of the Board.",1791445286,
0001437749-26-029903,0001466085,1.01,"Agreement and Plan of Merger On September 8, 2026, Independence Realty Trust, Inc., a Maryland corporation (“ IRT ”), Independence Realty Operating Partnership, LP, a Delaware limited partnership and a subsidiary of IRT (“ IRT OP ”), and Islanders OP Sub, LLC, a Delaware limited liability company and a wholly owned subsidiary of IRT OP (“ IRT OP Merger Sub ”), entered into an Agreement and Plan of Merger (the “ Merger Agreement ”) with Centerspace, a North Dakota real estate investment trust (“ CSR ”), and Centerspace, LP, a North Dakota limited partnership and a subsidiary of CSR (“ CSR OP…",1791445286,
0001437749-26-029903,0001466085,7.01,"Joint Investor Presentation IRT and CSR have prepared a joint investor presentation with respect to the proposed Transactions. Directors, trustees, officers and other representatives of IRT and/or CSR will present some or all of this investor presentation at various conferences and meetings in the coming months. Joint Press Release On September 8, 2026, IRT and CSR issued a joint press release announcing the execution of the Merger Agreement.",1791445286,
0001437749-26-030743,0000719413,1.01,"On September 16, 2026, Hecla Mining Company (“we,” “our,” “us,” or the “Company”) entered into a Credit Agreement (the “Credit Agreement”) with Hecla Limited, Hecla Alaska LLC, Hecla Greens Creek Mining Company and Hecla Juneau Mining Company, as borrowers, certain subsidiaries of the Company as guarantors, the various financial institutions and other persons from time to time party thereto as lenders (the “Lenders”), and Bank of America, N.A., as administrative agent swingline lender and L/C issuer.",1791445286,
0001437749-26-030743,0000719413,1.02,"In connection with the entry into the Credit Agreement described above under Item 1.01, the Company’s existing Credit Agreement, dated as of July 21, 2022, by and among Hecla Mining Company, Hecla Limited, Hecla Alaska LLC, Hecla Greens Creek Mining Company and Hecla Juneau Mining Company, as borrowers, certain subsidiaries of the Company as guarantors, Bank of America, N.A., as administrative agent, and the various lenders party thereto, as amended by that certain First Amendment to Credit Agreement dated May 3, 2024 (the “Existing Credit Agreement”), was terminated on September 16, 2026,…",1791445286,
0001437749-26-030743,0000719413,3.03,"Pursuant to the Credit Agreement, we are subject to certain restrictions on our ability to pay dividends or make other distributions or payments on account of any redemption, retirement, or purchase of any capital stock. 3",1791445286,
0001437749-26-031113,0000039368,2.02,"On September 23, 2026, H.B. Fuller Company (the “Company”) announced its operating results for the third quarter ended August 29, 2026.",1791445286,
0001437749-26-031296,0001222333,5.02,"Effective September 28, 2026, World Gold Trust Services, LLC, the sponsor of SPDR® Gold Trust (the “Sponsor”), appointed Joan A. Binstock to the Board of Directors and the Audit Committee of the Sponsor. Joan A. Binstock , age 72, has served as an Advisor at Lovell Minnick Partners, LLC since July 2018, where she is responsible for assisting the firm on deal and operational due diligence activities across all portfolio companies.",1791445286,
0001437749-26-031416,0001334933,2.02,"On September 29, 2026, Uranium Energy Corp. (the “Company”) issued a press release announcing its financial results and related information for its fiscal year ended July 31, 2026.",1791445286,
0001474098-26-000059,0001474098,7.01,"Pebblebrook Hotel Trust (the ""Company"") announced on September 11, 2026 that it will report its financial and operating results for the quarter ending September 30, 2026, on Thursday, October 29, 2026, after the market closes. The Company will conduct its quarterly conference call on Friday, October 30, 2026, at 9:00 AM ET.",1791445286,
0001476204-26-000048,0001476204,7.01,"On October 1, 2026 , Phillips Edison & Company, Inc. (the ""Company"") issued a press release reaffirming its full year 2026 earnings guidance, updating its expectations for gross acquisition and disposition volume and providing its expectations for net contributions to joint ventures.",1791445286,
0001476204-26-000048,0001476204,8.01,"On October 1, 2026 , the Company issued a press release announcing the expansion of its joint venture with Northwestern Mutual through a transaction valued at approximately $377.5 million. The press release contains additional information regarding the transaction.",1791445286,
0001477720-26-000058,0001477720,2.02,"On September 3, 2026, Asana, Inc. (the “Company”) issued a press release announcing its financial results for the quarter ended July 31, 2026.",1791445286,
0001477932-26-005971,0001921865,7.01,"As previously disclosed, on June 25, 2026, ASP Isotopes Inc., a Delaware corporation (“ASPI” or the “Company”), entered into an Agreement and Plan of Merger (the “Merger Agreement”), by and among ENDRA Life Sciences Inc., a Delaware corporation (“ENDRA”), Noble Africa LLC, a Delaware limited liability company and a direct, wholly-owned subsidiary of the Company (“Noble Africa”), Renergen Limited, a company incorporated under the laws of the Republic of South Africa and a direct, wholly-owned subsidiary of the Company (“Renergen”), the Company, and Kruger Merger Sub LLC, a Delaware limited…",1791445286,
0001493152-26-045603,0001430306,8.01,"On October 1, 2026, Tonix Pharmaceuticals Holding Corp. (the “Company”) received a notice (the “Notice”) from Dr. Reddy’s Laboratories Ltd. and Dr. Reddy’s Laboratories, Inc. (collectively, “DRL”) stating that DRL filed an Abbreviated New Drug Application (“ANDA”) containing a Paragraph IV patent certification with the U.S. Food and Drug Administration (“FDA”) for a generic version of the Company’s drug, TONMYA® (cyclobenzaprine hydrochloride) sublingual tablets, 2.8 mg.",1791445286,
0001506293-26-000136,0001506293,5.02,"On September 30, 2026, the Board of Directors of Pinterest, Inc. (the “Company”) amended and restated the Pinterest, Inc. Severance and Change in Control Plan for Employees in Level 21 Positions (filed as Exhibit 10.17 to the Company’s Annual Report on Form 10-K filed on February 12, 2026), effective September 30, 2026 (the “Plan”). The Plan is applicable to certain employees of the Company in job category position Level 21.",1791445286,
0001506293-26-000139,0001506293,5.02,"On October 1, 2026, Pinterest, Inc. (“Pinterest” or the “Company”) appointed James Dibbo, age 56, as its Chief Financial Officer, effective October 26, 2026, and as its principal financial officer, effective October 30, 2026.",1791511531,
0001506293-26-000139,0001506293,7.01,"On October 5, 2026, the Company issued a press release announcing the appointment of Mr. Dibbo as Chief Financial Officer of the Company.",1791511531,
0001515673-26-000006,0001515673,8.01,"On September 17, 2026, Ultragenyx Pharmaceutical Inc. (“Ultragenyx” or the “Company”) announced that the U.S. Food and Drug Administration (the “FDA”) granted standard full approval of FAYUVI™ (rebisufligene etisparvovec-hopf), also known as UX111, for the treatment of pediatric patients with mucopolysaccharidosis type IIIA (MPS IIIA, Sanfilippo syndrome Type A). FAYUVI is the first-ever FDA-approved treatment for Sanfilippo syndrome Type A, a progressive and fatal neurodegenerative disease, and the second gene therapy approval for Ultragenyx.",1791445286,
0001524472-26-000132,0001524472,1.01,"On September 8, 2026, Xylem Inc. (the “Company”), as borrower, entered into a Five-Year Revolving Credit Facility Agreement (the “2026 Credit Agreement”), a senior unsecured revolving credit facility, in an aggregate principal amount of up to $1,500,000,000 (available in U.S. dollars and in Euros), with a syndicate of lenders arranged by Citibank, N.A., BNP Paribas Securities Corp., ING Bank N.V., Dublin Branch, JPMorgan Chase Bank, N.A., Wells Fargo Securities, LLC, as Lead Arrangers and Joint Bookrunners, and with Citibank, N.A., as Administrative Agent, JPMorgan Chase Bank, N.A., as…",1791445286,
0001524472-26-000132,0001524472,1.02,"In connection with entering into the 2026 Credit Agreement, on September 8, 2026 the Company terminated the Five-Year Revolving Credit Facility Agreement, dated March 1, 2023 (the “2023 Credit Agreement”), among the Company, certain lenders and Citibank, N.A. as Administrative Agent, which provided for a senior unsecured $1,000,000,000 revolving credit facility.",1791445286,
0001525769-26-000039,0001525769,2.02,"On September 14, 2026, Dave & Buster’s Entertainment, Inc. (the “Company”) issued a press release announcing results its second quarter 2026 results.",1791445286,
0001551152-26-000030,0001551152,2.02,"Reported GAAP earnings and adjusted non-GAAP earnings for the third quarter of 2026 are expected to include acquired IPR&D and milestones expense of $216 million on a pre-tax basis, representing an unfavorable impact of $0.11 to both GAAP diluted earnings per share and adjusted non-GAAP diluted earnings per share. Results for the quarter ended September 30, 2026 have not been finalized and are subject to our financial statement closing procedures. There can be no assurance that our final results will not differ from these preliminary estimates.",1791511531,
0001552781-26-000492,0000078128,8.01,"Filing of Joint Petition for Non-Unanimous Settlement in Pennsylvania Public Utility Commission (the “PaPUC”) Proceeding with respect to Proposed Merger with Essential Utilities, Inc. As previously disclosed, on October 26, 2025, American Water Works Company, Inc. (“American Water” or the “Company”), Alpha Merger Sub, Inc., a direct wholly owned subsidiary of the Company (“Merger Sub”), and Essential Utilities, Inc. (“Essential Utilities”), entered into an Agreement and Plan of Merger (the “Merger Agreement”), providing for the proposed merger of Merger Sub with and into Essential Utilities…",1791445286,
0001562762-26-000111,0000016160,2.02,"Results of Operations On September 30, 2026, Cal -Maine Foods, Inc. (the “Company”) issued a press release announcing its financial results for the first quarter ended August 29, 2026.",1791445286,
0001562762-26-000117,0000016160,5.07,"The Company’s Annual Meeting of Stockholders was held on October 2, 202 6 (the “Annual Meeting”). Proposal No. 1: Election of Class II Directors. The following persons were nominated and elected to serve as members of the Board of Directors until our next annual meeting of stockholders and until their successors are elected and qualified.",1791445286,
0001564708-26-000190,0001564708,8.01,"As previously reported, under News Corporation's (the ""Company's"") stock repurchase program (the ""Repurchase Program""), the Company is authorized to acquire from time to time up to $1 billion in the aggregate of the Company's outstanding shares of Class A common stock and Class B common stock. Under the rules of the Australian Securities Exchange (the ""ASX""), the Company is required to provide to the ASX, on a daily basis, disclosure of transactions pursuant to the Repurchase Program, if any.",1791445286,
0001564708-26-000208,0001564708,8.01,"As previously reported, under News Corporation's (the ""Company's"") stock repurchase program (the ""Repurchase Program""), the Company is authorized to acquire from time to time up to $1 billion in the aggregate of the Company's outstanding shares of Class A common stock and Class B common stock. Under the rules of the Australian Securities Exchange (the ""ASX""), the Company is required to provide to the ASX, on a daily basis, disclosure of transactions pursuant to the Repurchase Program, if any.",1791445286,
0001564708-26-000211,0001564708,8.01,"As previously reported, under News Corporation's (the ""Company's"") stock repurchase program (the ""Repurchase Program""), the Company is authorized to acquire from time to time up to $1 billion in the aggregate of the Company's outstanding shares of Class A common stock and Class B common stock. Under the rules of the Australian Securities Exchange (the ""ASX""), the Company is required to provide to the ASX, on a daily basis, disclosure of transactions pursuant to the Repurchase Program, if any.",1791445286,
0001564708-26-000212,0001564708,8.01,"As previously reported, under News Corporation's (the ""Company's"") stock repurchase program (the ""Repurchase Program""), the Company is authorized to acquire from time to time up to $1 billion in the aggregate of the Company's outstanding shares of Class A common stock and Class B common stock. Under the rules of the Australian Securities Exchange (the ""ASX""), the Company is required to provide to the ASX, on a daily basis, disclosure of transactions pursuant to the Repurchase Program, if any.",1791445286,
0001564708-26-000216,0001564708,8.01,"As previously reported, under News Corporation's (the ""Company's"") stock repurchase program (the ""Repurchase Program""), the Company is authorized to acquire from time to time up to $1 billion in the aggregate of the Company's outstanding shares of Class A common stock and Class B common stock. Under the rules of the Australian Securities Exchange (the ""ASX""), the Company is required to provide to the ASX, on a daily basis, disclosure of transactions pursuant to the Repurchase Program, if any.",1791511531,
0001573516-26-000176,0001573516,5.02,"On August 31, 2026, the Board of Directors of Murphy USA Inc. (“Murphy USA” or the “Company”) appointed Anish K. Shah as the Vice President & Controller of the Company, effective as of September 1, 2026. Upon his appointment, Mr. Shah will also serve as the principal accounting officer of the Company. In connection with Mr. Shah’s appointment, Donald R. Smith, Jr., the Company’s current Senior Vice President, Chief Financial Officer and Treasurer will cease serving as the Company’s principal accounting officer on the same date.",1791445286,
0001577526-26-000119,0001577526,2.02,"On September 2, 2026, C3.ai, Inc. (the “ Company ”) issued a press release announcing its financial results for the fiscal first quarter ended July 31, 2026.",1791445286,
0001583708-26-000052,0001583708,2.02,"On August 27, 2026, SentinelOne, Inc. (the “Company”) announced its financial results for the second quarter of fiscal year 2027 ended July 31, 2026, by issuing an earnings presentation and a press release. The Company also announced that it would hold a webcast to discuss its financial results for the second quarter of fiscal year 2027 ended July 31, 2026. The Company makes reference to non-GAAP financial information in the Company’s press release, earnings presentation and the webcast call.",1791445286,
0001583708-26-000052,0001583708,7.01,"On August 27, 2026, the Company posted supplemental investor materials on the Investors Relations section of its website, available at investors.sentinelone.com.",1791445286,
0001587732-26-000044,0001587732,7.01,"On September 25, 2026, we announced we will participate virtually in the Wolfe Research Utilities, Midstream & Clean Energy Conference on September 29, 2026. Sid McAnnally, chief executive officer, Curtis Dinan, president and chief operating officer, and Christopher Sighinolfi, senior vice president and chief financial officer, will conduct a series of meetings with members of the investment community . The materials utilized at the conference are accessible on the ONE Gas website, www.onegas.com/investors/events-and-presentations .",1791445286,
0001599298-26-000076,0001599298,8.01,"On September 2, 2026, Summit Therapeutics Inc. issued a press release noting that its partner, Akeso Inc., (“Akeso”) announced positive overall survival (“OS”) results from the randomized, double-blind Phase III HARMONi-2 study evaluating ivonescimab monotherapy against pembrolizumab monotherapy in patients with locally advanced or metastatic non-small cell lung cancer whose tumors have positive PD-L1 expression (“HARMONi-2”).",1791445286,
0001599298-26-000081,0001599298,8.01,"On September 15, 2026, Summit Therapeutics Inc. (the ""Company"") issued a press release announcing that updated overall survival results from the global Phase III HARMONi clinical trial were presented today at the International Association for the Study of Lung Cancer 2026 World Conference on Lung Cancer (“WCLC 2026”). The press release also noted data from the randomized, double-blind Phase III HARMONi-2 trial presented by the Company's partner, Akeso Inc., at WCLC 2026.",1791445286,
0001603923-26-000097,0001603923,8.01,"On September 1, 2026, Weatherford International plc (the “ Company ”) filed a prospectus supplement to its Registration Statement on Form S-3ASR filed with the U.S. Securities and Exchange Commission on June 13, 2025 (No. 333-288045) (the “ Registration Statement ”), relating to the resale of up to 357,159 ordinary shares of the Company, nominal value $0.001 per share (the “ Ordinary Shares ”), by the selling shareholder identified therein.",1791445286,
0001628280-26-059262,0000039911,2.02,"On August 27, 2026, The Gap, Inc. (the “Company”) issued a press release (the “Earnings Press Release”) announcing the Company’s earnings for the second quarter of fiscal 2026 ended August 1, 2026.",1791445286,
0001628280-26-059262,0000039911,5.02,"On August 27, 2026, the Company issued a press release (the “Transition Press Release”) announcing that Horacio “Haio” Barbeito will be stepping down from his role as President and Chief Executive Officer of Old Navy, effective November 2, 2026. Mr. Barbeito will be eligible for separation benefits based on his separation in accordance with the terms of the Company's Senior Executive Severance Plan, which was previously filed with the Securities and Exchange Commission. Mr. Barbeito will continue to serve as an Executive Advisor to the Company through January 30, 2027.",1791445286,
0001628280-26-059262,0000039911,7.01,"The Transition Press Release also announced the appointment of Michael Francis as President and Chief Executive Officer of Old Navy to succeed Mr. Barbeito. Mr. Francis currently serves as Chief Customer Officer, Old Navy and Head of Marketing Shared Services, Gap Inc., and will begin his new role on November 2, 2026.",1791445286,
0001628280-26-059271,0001820953,2.02,"On August 27, 2026, Affirm Holdings, Inc. (the ""Company"") issued a Shareholder Letter (the ""Letter"") regarding its financial results for the fourth fiscal quarter ended June 30, 2026. Reconciliations of these non-GAAP financial measures to the comparable GAAP financial measures are contained in the Letter and the financial tables attached thereto.",1791445286,
0001628280-26-059271,0001820953,5.02,"On August 25, 2026, the Board of Directors (the “Board”) of the Company appointed Michael Linford to serve as President of the Company, effective August 27, 2026. Mr. Linford served as the Company’s Chief Operating Officer from September 2024 until his appointment as President, prior to which he served as the Company’s Chief Financial Officer from August 2018 until November 2024.",1791445286,
0001628280-26-059385,0001811210,2.03,"On August 24, 2026, Lucid Group, Inc. (the “ Company ”) drew $400 million of Delayed Draw Term Loan (“ DDTL ”) facilities pursuant to its existing agreement with Ayar Third Investment Company, an affiliate of the Public Investment Fund. Following this draw, and the previously disclosed draws of $500 million in April 2026 and $800 million in July 2026, the aggregate principal amount outstanding under the DDTL is $1.7 billion, with approximately $800 million of additional borrowing capacity remaining.",1791445286,
0001628280-26-059385,0001811210,5.02,"In connection with Gagan Dhingra’s departure, effective August 14, 2026, the Company entered into a separation agreement with him (the “ Separation Agreement ”) pursuant to which, among other things, the Company agreed to allow Mr. Dhingra to retain his Company vehicle and waive certain tuition repayment obligations in recognition of his contributions to the Company, subject to the terms and conditions set forth in the Separation Agreement, including, without limitation, Mr. Dhingra’s timely execution and non-revocation of a release of claims.",1791445286,
0001628280-26-059385,0001811210,7.01,"On August 28, 2026, the Company issued a press release announcing the appointment of several new members of its leadership team.",1791445286,
0001628280-26-059593,0001809987,8.01,"On August 31, 2026, the Board of Directors (the ""Board"") of Mirion Technologies, Inc. (the ""Company"") approved a new share repurchase program (the ""2026 Repurchase Program"") authorizing the repurchase of up to $250 million of the Company's outstanding Class A common stock. The 2026 Repurchase Program is effective as of August 31, 2026 and will continue through August 31, 2031, unless earlier terminated or suspended by the Company.",1791445286,
0001628280-26-060245,0000936395,2.02,"On September 3, 2026, Ciena Corporation (""Ciena"") issued a press release announcing its financial results for its fiscal third quarter ended August 1, 2026. As discussed in the press release, Ciena will be hosting an investor call to discuss its results of operations for its fiscal third quarter ended August 1, 2026. In conjunction with the issuance of this press release, Ciena posted to the quarterly results page of the ""Investors"" section of www.ciena.com an accompanying investor presentation.",1791445286,
0001628280-26-060438,0001642896,2.02,"On September 3, 2026, Samsara Inc. (“Samsara” or the “Company”) issued a press release announcing its financial results for the three and six months ended August 1, 2026 .",1791445286,
0001628280-26-060742,0000849869,5.02,"On September 2, 2026, Silgan Holdings Inc., or the Company, and Philippe Chevrier, the Executive Vice President and Chief Operating Officer of the Company, mutually agreed that Mr. Chevrier's employment with Company will end on September 30, 2026. 2",1791445286,
0001628280-26-060809,0001920406,8.01,"On September 8, 2026, Strive, Inc. (""Strive"" or the ""Company"") announced that during the period from August 31, 2026 through September 4, 2026, Strive purchased 1,375 bitcoin at an average price of approximately $79,281 per bitcoin, inclusive of fees and expenses.",1791445286,
0001628280-26-061011,0001766502,2.02,"On September 9, 2026, Chewy, Inc. (the “Company”) announced its financial results for the second quarter of fiscal year 2026 ended August 2, 2026, by issuing a press release. The Company previously announced that it would be holding a conference call on September 9, 2026, at 8 a.m. Eastern Time to discuss its financial results for the second quarter of fiscal year 2026 ended August 2, 2026.",1791445286,
0001628280-26-061155,0000711404,2.02,"On September 9, 2026, The Cooper Companies, Inc. (the “Company”) issued a press release reporting results for its fiscal third quarter ended July 31, 2026.",1791445286,
0001628280-26-061155,0000711404,8.01,"On September 9, 2026, the Company issued a press release announcing the completion of its strategic review and an increase in its share repurchase authorization.",1791445286,
0001628280-26-061217,0000794367,2.02,"On September 10, 2026, Macy’s, Inc. (“Macy’s” or the “Company”) issued a press release announcing Macy’s financial condition, results of operations and cash flows as of and for the 13 and 26 weeks ended August 1, 2026. Macy’s reports its financial results in accordance with U.S. generally accepted accounting principles (“GAAP”). The press release referred to above contains non-GAAP financial measures of earnings before interest, taxes, depreciation and amortization (“EBITDA”), adjusted EBITDA, adjusted net income, and adjusted diluted earnings per share.",1791445286,
0001628280-26-061531,0001800227,8.01,"People Incorporated (formerly IAC Inc.) (“People Incorporated” or the “Company”) is filing this Current Report on Form 8-K (“Form 8-K”) to revise the sections entitled “Item 7. Management's Discussion and Analysis of Financial Condition and Results of Operations,” “Item 7A. Quantitative and Qualitative Disclosures About Market Risk” and “Item 8.",1791445286,
0001628280-26-062287,0000920760,2.02,"On September 16, 2026, Lennar Corporation issued a press release announcing its results of operations for the third quarter ended August 31, 2026.",1791445286,
0001628280-26-062535,0001065059,8.01,"On September 17 , 2026 , Centrus Energy Corp. (the “Company”) issued a press release announcing that it had signed a contract with Antares Nuclear to supply high-assay low-enriched uranium (“HALEU”). Deliveries of HALEU under the contract are scheduled to begin prior to the end of the current decade.",1791445286,
0001628280-26-062997,0000026324,5.02,"On September 21, 2026, the Board of Directors (the “Board”) of Curtiss-Wright Corporation (the “Company”) appointed Kevin M. Rayment to serve as the Company’s President and Chief Executive Officer and as a member of the Board, effective as of January 1, 2027 (the “PEO Start Date”). Mr. Rayment has served as the Company’s Executive Vice President since January 2026 and Chief Operating Officer since April 2021, during which time he has played an instrumental role in leading the Company through a period of strong financial performance.",1791445286,
0001628280-26-063314,0001177394,2.02,"On September 24, 2026, TD SYNNEX Corporation (“TD SYNNEX”) issued a press release regarding TD SYNNEX’s financial results for its fiscal third quarter ended August 31, 2026 and the announcement of a dividend in the amount of $0.48 per common share in the fourth quarter of fiscal year 2026.",1791445286,
0001628280-26-063618,0000091576,7.01,"On September 25, 2026, KeyCorp posted an investor presentation to its website. From time to time, KeyCorp may use this presentation in conversations with investors and analysts. The presentation may be accessed through the Investor Relations page of KeyCorp’s website at www.key.com/ir. The content of the KeyCorp website referenced herein and in the exhibit are not incorporated into this Current Report on Form 8-K.",1791445286,
0001628280-26-063850,0001441816,7.01,"On September 29, 2026, MongoDB, Inc. (the “Company”) hosted an Investor Day accessible via webcast during which members of the leadership team discussed the Company’s strategies to drive sustainable growth and deliver long-term shareholder value.",1791445286,
0001628280-26-063850,0001441816,8.01,"On September 25, 2026, the Company’s Board of Directors authorized an additional $1.0 billion in repurchases under the Company’s existing share repurchase program, bringing the aggregate authorized repurchase amount to $2.0 billion, of which $1,353,700,000 remains available for future repurchases as of the date of this filing. Repurchases of the Company's common stock may be made from time to time, either through open market transactions or in privately negotiated transactions.",1791445286,
0001628280-26-063888,0001013237,2.02,"On September 30, 2026, FactSet Research Systems Inc. (""FactSet"" or the ""Company"") issued a press release announcing its results for the three and twelve months ended August 31, 2026.",1791445286,
0001628280-26-063888,0001013237,5.03,"On September 24, 2026, the Board of Directors (the “Board”) of FactSet approved and adopted amendments to the Company’s amended and restated by-laws (as amended and restated, the “Amended and Restated By-laws”), which became effective the same day.",1791445286,
0001628280-26-063890,0000898293,2.02,"On September 30, 2026, Jabil Inc. (the “Company”) issued a press release announcing its results of operations for the fourth fiscal quarter and full fiscal year ended August 31, 2026.",1791445286,
0001628280-26-064246,0001901440,7.01,"On October 1, 2026, UL Solutions Inc. (the “Company”) issued a press release announcing that it has completed the acquisition of the electrical and electronics business of Eurofins Scientific SE.",1791445286,
0001628280-26-064270,0000042582,2.05,"On September 29, 2026, The Goodyear Tire & Rubber Company (the “Company”) approved a plan to close its chemical manufacturing facilities in Niagara Falls, New York (“Niagara Falls”) and Bayport, Texas (“Bayport”). The plan includes approximately 85 job reductions.",1791445286,
0001628280-26-064352,0001590717,2.01,"On October 1, 2026, CareTrust REIT, Inc. (the “Company”), through its subsidiary, CareTrust UK Limited, a company registered in England and Wales (the “Purchaser”), completed the acquisition of the entire issued share capital of care home property companies holding an aggregate of 23 completed care homes and one additional care home remaining subject to regulatory approval anticipated in October 2026 (each, a “Completed Property” and collectively, the “Completed Properties”), from LNT Care Developments Holdings Limited, a company registered in England and Wales (“LNT”), pursuant to that…",1791445286,
0001628280-26-064352,0001590717,7.01,"On October 2, 2026, the Company issued a press release announcing the transactions reported in Item 2.01 of this Current Report on Form 8-K (collectively, the “LNT Transaction”). In connection with the announcement of the LNT Transaction, the Company has published an investor presentation and brief management remarks, which are available under the “Events & Presentations” tab in the “Investors” section of the Company's website at www.CareTrustREIT.com.",1791445286,
0001628280-26-064413,0000040704,5.03,"On September 29, 2026, the shareholders of General Mills, Inc. (the “Company”) voted at the 2026 Annual Meeting of Shareholders (the “Annual Meeting”) to approve amendments to the Amended and Restated Certificate of Incorporation of the Company (the “Amended Certificate”), effective October 1, 2026, to provide for the exculpation of certain officers and to require that claims under the Securities Act of 1933 be brought only in the federal district courts of the United States.",1791445286,
0001628280-26-064413,0000040704,5.07,"On September 29, 2026, the Company held its 2026 Annual Meeting. There were 444,390,002 shares of common stock represented either in person or by proxy at the meeting. For more information on the following proposals submitted to shareholders, see the Company’s definitive proxy statement, dated August 13, 2026. Below are the final voting results. 1.",1791445286,
0001628280-26-064586,0001588978,5.02,"On October 2, 2026, the board of directors (the “Board”) of PROCEPT BioRobotics Corporation (the “Company”) approved (i) an increase in the size of the Board from nine members to ten members, (ii) appointed Dr. Michael Mack as a new member of the Board to fill the resulting vacancy, effective immediately. Dr. Mack was classified as a Class II director, and his initial term will expire at the Company’s 2029 annual meeting of stockholders and until his successor has been elected and qualified, or until his earlier death, resignation or removal.",1791445286,
0001628280-26-065252,0000026324,5.02,"Retirement of Chief Financial Officer On October 5, 2026, K. Christopher Farkas, Executive Vice President and Chief Financial Officer of Curtiss-Wright Corporation (the “Company”), informed the Company that he will be retiring effective at calendar year-end (the “Retirement Date”). In connection with his retirement, Mr. Farkas has stepped down from his position as Chief Financial Officer, but he will remain with the Company as Executive Vice President until the Retirement Date to facilitate a seamless transition.",1791511531,
0001628280-26-065254,0000920371,7.01,"On October 6, 2026, Simpson Manufacturing Co., Inc. (the “Company”) is providing an operational and guidance timing update for the full year ending December 31, 2026. This update reflects a shift in the anticipated closing timeline of the unimproved land in Stockton, California. Due to administrative procedures, the transaction which was originally scheduled to close in the third quarter of 2026, actually closed in the fourth quarter of 2026. Consequently, the net gain on disposal and its effect on income from operations will be recognized in the fourth quarter, rather than the third.",1791511531,
0001628280-26-065292,0000933974,2.05,"On October 5, 2026, the Board of Directors of Azenta, Inc. (the “Company”) approved, and the Company committed to, a restructuring plan (the “Plan”) within the Company’s Multiomics reportable segment. The Plan is intended primarily to consolidate the Company’s North American laboratory network, simplify its organizational structure and improve operating efficiency, and consists of workforce reductions and the closure of three of the Company’s Multiomics laboratory sites in North America. The Company began notifying affected employees of the actions contemplated by the Plan on October 6, 2026.",1791445286,
0001628280-26-065292,0000933974,2.06,"In connection with, and as part of, the Plan described under Item 2.05 above, on October 5, 2026 the Company concluded that it will be required to record a material charge for impairment of long-lived assets, consisting primarily of the operating lease right-of-use asset and related leasehold improvements associated with the leased facilities that the Company expects to exit prior to the expiration of the lease terms.",1791445286,
0001628280-26-065383,0001786842,5.02,"On October 2, 2026, Kathryn Rowen, Executive Vice President, Chief Transformation and Operations Officer, of Vontier Corporation (the “Company”), notified the Company of her decision to resign from the Company effective October 16, 2026 to pursue another opportunity.",1791511531,
0001628280-26-065385,0001866175,1.01,"Devon EF Assets Acquisition Agreement On October 8, 2026, a subsidiary of Crescent Energy Company (the “Company,” “Crescent,” “we,” “our” or “us”) entered into the Purchase and Sale Agreement (the “Devon EF Assets Acquisition Agreement”), pursuant to which we will acquire certain assets from Devon Energy Production Company, L.P., a subsidiary of Devon Energy Corporation (NYSE: DVN), (the “Devon EF Assets,” and such acquisition, the “Devon EF Assets Acquisition”) for a purchase price of $4,220,000,000 in cash.",1791511531,
0001628280-26-065385,0001866175,2.02,"The pro forma financial information gives effect to (i) the consummation of the acquisition of Vital Energy, Inc., a Delaware corporation (the “Vital Energy Merger”), as completed by the Company on December 15, 2025, (ii) the consummation of the acquisition of Ridgemar (Eagle Ford) LLC (the “Ridgemar Acquisition”) as completed by the Company on January 31, 2025, and (iii) the pending Devon EF Assets Acquisition (together with the Vital Energy Merger and the Ridgemar Acquisition, the “Transactions”).",1791511531,
0001628280-26-065385,0001866175,7.01,"On October 8, 2026, the Company issued a news release announcing the Devon EF Assets Acquisition.",1791511531,
0001628280-26-065385,0001866175,8.01,"Recent Developments On October 8, 2026, the Company provided certain updates to potential investors, the relevant excerpts of which are set forth below. ****** 2 Based on forecasts used in our reserve report and the Devon EF Assets reserve report, our proved developed producing (“PDP”) reserves as of December 31, 2025 have estimated average five-year and ten-year annual decline rates of approximately 12% and approximately 9%, respectively, and an estimated 2026 PDP decline rate of approximately 32%. ****** Our portfolio of assets: • at December 31, 2025, consisted of 975.5 net MMBoe (or…",1791511531,
0001637459-26-000067,0001637459,5.02,"On October 2, 2026, Angel S. Willis, Executive Vice President, Global General Counsel and Corporate Affairs Officer, notified The Kraft Heinz Company (the “Company”) that she has decided to resign from her position with the Company, effective October 20, 2026, to pursue other opportunities. 1",1791511531,
0001645113-26-000071,0001645113,7.01,"On September 15, 2026, the Company issued a press release announcing that that Japan’s Ministry of Health, Labour and Welfare (MHLW) approved Optune Pax® for the treatment of adult patients diagnosed with unresectable locally advanced pancreatic cancer, concomitant with gemcitabine and nab-paclitaxel.",1791445286,
0001655888-26-000063,0001655888,2.02,"On October 1, 2026, Blue Owl Capital Corporation (the “Company”) issued a press release to announce that the Company will release its financial results for the third quarter ended September 30, 2026 on Wednesday, November 4, 2026 after market close. The Company will hold its earnings webcast / conference call on Thursday, November 5, 2026 at 10:00 a.m.",1791445286,
0001660280-26-000039,0001660280,1.01,"Indenture and Notes On September 15, 2026, Tenable Holdings, Inc. (the “Company”) completed its previously announced private offering (the “Offering”) of $800,000,000 aggregate principal amount of 0.25% Convertible Senior Notes due 2031 (the “Notes”), including the exercise in full of the initial purchasers’ option to purchase up to an additional $75,000,000 principal amount of the Notes. The Notes were issued pursuant to an indenture, dated September 15, 2026 (the “Indenture”), between the Company and U.S. Bank Trust Company, National Association, as trustee.",1791445286,
0001660280-26-000039,0001660280,3.02,"The Company offered and sold the Notes to the initial purchasers in reliance on the exemption from registration provided by Section 4(a)(2) of the Securities Act of 1933, as amended (the “Securities Act”), and for resale by the initial purchasers to persons reasonably believed to be qualified institutional buyers pursuant to the exemption from registration provided by Rule 144A under the Securities Act.",1791445286,
0001660280-26-000039,0001660280,8.01,"Press Releases On September 10, 2026, the Company issued a press release announcing the proposed Offering. On September 10, 2026, the Company issued a press release announcing the pricing of the Notes. The Company undertakes no obligation to update such statements to reflect events that occur or circumstances that exist after the date on which they were made.",1791445286,
0001670541-26-000105,0001670541,5.02,"Adient plc (“Adient”) today announced that on October 1, 2026, Peter H. Carlin will resign from Adient’s board of directors and join Adient as Vice President, Finance. Additionally, the size of Adient’s board of directors will be reduced to seven members as of such date. Effective November 16, 2026, Mr. Carlin will be appointed as Executive Vice President and Chief Financial Officer (“CFO”) of Adient and will assume the duties as principal financial officer of Adient at that time. Mr. Carlin has served as a member of Adient’s board of directors since 2018.",1791445286,
0001676238-26-000039,0001676238,2.02,"On September 8, 2026, Braze, Inc. (the “ Company ”) issued a press release announcing its financial results for the fiscal quarter ended July 31, 2026.",1791445286,
0001679273-26-000051,0001679273,2.02,"On October 6, 2026, Lamb Weston Holdings, Inc. announced its financial results for the fiscal first quarter 2027.",1791445286,
0001679273-26-000053,0001679273,5.02,"On October 5, 2026, Lamb Weston Holdings, Inc. (“we,” “our” or “Lamb Weston”) entered into a transition and separation agreement (the “Transition Agreement”) with Marc Schroeder, our President, International, in connection with his resignation and to ensure a smooth transition. Under the Transition Agreement, Mr. Schroeder will continue to serve as President, International through December 31, 2026, and remain with Lamb Weston in an advisory capacity until February 15, 2027.",1791511531,
0001679788-26-000113,0001679788,5.02,"On September 29, 2026, Jennifer Jones, the Chief Accounting Officer and principal accounting officer of Coinbase Global, Inc. (“Coinbase”), notified Coinbase of her decision to retire. Ms. Jones will continue to serve in these roles until they are transitioned to a successor. Coinbase has initiated a search of potential candidates for the role, and Ms. Jones will work with her successor to support a smooth transition of responsibilities. Her decision to retire is not the result of any disagreement with Coinbase on any matter relating to its operations, policies, or practices.",1791445286,
0001683168-26-006693,0001158114,1.01,"On August 18, 2026, the Board of Directors of Applied Optoelectronics, Inc. (the “Company”) approved and adopted an updated form of indemnification agreement (the “Indemnification Agreement”). The Company expects to enter into the Indemnification Agreement with each of its directors and certain executive officers. The Indemnification Agreement will replace and supersede the Company’s existing indemnification agreements with such directors and executive officers.",1791445286,
0001707753-26-000035,0001707753,2.02,"On August 27, 2026, Elastic N.V. (“Elastic” or the “Company”) issued a press release announcing its financial results for its first quarter ended July 31, 2026.",1791445286,
0001728951-26-000064,0001728951,7.01,"2025 Corporate Responsibility Report On September 16, 2026, Essential Properties Realty Trust, Inc. (the ""Company"") published its 2025 Corporate Responsibility Report.",1791445286,
0001760965-26-000061,0001760965,7.01,"On September 2, 2026, Kontoor Brands, Inc. issued a press release announcing Helly Hansen growth strategy and 2030 financial targets. As previously announced, Kontoor Brands, Inc. hosted an investor meeting on September 2, 2026, accessible at kontoorbrands.com/investors. Financial Statements and Exhibits.",1791445286,
0001803599-26-000147,0001803599,2.02,"On September 29, 2026, Concentrix Corporation (the “Company” or “Concentrix”) issued a press release reporting its financial results for the third quarter ended August 31, 2026.",1791445286,
0001805526-26-000083,0001805526,8.01,"On August 31, 2026, the Company issued a press release announcing that it intends to conduct an initial public offering registered under the Securities Act of 1933, as amended, of shares of its Variable Rate Series C Perpetual Preferred Stock (the “CHAD Stock”). These risks include, but are not limited to, market risks, trends and conditions, and are more fully described in the section captioned “Risk Factors” in the Company’s most recent Annual Report on Form 10-K, subsequent Quarterly Reports on Form 10-Q and other reports the Company files with the SEC.",1791445286,
0001805526-26-000098,0001805526,1.01,"On September 3, 2026, DeFi Development Corp. (the “Company”) entered into an underwriting agreement (the “Underwriting Agreement”) with R.F. Lafferty & Co., Inc., as the sole book-running manager and underwriter (the “Underwriter”), relating to the issuance and sale in an underwritten offering (the “Offering”) registered under the Securities Act of 1933, as amended (the “Securities Act”), of 1,375,000 shares (the “Shares”) of the Company’s Variable Rate Series C Perpetual Preferred Stock, par value $0.00001 per share (the “CHAD Stock”) at a public offering price of $8.00 per share.",1791445286,
0001805526-26-000098,0001805526,3.03,"In connection with the issuance of the CHAD Stock, the Company filed a Certificate of Designation (the “Certificate of Designation”) with the Nevada Secretary of State effective on September 3, 2026 designating 2,200,000 shares, and establishing the terms, of the CHAD Stock. The CHAD Stock accumulates cumulative dividends (“regular dividends”) at a variable rate (as described below) per annum on the stated amount of $10 per share (the “stated amount”) thereof.",1791445286,
0001805526-26-000098,0001805526,8.01,"On September 4, 2026, the Company issued a press release relating to the pricing of the Offering. On September 8, 2026, the Company issued a press release relating to the closing of the Offering. Neither this Current Report on Form 8-K nor the press release attached hereto constitute an offer to sell or the solicitation of an offer to buy any securities.",1791445286,
0001805526-26-000104,0001805526,1.01,"On September 11, 2026, DeFi Development Corp. (the “Company”) entered into a sales agreement (the “Sales Agreement”) with R.F. Lafferty & Co., Inc., acting as sales agent or principal (the “Agent”), pursuant to which the Company may offer and sell from time to time, through or to the Agent, up to 30,000,000 shares (the “Shares”) of the Company’s Variable Rate Series C Perpetual Preferred Stock, par value $0.00001 per share (“CHAD Stock”).",1791445286,
0001805526-26-000104,0001805526,5.03,"On September 8, 2026, the Company filed a Certificate of Amendment to the Certificate of Designation relating to the CHAD Stock (the “Certificate of Amendment”) to increase the number of authorized shares of CHAD Stock from 2,220,000 to 32,200,000 shares.",1791445286,
0001817358-26-000146,0001817358,2.02,"On September 9, 2026, Academy Sports and Outdoors, Inc. (the “Company”) issued a press release announcing financial results for the quarter ended August 1, 2026.",1791445286,
0001817358-26-000146,0001817358,7.01,"On September 9, 2026, the Company posted the Second Quarter 2026 Earnings Presentation to its website at investors.academy.com.",1791445286,
0001820144-26-000033,0001820144,3.02,"The shares of Common Stock to be issued in connection with the Transaction will be issued in reliance on the exemption from registration provided by Section 4(a)(2) of the Securities Act of 1933, as amended (the “Securities Act”), as a transaction by an issuer not involving a public offering. Each Seller receiving shares of Common Stock has made or will make customary investment representations to the Company in the Purchase Agreement.",1791445286,
0001820144-26-000033,0001820144,7.01,"On September 30, 2026, the Company issued a press release and posted a shareholder letter to its website announcing the entry into the Purchase Agreement.",1791445286,
0001856437-26-000019,0001856437,7.01,"On September 3, 2026, Victoria’s Secret & Co. issued a press release setting forth its second quarter 2026 results and its third quarter and updated full year 2026 earnings guidance.",1791445286,
0001856525-26-000091,0001856525,2.02,"Conditions On September 9, 2026, Core & Main, Inc. (“Core & Main” or the ""Company"") issued a press release announcing its results of operations for the fiscal second quarter ended August 2, 2026. On September 9, 2026, Core & Main posted to the “Investor Relations” section of its website the presentation that accompanied the earnings conference call.",1791445286,
0001858681-26-000054,0001858681,7.01,"Apollo Global Management, Inc. (the “Company”, “Apollo”, “we”, and “our”) and Athene Holding Ltd. (“Athene”), a subsidiary of Apollo, are reporting preliminary estimates for the Company’s alternative net investment income for the third quarter ended September 30, 2026. This information is being reported prior to the availability of the Company’s quarterly earnings release and quarterly financial supplement for the third quarter, scheduled for release on November 3, 2026.",1791511531,
0001874178-26-000061,0001874178,2.03,"On October 7, 2026 (the “Funding Date”), Rivian Automotive, Inc. (the “Company”) announced the funding of the committed $1.0 billion, 10-year term loan facility from Volkswagen Group that was entered into in connection with the parties’ existing joint venture agreement. The facility is non-recourse to the Company, carries a 6.03% per annum fixed interest rate and is secured by the 50% equity interest in the Joint Venture (as defined below) owned by Rivian JV SPC, LLC (“Rivian SPV”), a wholly-owned subsidiary of the Company.",1791596902,
0001883685-26-000034,0001883685,4.01,"Changes in Registrant’s Certifying Accountant. On September 23, 2026, upon the completion of an evaluation process, the Audit Committee (the “Audit Committee”) of the Board of Directors of DraftKings Inc. (the “Company”) (i) dismissed BDO USA, P.C.",1791445286,
0001889539-26-000152,0001889539,5.07,"Corebridge Financial, Inc. (the “Company”) held its 2026 Annual Meeting of Stockholders on September 16, 2026 (the “2026 Annual Meeting”), via live webcast, for the following purposes: (i) to elect eleven directors for a one-year term ending at the Company’s 2027 annual meeting of stockholders (the “2027 Annual Meeting”); (ii) to approve the 2025 compensation of the Company’s named executive officers on an advisory basis; and (iii) to ratify the appointment of PricewaterhouseCoopers LLP as the Company’s independent registered public accounting firm for 2026.",1791445286,
0001907982-26-000144,0001907982,1.01,"Securities Issuance Agreement On September 8, 2026, the Company entered into the SIA with the Department on the terms described under Item 1.01 of the Original Report. Pursuant to the SIA, the Company issued to the Department 7,095,721 shares of the Company’s common stock, par value $0.0001 per share (the “ Shares ”), at an issuance price of $14.093 per share. The Shares have not been registered under the Securities Act of 1933, as amended (the “ Securities Act ”), or any state securities laws.",1791445286,
0001907982-26-000144,0001907982,3.02,"The issuance of the Shares was made in reliance upon an exemption from registration under the Securities Act, pursuant to Section 4(a)(2) thereof for transactions by an issuer not involving any public offering.",1791445286,
0001907982-26-000144,0001907982,8.01,"In light of the execution of the SIA described in Item 1.01 above, the Company is providing the following updated risk factors, which amend and restate the risk factors provided in Item 8.01 of the Original Report, to supplement the risks described in “Risk Factors” in the Company’s 2025 Form 10-K, Q1 2026 Form 10-Q and Q2 2026 Form 10-Q: Risk Factors The execution of the OTA and the SIA with the Department, the receipt of funding thereunder and the Department’s ownership of an equity interest in the Company may subject the Company and its stockholders to a number of risks and uncertainties.…",1791445286,
0001943896-26-000055,0001943896,2.02,"On August 27, 2026, Rubrik, Inc. (the “Company”) issued a press release announcing its financial results for the fiscal quarter ended July 31, 2026.",1791445286,
0001943896-26-000055,0001943896,5.02,"On and effective as of August 26, 2026, the Board of Directors (the “Board”) of the Company increased the authorized size of the Board from eight to nine directors and appointed Rakefet Russak-Aminoach to the Board. Ms. Russak-Aminoach was appointed as a Class I director for a term expiring at the Company’s 2028 annual meeting of stockholders. Ms. Russak-Aminoach has entered into the Company’s standard form of indemnification agreement between the Company and its directors and executive officers.",1791445286,
0001999371-26-021687,0000094845,5.02,"On September 30, 2026, Levi Strauss & Co. (the “Company”) announced the appointment of John Vandemore as the Company’s Executive Vice President, Chief Financial Officer, effective November 1, 2026 (the “Effective Date”). Mr. Vandemore, 53, most recently served as Chief Financial Officer of Skechers U.S.A., Inc., a global casual footwear company, beginning in November 2017. Previously, he served as Executive Vice President, Divisional Chief Financial Officer of Mattel, a global toy and entertainment company, from September 2015 until October 2017.",1791445286,
0002071876-26-000219,0001327068,1.01,"On September 25, 2026, The Marygold Companies, Inc. (“TMC”) publicly announced its entry into a definitive agreement with Madison Dearborn Partners (“MDP”), a leading private equity firm based in Chicago, for TMC to become a privately held company in an all-cash transaction (the “Transaction”).",1791445286,
0002071876-26-000221,0001376227,1.01,"On September 25, 2026, The Marygold Companies, Inc. (“TMC”) publicly announced its entry into a definitive agreement with Madison Dearborn Partners (“MDP”), a leading private equity firm based in Chicago, for TMC to become a privately held company in an all-cash transaction (the “Transaction”).",1791445286,
