alert_id,checked_utc,filed,accession_no,item_code,t0_utc,lead_trading_h,filed_scheduled,filed_unscheduled
000b49f65a0a36f52f9acb93,1791424971,0,,,,,0,0
000c98e4afaf34e6c860eaea,1791424971,0,,,,,0,0
0014b9e59db06092211eac17,1791424971,0,,,,,0,0
001517ac681a2eab2badee31,1791424971,1,0000825542-26-000054,5.02,1790366532,0.5,0,1
00172277116ec3378f111c94,1791424971,0,,,,,0,0
0024bf44141785e74bfa7c27,1791424971,0,,,,,0,0
0026e7924c4bd42726b23026,1791424971,0,,,,,0,0
0027e8cd5d76dbc281d96885,1791424971,0,,,,,0,0
00280f3a3a777b9426dd15a2,1791511133,0,,,,,0,0
002af2ad2b0a41da23c974b4,1791424971,0,,,,,0,0
002b49c683753457f793b3ee,1791424971,0,,,,,0,0
0030eb867a68962a230a76ed,1791424971,0,,,,,0,0
0030f9d5691ba8bbc6269c4c,1791424971,0,,,,,0,0
00322850db2f2c79e5e5e0ec,1791424971,0,,,,,0,0
0036d13f50d6e8f45d62c06e,1791511133,1,0001628280-26-065252,"5.02,9.01",1791319479,2.5,0,1
0037c901d57ebd2d9999498b,1791424971,0,,,,,0,0
0039039789db673766705bd7,1791424971,0,,,,,0,0
003a0d6e8822f1b1eded90f2,1791424971,0,,,,,0,0
003e77322dceb53eaa757155,1791511133,0,,,,,0,0
003ebb8238c43181f14827d5,1791424971,0,,,,,0,0
003fa9f3d197cb4290c17f21,1791424971,0,,,,,0,0
0050ae8908e9abeb4bbdf659,1791424971,0,,,,,0,0
0050e099c0b7c48adf9bc44e,1791424971,0,,,,,0,0
005336be786fdf334ad88640,1791424971,0,,,,,0,0
005a71ecc862b9d6209689bd,1791424971,1,0001193125-26-391228,"1.01,2.02,5.02,7.01,9.01",1789466565,0.5,1,0
005b2df081e4fbc8e4b319ee,1791424971,0,,,,,0,0
005c3df0017df4f08a6b2820,1791424971,1,0001193125-26-401157,"7.01,8.01,9.01",1790284267,4.5,0,1
005c773b97edf4c9416d7d6f,1791424971,0,,,,,0,0
0060bb5f5e3fd1998b88ad66,1791424971,0,,,,,0,0
00624427cdc9ed92232c9a8c,1791424971,0,,,,,0,0
0062fad002970a96e62bd436,1791424971,0,,,,,0,0
006dc7786085e03c2bc345f9,1791511133,0,,,,,0,0
0072a26bccb70b3fc3931d64,1791511133,0,,,,,0,0
00741700f7d41535faa85a77,1791424971,0,,,,,0,0
00774a1cfd427aa96797e63b,1791424971,0,,,,,0,0
00798a7deac18eedcce15ede,1791427778,0,,,,,0,0
0079a325ba1ff3762a41147f,1791424971,0,,,,,0,0
007d77f0c9a6c71cae0d4f55,1791424971,0,,,,,0,0
007fea420391e406b62f6c9b,1791511133,0,,,,,0,0
008082beaea4974a1fa5373a,1791424971,0,,,,,0,0
0082a703d92af04dcd02d038,1791424971,0,,,,,0,0
008489dc5b03612a2f2a9198,1791511133,0,,,,,0,0
008629828d713e9ff9240e3b,1791424971,0,,,,,0,0
008eb9343c0702c203076b2a,1791424971,0,,,,,0,0
0091ea50bfedc5b5d6a5dae2,1791424971,0,,,,,0,0
0093d8ba5eaf25e5631df7a1,1791424971,0,,,,,0,0
00954fcbd6a8aa2272dfeecb,1791424971,0,,,,,0,0
0097d3f2a711ff67fe17ad0e,1791424971,0,,,,,0,0
009a90c5213e715d4d5ca44e,1791511133,0,,,,,0,0
009ae57739f80126161bbc50,1791424971,0,,,,,0,0
009bd35f77ed13468b32fe63,1791424971,0,,,,,0,0
009dbc2b9564f875c297faed,1791424971,1,0001628280-26-064413,"5.03,5.07,9.01",1790954717,1.9213888888888888,0,1
00a1bdf8f370ce664e30667f,1791511133,0,,,,,0,0
00a4fb19b5a2ad850ffac3f8,1791511133,0,,,,,0,0
00ae5195343a03be072963ca,1791424971,0,,,,,0,0
00b0a2c1397745f2eff07279,1791511133,0,,,,,0,0
00b1629d82a9cec38af2f4c4,1791424971,0,,,,,0,0
00b2ee0c24add700bd1c93ad,1791424971,0,,,,,0,0
00b52c3a6d4d312af1fc0d81,1791424971,0,,,,,0,0
00bb87c6a06ef9a6199e7f27,1791424971,0,,,,,0,0
00c0a75312f96bdff2b61065,1791424971,0,,,,,0,0
00c48041881b5c66ac8871e1,1791424971,0,,,,,0,0
00ca4c1e69f91e62531943a1,1791424971,0,,,,,0,0
00cd3f39075780d8abc86184,1791424971,0,,,,,0,0
00cd824560c24e5fe4a5bce0,1791424971,0,,,,,0,0
00cf2efe4a418e5b20f2fe90,1791424971,0,,,,,0,0
00d098ce2f78ca73833c887d,1791424971,0,,,,,0,0
00d53196512d2cf8e9eccd57,1791424971,0,,,,,0,0
00d9c2eca312e594406751dc,1791424971,0,,,,,0,0
00dbabab707ebd8715c8b38a,1791424971,0,,,,,0,0
00f020d159722cb850b01415,1791424971,0,,,,,0,0
00f1210794355c5ece0c4636,1791424971,0,,,,,0,0
00f9566e12a7cabfdb612703,1791511133,0,,,,,0,0
00fd082c0943970bc4872c18,1791424971,0,,,,,0,0
01014baddbe38d49e6beb1f3,1791424971,1,0001104659-26-106419,8.01,1788990538,6.5,0,1
0102688c9325b6670bc11b5f,1791424971,0,,,,,0,0
0103359530dabc7422090b0f,1791424971,0,,,,,0,0
010827625d40d23c9a4155a1,1791424971,0,,,,,0,0
0109119984466e98bd0cf2bf,1791424971,0,,,,,0,0
010977f10956ad633b656e7e,1791511133,0,,,,,0,0
010b194ab38f1b2086466989,1791424971,0,,,,,0,0
010c8afced985ae61d795779,1791424971,0,,,,,0,0
010ca78966f6d4e967da6637,1791424971,0,,,,,0,0
011067bf19377f09d91330a6,1791511133,0,,,,,0,0
01114521a779c9e1c7b234c5,1791424971,0,,,,,0,0
01132f2328c3e9f9d40fde17,1791424971,0,,,,,0,0
01161b81ed527e371c817d57,1791424971,0,,,,,0,0
0116cf382c9e49755abcdd2e,1791424971,0,,,,,0,0
011a35496b5cad30f231569f,1791424971,0,,,,,0,0
011ae34a824a15037ed4c722,1791424971,0,,,,,0,0
011c42af9a3516d6acc4a700,1791424971,0,,,,,0,0
011d6da87c8a4bad6ebaef46,1791424971,0,,,,,0,0
01220a670e4d04836b7435bc,1791424971,0,,,,,0,0
0124678acc1a0a5d0544fcab,1791424971,1,0001193125-26-392188,"7.01,9.01",1789509480,6.5,0,1
012619c91c1e3b6bfe240cf2,1791424971,0,,,,,0,0
0126f8da562c28f798e5a857,1791424971,0,,,,,0,0
0129a00508b19efc24d8d8dd,1791424971,0,,,,,0,0
012a016b1c8f495e0350577b,1791424971,0,,,,,0,0
012d13364de1b3cd2477fdab,1791424971,0,,,,,0,0
0132ae69de2eb07d6d6e2774,1791424971,0,,,,,0,0
0136ec4487e142475f0e9521,1791424971,0,,,,,0,0
013a615722b906e477b94dbf,1791424971,0,,,,,0,0
0144a25d491d0952d8808308,1791424971,0,,,,,0,0
01467a64994976b45b0d9816,1791511133,0,,,,,0,0
014840fe207759af92c81f20,1791424971,0,,,,,0,0
01485b11ed2fdad0360de3f9,1791424971,0,,,,,0,0
014e9920d17a7fb5cd2da72a,1791424971,0,,,,,0,0
01549c6db0242b6c8a49df71,1791424971,0,,,,,0,0
0154e09b7b312ff30226c5f8,1791424971,0,,,,,0,0
015a16cab86b0c39e3b3d740,1791424971,0,,,,,0,0
01603617943f8d6a623788a8,1791424971,0,,,,,0,0
01680e913bb5bd9d6241353c,1791424971,0,,,,,0,0
0169174e29048e589cc69441,1791511133,0,,,,,0,0
016b067f95f5698861696465,1791511133,0,,,,,0,0
016bad34892e535851a965fb,1791424971,0,,,,,0,0
016be771afff05ce5fcbb69a,1791424971,0,,,,,0,0
016da31c6be2063ed35150a0,1791424971,0,,,,,0,0
016dc88eb92ced608da2bde7,1791424971,0,,,,,0,0
01715cac7007dc445cdf8562,1791424971,0,,,,,0,0
018112171e8efa1a26d5ef45,1791424971,0,,,,,0,0
018fc191cd923711fa4bf088,1791424971,0,,,,,0,0
01909f1fd55c1d53da5d9476,1791424971,1,0001628280-26-059262,"2.02,5.02,7.01,9.01",1787862154,1.5,1,0
01910bc45e7b781a746f18f1,1791424971,0,,,,,0,0
0191877e54d3b3efaba0ac96,1791424971,0,,,,,0,0
0198110e48434c5a9b53cf12,1791424971,0,,,,,0,0
01988c1bc1e38861bada3748,1791511133,0,,,,,0,0
019952f622c2dcda92521608,1791424971,1,0001193125-26-357758,"2.01,3.01,3.03,5.01,5.02,5.03,9.01",1787222033,11.0,0,1
0199de604e75e533a9c385ea,1791424971,0,,,,,0,0
019e665d39624a096df708c5,1791424971,0,,,,,0,0
01a291fc36b984c1abbd2c56,1791424971,0,,,,,0,0
01a2aab55536557343a9edac,1791424971,0,,,,,0,0
01a3e68ca8a20ea3b522d530,1791424971,0,,,,,0,0
01ae33cdd5939cdb9e3b58da,1791424971,0,,,,,0,0
01b575f6865f77f16f7b27f1,1791424971,0,,,,,0,0
01b78af580ba27c67e25dd4f,1791424971,0,,,,,0,0
01c144967777ff0200afbd22,1791424971,0,,,,,0,0
01c58e62a2a68b039fb34f17,1791424971,0,,,,,0,0
01c6d146c703cd97c4601b04,1791424971,0,,,,,0,0
01d97299e16f3a7e82d74ecf,1791424971,0,,,,,0,0
01e3c2c331b96c7eb4ccf0f0,1791424971,0,,,,,0,0
01e4e76477b5d32bfdc03515,1791511133,0,,,,,0,0
01e512f12c015544a3b8d774,1791424971,0,,,,,0,0
01e8e70d32b2560568e63859,1791424971,0,,,,,0,0
01f556deff6f3bf53ffbbbf2,1791511133,0,,,,,0,0
01f9055a60afb503c83ae8e8,1791424971,0,,,,,0,0
01fe4754fa1ac7485743247b,1791424971,0,,,,,0,0
01ffa089a0a1b1cd473b207b,1791511133,0,,,,,0,0
020129ab8b7fa7a440247009,1791424971,0,,,,,0,0
02055b45aef3203f426da929,1791424971,0,,,,,0,0
02065afdd55bc0792495ac4d,1791424971,0,,,,,0,0
02110c2b81d3a538586ea114,1791424971,0,,,,,0,0
0211dd7a1f5184770786d753,1791424971,0,,,,,0,0
022a83fec99dac60deade3b5,1791424971,0,,,,,0,0
022c4fcfe791f62de8fbe181,1791424971,0,,,,,0,0
022d3f881eef030eb23848f7,1791424971,0,,,,,0,0
0231061b8527ec992cae9b76,1791511133,0,,,,,0,0
023d2b78720627c1268aa177,1791424971,0,,,,,0,0
023f5fb3a1c229d9fb38a7c4,1791511133,0,,,,,0,0
0244218bc2a29b4469d7038e,1791424971,0,,,,,0,0
024a6d78d43d07f821a418e1,1791511133,0,,,,,0,0
024dd0efef48bb630ab4586a,1791511133,0,,,,,0,0
024f5c5e4f97b3b4d286c5cc,1791424971,0,,,,,0,0
02539650691a224f751d25e2,1791511133,0,,,,,0,0
02586f94ad63437722b5c016,1791424971,1,0001670541-26-000105,"5.02,9.01",1789728307,0.5,0,1
025b5d52afea586caab7071c,1791511133,0,,,,,0,0
0261a13dc4b62d87f621eca0,1791511133,0,,,,,0,0
026786db15e4d6d7e06d4400,1791424971,0,,,,,0,0
026fee5370f9aff94b8056d6,1791424971,0,,,,,0,0
02709f34099502084189a6e0,1791424971,0,,,,,0,0
02745b6a28d217d90dc25d0c,1791424971,0,,,,,0,0
027a02cd0e2f2d3810c784ca,1791424971,0,,,,,0,0
028503b4748641c31127a684,1791424971,0,,,,,0,0
0288b9f6cc7de5ec62d9a9e2,1791424971,0,,,,,0,0
028fa6b145d236d7fa7f75d8,1791511133,0,,,,,0,0
02948e32d99bd901a5c28f2d,1791424971,0,,,,,0,0
029bb22fda5482de08283959,1791424971,0,,,,,0,0
029d4dfd849dba48bb9f87ff,1791424971,0,,,,,0,0
02aa15b76f66f7d0c8f5abe3,1791424971,0,,,,,0,0
02aa75d9e9d23fc9796db82a,1791424971,0,,,,,0,0
02acadd83df15a6f6fb54b7b,1791511133,0,,,,,0,0
02ad7c0e0ae1d85635fea17a,1791424971,0,,,,,0,0
02ad7ddabab0101dba3a0e1f,1791424971,0,,,,,0,0
02ae4422e3c12c91bd316227,1791511133,0,,,,,0,0
02aeb2e7360e5389b2b09d27,1791424971,0,,,,,0,0
02b30985a3d91b7a0f7694db,1791424971,0,,,,,0,0
02b6283296eabe5b5b1a3b96,1791424971,0,,,,,0,0
02bbef35613b5549f6aa284f,1791424971,0,,,,,0,0
02bd4ebcf08a2f1d47f516c6,1791424971,0,,,,,0,0
02bfcf54dc16dc58c291c5fb,1791424971,0,,,,,0,0
02c212bb507853f94b093a8c,1791424971,0,,,,,0,0
02c740e749b656ce5a25cba8,1791424971,0,,,,,0,0
02c755f9710356f426f02ebd,1791424971,0,,,,,0,0
02ccdf6e9367e324b2b67446,1791424971,0,,,,,0,0
02d66897dfd209df0953bac3,1791511133,0,,,,,0,0
02d83a98d5df7eeeafbd7dad,1791424971,0,,,,,0,0
02d936de7b32ab428423a3e1,1791511133,0,,,,,0,0
02d9dd91792fc5e127b8f5ae,1791511133,0,,,,,0,0
02e626273a5dfc1aeb3521ca,1791424971,0,,,,,0,0
02ee531e9c35bcbe9a99f347,1791424971,0,,,,,0,0
02f197163f42d06e5d662029,1791424971,0,,,,,0,0
02f6bffff52b564f62f2faba,1791424971,0,,,,,0,0
02f9d724889785fd9beb3f15,1791424971,0,,,,,0,0
02fb5c5b8d794d3abf7bee39,1791424971,0,,,,,0,0
02fc77ad954aed47bf07ae94,1791424971,0,,,,,0,0
03031b782e5a6c219eee6048,1791511133,0,,,,,0,0
030c98eef473cb1dc28d488c,1791424971,0,,,,,0,0
030e4ff01bb9939e90067f64,1791424971,0,,,,,0,0
030efabe76632573e753ee1e,1791424971,1,0001193125-26-357758,"2.01,3.01,3.03,5.01,5.02,5.03,9.01",1787222033,6.5,0,1
03171d4e50ace065582b690c,1791424971,0,,,,,0,0
031de82b535ab20b0e972a19,1791424971,0,,,,,0,0
031e1a11f6bb51631f257a6d,1791424971,0,,,,,0,0
031ec8d11dedad3956598e8f,1791424971,0,,,,,0,0
0322d6cb601e7b2679d03c05,1791424971,0,,,,,0,0
0325c018dd18364c6311dbec,1791424971,0,,,,,0,0
0326bd4f36a3f954f9c744ae,1791424971,0,,,,,0,0
0328b8d259046a8b5722e42d,1791424971,0,,,,,0,0
032bbd6b3a2d5db88fcecced,1791424971,0,,,,,0,0
03331163e2651c0c4dab8088,1791424971,0,,,,,0,0
033de8ce9e0c3a66b0897f17,1791424971,0,,,,,0,0
0340741520bc9d57db8190ba,1791424971,0,,,,,0,0
0341cb4d604467a7f6955683,1791424971,0,,,,,0,0
0342562e8359181123424484,1791424971,0,,,,,0,0
03428a44f56303aaa5119ff9,1791424971,0,,,,,0,0
03453a1fb4c5a0eb02805461,1791424971,0,,,,,0,0
034a2c1d714691c493615c89,1791424971,0,,,,,0,0
034b3afc47886ea410a98bd9,1791424971,0,,,,,0,0
0351cc456210d0cf1ac2098d,1791424971,0,,,,,0,0
0355bf832d8cd86faaef8d78,1791424971,0,,,,,0,0
0355c9b9b055b67aa131e351,1791424971,0,,,,,0,0
0357fa49686b31fb9e488a5a,1791424971,0,,,,,0,0
035a72003ca6cff279579f0d,1791424971,0,,,,,0,0
03621081ba76acfea7d27546,1791424971,0,,,,,0,0
0362ef9e204d69ca5f468ed3,1791424971,0,,,,,0,0
0365c2825440a6b3314bbb3f,1791424971,0,,,,,0,0
036752534dae9b490b58e0cd,1791424971,0,,,,,0,0
0369026530f200258214360c,1791424971,0,,,,,0,0
0369bad7ee5ffffd37f5c73b,1791424971,0,,,,,0,0
036b34bf47d23c3912723472,1791424971,0,,,,,0,0
036b624ce1ac83e0c8590b73,1791511133,0,,,,,0,0
036dbf527db124824700e4f6,1791424971,0,,,,,0,0
037769e385dfa6ac7884ccff,1791424971,0,,,,,0,0
03794b57fc8bde9f10b9a2f7,1791424971,0,,,,,0,0
037954e03317372e0870098b,1791424971,0,,,,,0,0
0379683c2dce678556e06cd7,1791424971,0,,,,,0,0
037cf70882e43f939c4dea5f,1791424971,0,,,,,0,0
03808d3f4665388775bdfdd0,1791424971,0,,,,,0,0
0380d6815011dba6fb5fe0d8,1791424971,0,,,,,0,0
038364b46160cb0ff4d9d1c1,1791424971,0,,,,,0,0
0383e3522e2186bd3511cbcf,1791424971,0,,,,,0,0
03851fac8f7e98287bb4dde8,1791424971,0,,,,,0,0
0385c36dcfc68f932f1c5c7d,1791424971,1,0001171843-26-006315,"8.01,9.01",1790812794,0.5,0,1
038ae271460a57382a4de4d4,1791424971,0,,,,,0,0
038d413ae8e943f68ea7fc72,1791424971,0,,,,,0,0
039376eb1e3823fa4c918da4,1791424971,0,,,,,0,0
039787259d0bf9caef87faeb,1791424971,0,,,,,0,0
0397a4555674b21261737dee,1791424971,0,,,,,0,0
039c3089ebb6ddcf3fb5411c,1791424971,0,,,,,0,0
03a36ea2c9c540694799f2c6,1791424971,0,,,,,0,0
03a3d42ede8b14af58ec4a05,1791424971,0,,,,,0,0
03a63ff479f0837189d7de9f,1791424971,0,,,,,0,0
03a73ae7ad4bdef3a6ed3ded,1791511133,0,,,,,0,0
03a7a77b039feac3d3515043,1791424971,0,,,,,0,0
03a86559c84019a4ac3f1f61,1791424971,0,,,,,0,0
03b193485cd58cdcdfb30129,1791424971,0,,,,,0,0
03b86d3c0adc0e2ae2a80eb1,1791424971,0,,,,,0,0
03be29ca4f3919faeaa1182c,1791424971,0,,,,,0,0
03be7f326fda192ca1524641,1791424971,0,,,,,0,0
03c1b9a600e52561a860df61,1791424971,0,,,,,0,0
03c2f49a527be6431586ab2f,1791511133,0,,,,,0,0
03c9922a2f24d2ae9fa9552e,1791511133,0,,,,,0,0
03cb9dbffacfb27a6ad2a9c8,1791511133,0,,,,,0,0
03cba509050e2d64e9c2c801,1791424971,0,,,,,0,0
03cf99ea1d47d94400f1ed4a,1791424971,0,,,,,0,0
03d80d73744499b85328403b,1791424971,0,,,,,0,0
03dfd19da20356ede4fe2ea8,1791511133,0,,,,,0,0
03e2c74190a3767d3096af7b,1791424971,1,0001193125-26-366694,"1.02,2.01,3.01,3.03,5.01,5.02,5.03,9.01",1787765221,2.950277777777778,0,1
03f4129370063b706c7bc868,1791511133,0,,,,,0,0
03fde3f28d5c05ce29da9fac,1791424971,0,,,,,0,0
0406a91b36b4dc864b4e01d8,1791424971,0,,,,,0,0
0407da320bba759235571a45,1791511133,0,,,,,0,0
0407f20e665c1b90e0056cf1,1791424971,0,,,,,0,0
040c348dd3e5722d28c8e590,1791424971,0,,,,,0,0
040d13ddd7415dc3afaca2ec,1791424971,0,,,,,0,0
0414ad8a9887f49d7895c594,1791424971,0,,,,,0,0
0415fc80a94d5fa0077fe97f,1791424971,0,,,,,0,0
04236a5b5121185baddf0de0,1791424971,0,,,,,0,0
042550126449ee00a6080d95,1791511133,0,,,,,0,0
042682fc9b7369a9be661667,1791424971,0,,,,,0,0
042995d11ad7786ba61e5329,1791424971,0,,,,,0,0
042b17c1fed82ece5d10192b,1791424971,0,,,,,0,0
0432de07abf2af8e24c2c3d7,1791424971,0,,,,,0,0
04383ded6db78a0cad82ca0f,1791424971,0,,,,,0,0
0439089e743d5a44b396514e,1791424971,0,,,,,0,0
043fbd143fb7c4363c1816d8,1791424971,0,,,,,0,0
0446158549eb7c7ec8e3233e,1791424971,0,,,,,0,0
04484bb1c5f15fc8037013ed,1791424971,0,,,,,0,0
0449a44d3843306b94401244,1791424971,0,,,,,0,0
044a34da8aa654158f81cd74,1791424971,0,,,,,0,0
04543fe2d665c570fc388b76,1791511133,0,,,,,0,0
04581811e22bc1a54df0437c,1791424971,0,,,,,0,0
045fa00721240f739a953245,1791511133,0,,,,,0,0
046031154840369f75976523,1791424971,0,,,,,0,0
046a2a4f6be2fd687dd4842c,1791424971,1,0001628280-26-060438,"2.02,9.01",1788466223,3.5,1,0
0476eac48797033d92bfdf24,1791424971,0,,,,,0,0
047ace6f303c9332882b921b,1791424971,0,,,,,0,0
047ccf39bd523b99ce1f190a,1791511133,0,,,,,0,0
047e64d9436806392cec40c6,1791424971,1,0001628280-26-062287,"2.02,9.01",1789591379,1.5,1,0
047f94338ad4a2fbe2d56744,1791424971,0,,,,,0,0
0480aa3ae961929a23e3cda5,1791424971,0,,,,,0,0
0481b1fcf0214b93ccabcbba,1791424971,0,,,,,0,0
04879727b8c1b6f53e65dead,1791424971,0,,,,,0,0
0489f5b07ec320a166ba731e,1791424971,0,,,,,0,0
048f1b31221e6ddf41d74161,1791424971,0,,,,,0,0
04939b48239b6705b2709faa,1791424971,0,,,,,0,0
04969adb6b4f0246a295710d,1791427778,0,,,,,0,0
04a043bc4ae0174110a7ccbf,1791424971,0,,,,,0,0
04a072c8d9328f82bf3a9b9e,1791511133,0,,,,,0,0
04a096ef53a3e839c6257886,1791424971,0,,,,,0,0
04a0f7049c47e9dddc2bbfc9,1791424971,1,0000914475-26-000045,5.02,1790626824,0.5,0,1
04a283f9b7a140ae42dfe18d,1791424971,0,,,,,0,0
04aab962dd1b298758372124,1791424971,0,,,,,0,0
04acc0197c33927f36de1f48,1791424971,0,,,,,0,0
04acd3adb7529a06b9035a4c,1791424971,0,,,,,0,0
04b42b9d829f3b836941a941,1791424971,0,,,,,0,0
04b59bce7fcb9471a088178b,1791511133,0,,,,,0,0
04b5a39da6510bcfb872a0ae,1791424971,0,,,,,0,0
04b65b6d6eb1d7b3518e63b5,1791424971,0,,,,,0,0
04b78de4dda3608646f5691d,1791424971,0,,,,,0,0
04b94c04da817fcb0bef6676,1791424971,0,,,,,0,0
04bafff4fff7151f36e3499e,1791424971,0,,,,,0,0
04cab47c480e1716c3fc186a,1791424971,0,,,,,0,0
04cb57ca608833b059c83729,1791424971,0,,,,,0,0
04d7802315ecad53c45758e0,1791424971,0,,,,,0,0
04da685c74ccf9cc8525f6bd,1791511133,1,0000885725-26-000064,"5.02,8.01,9.01",1791367917,1.5,0,1
04dd9d980264c94803af0963,1791424971,0,,,,,0,0
04dfe76481ddce4c55be1cd5,1791424971,0,,,,,0,0
04e1a77aa259620af7b3021a,1791424971,0,,,,,0,0
04efc5dfd14a003cfc34fd17,1791424971,0,,,,,0,0
04efe4218c26d8548ef9c677,1791424971,0,,,,,0,0
04f65a2ecd683e92f35a297b,1791424971,0,,,,,0,0
05000c43a9acc8a7a43cdca5,1791424971,0,,,,,0,0
050d55a1826e60f5ce6ab1d7,1791424971,0,,,,,0,0
05134c3a180487019899d072,1791424971,0,,,,,0,0
0516b4510732196b5d08d305,1791511133,0,,,,,0,0
0517061abe8623b779c8c435,1791424971,0,,,,,0,0
051799916f62ada4c5034b87,1791424971,0,,,,,0,0
051fbf86c69b36722758b20f,1791424971,1,0001104659-26-110965,5.02,1790366738,0.5,0,1
05227f3066a442e0ee3995e1,1791424971,0,,,,,0,0
0522e376bf55916583e5c55e,1791424971,0,,,,,0,0
052a177a2b707542955889d9,1791424971,0,,,,,0,0
052e53293ce9e60bf6792e5d,1791424971,0,,,,,0,0
052f64bed494a28b36ff133c,1791424971,0,,,,,0,0
05326c06734bd87ec99c3107,1791424971,0,,,,,0,0
05331cd51de1bbf5ba0d02ad,1791511133,1,0001628280-26-065252,"5.02,9.01",1791319479,4.5,0,1
0533b3c3d846ef47fe5e70e7,1791424971,0,,,,,0,0
05345abf034dca50180b05b0,1791424971,0,,,,,0,0
0538f84c29b8e19e26e8e752,1791511133,0,,,,,0,0
053922c49f41ee67c3c892a4,1791511133,0,,,,,0,0
053a609947cbb59b23e7b2da,1791427778,0,,,,,0,0
053e0b4023755858e4ef3836,1791424971,0,,,,,0,0
0542752e30e98d512a914c57,1791424971,0,,,,,0,0
054e654e659adc13eb862d00,1791424971,0,,,,,0,0
054fa6ab08952a6e18f6da8b,1791424971,0,,,,,0,0
0553cec86a5cf559b1aa3ba9,1791424971,0,,,,,0,0
055a032e96ff1e17a715f27b,1791424971,0,,,,,0,0
0567465fb588db756c5dc173,1791424971,0,,,,,0,0
056f02f57e1f28f248b6edb2,1791424971,0,,,,,0,0
056fbe41aee992fb5be5f52c,1791424971,0,,,,,0,0
0570fd5fa97ec578752e95a9,1791424971,0,,,,,0,0
0575f17489fb61a3af3c6fde,1791424971,0,,,,,0,0
0576d3499eae6f8bc5ade27c,1791424971,0,,,,,0,0
057af310110349a3b29b2661,1791424971,0,,,,,0,0
057b986a8ce1eb0acdc3d8a0,1791424971,0,,,,,0,0
057be38716b1230961051c3b,1791424971,0,,,,,0,0
057c9afba1107866321a4608,1791424971,0,,,,,0,0
057cf35c3e1a7b6809462eb4,1791427778,0,,,,,0,0
0585439ad5c491d642504b61,1791424971,0,,,,,0,0
0586c103dcaa8de05900bf05,1791511133,0,,,,,0,0
058b55c46f49d9cae4e2ea52,1791424971,0,,,,,0,0
058d5f14f9fb7aed7222660f,1791424971,0,,,,,0,0
059218aec402a508ec399f91,1791424971,0,,,,,0,0
05956c4870da2f973988c000,1791424971,0,,,,,0,0
0595715433dc9b9ff1d3485d,1791424971,0,,,,,0,0
05959da5ce240a87ab5b1ed0,1791424971,0,,,,,0,0
0595bf58c34f732506b1fecf,1791424971,0,,,,,0,0
0599336cb5462177cc127dd4,1791424971,0,,,,,0,0
059f93c549696645062db5cb,1791511133,0,,,,,0,0
05a0c9236692e202bd2aa7fb,1791424971,0,,,,,0,0
05a3cf5cc4d7f0e1876b4247,1791424971,1,0002071876-26-000221,1.01,1790371721,12.0,0,1
05a4c1299b5f3dc2e6a01b7a,1791424971,0,,,,,0,0
05a601b5b1db0ed5c87654cd,1791424971,0,,,,,0,0
05aa78143530b4b1db7a5b32,1791424971,0,,,,,0,0
05ada82b074a90b3adbf04b2,1791424971,0,,,,,0,0
05af88ceae91752b334bdbbd,1791424971,0,,,,,0,0
05b106f2f4d56fd83770e79a,1791424971,0,,,,,0,0
05be2edca35f30a0454c061c,1791424971,0,,,,,0,0
05c14e9b5b54adee8b9778cc,1791424971,0,,,,,0,0
05c3dcf67225c6396aa69dcd,1791424971,0,,,,,0,0
05c9c041de8713d0607f1b05,1791424971,0,,,,,0,0
05d2881e0401b757a5d83909,1791424971,0,,,,,0,0
05d7a7cb76b592f56c46729b,1791424971,0,,,,,0,0
05d812af7e35c0b336003fc3,1791424971,0,,,,,0,0
05d8bd0443d888f75e0c7469,1791424971,0,,,,,0,0
05e24d1f8f46079c7ab87a35,1791424971,0,,,,,0,0
05e47131f9c1e39a25992333,1791424971,0,,,,,0,0
05ec427296b3255bf5929409,1791511133,0,,,,,0,0
05eccf931439be6e0576d3d5,1791424971,0,,,,,0,0
05f1f6b15904cb86527bbc14,1791424971,0,,,,,0,0
05f8d5694212488d8008fda5,1791424971,1,0001676238-26-000039,"2.02,9.01",1788898025,1.5,1,0
05fb2bdef78e6843c22be2d1,1791424971,0,,,,,0,0
05fb87f2ad5e1883737c4428,1791511133,0,,,,,0,0
05fdceac81588f9ea23bd3b7,1791424971,0,,,,,0,0
0609bdf43038fbd285945322,1791424971,0,,,,,0,0
060c4f06a632916073a6bbcb,1791424971,0,,,,,0,0
060d4ad7f131211d9e4a92aa,1791424971,0,,,,,0,0
060ed837cfbab49d28056c42,1791424971,0,,,,,0,0
06133b2c044dc3b0b0d796db,1791511133,0,,,,,0,0
0615d17d7f906403438dc787,1791424971,0,,,,,0,0
06166dd562ccf01bdf2d52e1,1791424971,0,,,,,0,0
061bbfe523614889806335ee,1791424971,0,,,,,0,0
061c26e522ad965151e611fd,1791424971,0,,,,,0,0
061f5f856e537ec5f09ae803,1791424971,0,,,,,0,0
062162a623fc55fd2c5c8246,1791424971,0,,,,,0,0
062e0aeed04dfa00deb3e9c6,1791511133,0,,,,,0,0
0632d7af5abdcdcbf6609a1e,1791424971,0,,,,,0,0
0637118b9484e86948866a54,1791424971,0,,,,,0,0
06427d0bc59ef98597cabf7e,1791427778,0,,,,,0,0
0642c920af7a4e198cef8ff4,1791424971,0,,,,,0,0
064513cbe7225c6c3f975779,1791511133,0,,,,,0,0
064749a8835dc06f09fd4575,1791424971,0,,,,,0,0
064aafd1388df9cefc7a6c21,1791424971,0,,,,,0,0
064f850d00bd02731cb50611,1791424971,0,,,,,0,0
06515d06d1f36f0436dad62c,1791424971,0,,,,,0,0
0651e0c20295d1ed09ec6a18,1791424971,0,,,,,0,0
065552c32971f737af9148d5,1791424971,0,,,,,0,0
06567d89ccd1a876bb605c21,1791424971,0,,,,,0,0
0659385b4bdcaead732a2a73,1791424971,1,0000920148-26-000205,7.01,1790109818,1.5,0,1
065b18687fb7d0e486f0dede,1791424971,0,,,,,0,0
065db3267ba93449b3c265ae,1791424971,0,,,,,0,0
0660d414db46221053798e0e,1791424971,0,,,,,0,0
066103eb39c2e82bab081e1a,1791424971,0,,,,,0,0
0663d776cf9ee7e90b05919c,1791424971,0,,,,,0,0
0667f5bfd43e02da116e83e6,1791511133,0,,,,,0,0
066c7a3d56e5b7853321dbdd,1791424971,0,,,,,0,0
0679c266c36dedbda090b118,1791424971,0,,,,,0,0
068224bd6f5dc9bd92a1efae,1791424971,0,,,,,0,0
06824926e8519f7f765702c8,1791424971,0,,,,,0,0
068a2061c6809da00e0858c9,1791424971,0,,,,,0,0
068a88c570c7de56cfaeba6a,1791424971,0,,,,,0,0
068cdeb33d02f2024286e797,1791424971,0,,,,,0,0
068ef007f940e9377e6f6bec,1791424971,0,,,,,0,0
0695f40beb131fddb3ac38d1,1791424971,0,,,,,0,0
069948fcfb2e08056490b14e,1791511133,0,,,,,0,0
069b9e8a7c9846d3cb396ccd,1791511133,0,,,,,0,0
06a3bda6745eee1c3eb78d1a,1791424971,0,,,,,0,0
06a922ee1ec517575689d789,1791424971,1,0001104659-26-110218,"7.01,9.01",1790251489,7.0,0,1
06aae66f111ca3dfa3208683,1791424971,0,,,,,0,0
06afcacf9d11752f192c4cff,1791424971,1,0000920148-26-000201,"7.01,9.01",1789073275,7.0,0,1
06b517c22b605c66855a7d15,1791424971,0,,,,,0,0
06b5d465525c6b833e44b94f,1791424971,0,,,,,0,0
06b5dd71c90ad946aa541e80,1791424971,0,,,,,0,0
06b71b7726478e224091c0d0,1791424971,0,,,,,0,0
06b7a7d0b08cb1e42e629897,1791511133,0,,,,,0,0
06b810b74d00438522df2d04,1791424971,0,,,,,0,0
06c063e1710a491f536d9b16,1791424971,0,,,,,0,0
06c608ab9898d6767e5ac981,1791424971,0,,,,,0,0
06c671ddf12662e5ee254137,1791424971,0,,,,,0,0
06c9ed7bf753175012d18b78,1791424971,0,,,,,0,0
06cbb38183122c74768abb60,1791424971,0,,,,,0,0
06d3feafc4b4012298f8c45a,1791424971,0,,,,,0,0
06d8c88ad5395fa2f08e6999,1791424971,0,,,,,0,0
06d918e857dd0bfb91f02011,1791424971,0,,,,,0,0
06e92a8d910ef277b590d639,1791424971,0,,,,,0,0
06ee113d7e47a5af3f62af75,1791424971,0,,,,,0,0
06ef27076cfc91c553fdae2c,1791424971,0,,,,,0,0
06f0fb5f38c17d328b7d219b,1791424971,0,,,,,0,0
06f41e13f1f4c58e0cc46db8,1791424971,0,,,,,0,0
06f802d4d94444c4d737a36f,1791424971,0,,,,,0,0
06fdfbac47f1049936b505ce,1791424971,0,,,,,0,0
06feaba91aeea9359db57d82,1791424971,0,,,,,0,0
070480627b7f23eecb253d35,1791424971,0,,,,,0,0
0705e6d05a922b6f1628d180,1791511133,0,,,,,0,0
070b5b8d28e03679e536ec3e,1791424971,0,,,,,0,0
070d3d38caa096509fbc22ec,1791424971,0,,,,,0,0
070d849bcf396b2c96d841b0,1791424971,1,0001177609-26-000050,"5.02,7.01,9.01",1790195790,6.5,0,1
070de27429b27e06f24f5928,1791424971,0,,,,,0,0
0719e59aae4fb85efc8191b4,1791424971,0,,,,,0,0
071a2407aced830223b3d6c5,1791424971,0,,,,,0,0
071a316bccfb395b99cc19fe,1791424971,0,,,,,0,0
071d91e11b55e0922a1be6a8,1791424971,0,,,,,0,0
07278a15cce1c33db0abe126,1791424971,0,,,,,0,0
072c1feb5fbbf19901e5210e,1791424971,0,,,,,0,0
072ef15c44c7b42121cc4d4f,1791424971,0,,,,,0,0
07341bad3a9e3bd874045d8a,1791424971,0,,,,,0,0
07341c04db32de62191609d0,1791424971,0,,,,,0,0
073c935f1cb1aa7681fd5320,1791424971,0,,,,,0,0
0745b7d5a0607ea06e9e970e,1791424971,0,,,,,0,0
074626ae60e6fc721c3953b6,1791424971,0,,,,,0,0
0747a90a84dedde9b6b3b343,1791511133,0,,,,,0,0
074908cd76cca8b86b637c33,1791424971,0,,,,,0,0
0749ab322fc93cd0fd657a8a,1791424971,0,,,,,0,0
074eeda4e9c765e4efd770bf,1791424971,0,,,,,0,0
0751bb1955dcb36d9c816039,1791424971,0,,,,,0,0
07556e0b02e6a43bc4193d30,1791511133,1,0001679273-26-000053,"5.02,9.01",1791320492,5.5,0,1
075e7b0c16878e6883f7ad13,1791511133,0,,,,,0,0
075e9fbcaed004fb8742f73b,1791424971,0,,,,,0,0
0765b54cf58360efc08e405a,1791424971,0,,,,,0,0
076a6e503512a41d6f6abe78,1791424971,0,,,,,0,0
076dd938723f6671db01e9e9,1791424971,0,,,,,0,0
076e4ae656ec8a6e4b8258ec,1791424971,0,,,,,0,0
07719b41dbbb04076775344f,1791424971,0,,,,,0,0
0773c9f5d5f179819eadb974,1791424971,1,0001562762-26-000111,"2.02,9.01",1790762847,0.5,1,0
0775bbe37a914ac3f25cdfc6,1791424971,0,,,,,0,0
07761fc1c3d77e113e728137,1791424971,1,0000950157-26-001036,"2.03,8.01",1790110897,8.0,0,1
077b9704487f43be9d242214,1791511133,0,,,,,0,0
077f99dc5af1de9937cdf898,1791424971,0,,,,,0,0
07888e6a0f1e63c4bebb05ed,1791424971,0,,,,,0,0
0789db5382d01e7cffc4752c,1791424971,0,,,,,0,0
078b2f5792be8ec6ea970cc6,1791511133,0,,,,,0,0
078e07fda5be32cc11292a9b,1791424971,0,,,,,0,0
07914c697c8df2b4ce0ef28c,1791424971,0,,,,,0,0
0796b54c8ec9519b80f94622,1791424971,0,,,,,0,0
079f8a08be163cb4932eb038,1791424971,0,,,,,0,0
07a4d9e973bb48906033fddf,1791424971,0,,,,,0,0
07b193f2b8a32186d5e9b4eb,1791511133,1,0001104659-26-114388,"1.01,9.01",1791405935,10.0,0,1
07b41df29a98fd00fe1b31cf,1791424971,0,,,,,0,0
07b5d61288c0a29cc12e4716,1791511133,0,,,,,0,0
07b8f4e7e8bb4cf0badaf08e,1791511133,0,,,,,0,0
07bf4af92fe9d08539e73deb,1791424971,0,,,,,0,0
07c5275a61ea9312166c132c,1791424971,0,,,,,0,0
07c5ae9dfce235fbff0209f6,1791424971,0,,,,,0,0
07cb1e60984b8731df2a622f,1791424971,0,,,,,0,0
07ce6c97895f72963d8cad53,1791424971,0,,,,,0,0
07d4d66777801403eb726c49,1791424971,0,,,,,0,0
07d8fcd8b0754143664ae950,1791424971,0,,,,,0,0
07da4eda5b6d7bb74051b0b6,1791424971,0,,,,,0,0
07e45a0d79111bf20aa034e7,1791424971,0,,,,,0,0
07e56e9be1b166736e11602f,1791511133,0,,,,,0,0
07e793f103b74809b0ca77a8,1791511133,0,,,,,0,0
07eddb0eb15107d6f67436c7,1791424971,0,,,,,0,0
07f0740a01275411b73f39ed,1791424971,0,,,,,0,0
07f2013b79766e25345c16b4,1791424971,0,,,,,0,0
07f325c03983f38a64608d2c,1791424971,0,,,,,0,0
07f5c2c4a6a9287f580cbe7a,1791424971,0,,,,,0,0
07fdf1c175311686d76887c8,1791424971,0,,,,,0,0
080523593c4bd0cf42f11374,1791424971,0,,,,,0,0
08066e1ea03fcb1d500c6fc4,1791424971,0,,,,,0,0
080b300768d7111bb873548b,1791424971,0,,,,,0,0
080cbe56568f07b1bddcd98c,1791424971,0,,,,,0,0
0812e13694a9fd6bb555cc1e,1791511133,0,,,,,0,0
0814db231a0cb41d96704383,1791424971,0,,,,,0,0
081727ef074cb892464dd215,1791424971,0,,,,,0,0
0817b983401b6e2d20c262c9,1791424971,0,,,,,0,0
08196f3e55d85d8ea4db0ff4,1791511133,0,,,,,0,0
081a89d9ac7cd27c715e81ba,1791424971,0,,,,,0,0
0821c0498409e063fe65c3eb,1791511133,0,,,,,0,0
082513d8651ee4ccf3909dff,1791424971,0,,,,,0,0
08278eafd8c3c7a4aa384c42,1791511133,0,,,,,0,0
082d084633280ccebe759454,1791424971,0,,,,,0,0
083371252dae61656d52cb3f,1791424971,0,,,,,0,0
0843694d19d1f1810155c277,1791424971,0,,,,,0,0
0846b8924609f131901ac0b9,1791424971,0,,,,,0,0
0846c9227c8353f0c1d5d7d3,1791424971,0,,,,,0,0
0847809d723d5e828e03307f,1791424971,0,,,,,0,0
0847e77cbbfc87cc4ecb385a,1791511133,0,,,,,0,0
084a3f4c91d9e1ad3f23ac51,1791424971,0,,,,,0,0
084d64da39d22f4ac82d27a9,1791424971,0,,,,,0,0
085a49a0fc8da27ec3581c78,1791424971,0,,,,,0,0
085c31f921151a33a7cf7404,1791424971,1,0001193125-26-357758,"2.01,3.01,3.03,5.01,5.02,5.03,9.01",1787222033,8.0,0,1
085c8e8f23fe179808e696a8,1791424971,0,,,,,0,0
085dcff3f07f0b548931f616,1791424971,0,,,,,0,0
0860720bac8abba604096b01,1791424971,0,,,,,0,0
08619aea2b7a410e764ae021,1791424971,0,,,,,0,0
086211e19a293c483326e141,1791511133,0,,,,,0,0
086395e15c00c927576c295f,1791424971,0,,,,,0,0
086d3182d00800411b425308,1791424971,0,,,,,0,0
087629eadeeff7afa2a8154d,1791424971,0,,,,,0,0
0879c678d8e5121871a17b22,1791511133,1,0001551152-26-000030,"2.02,9.01",1791230865,1.5,1,0
08818dc702fcb89c764aa256,1791424971,0,,,,,0,0
0887bea940bf649e473cec76,1791424971,0,,,,,0,0
0887d6e6788ad93be2ec40e8,1791424971,0,,,,,0,0
08894be8303ccdf3523a05ac,1791424971,0,,,,,0,0
0889c337bb274854b80061ee,1791511133,0,,,,,0,0
0889cd10dc1634f5057ab1e4,1791424971,0,,,,,0,0
088b8f51d6e3317301ae9664,1791424971,0,,,,,0,0
088eac25c5077393bddb36ce,1791511133,0,,,,,0,0
0891439f05fbc44e9f35c3cd,1791424971,0,,,,,0,0
089415de4e03c07b23e620ed,1791424971,0,,,,,0,0
089453faf254d5fd3da4cbaa,1791424971,0,,,,,0,0
08a0768318098d27c094f14c,1791424971,0,,,,,0,0
08a39813d60d369fd73640f7,1791424971,0,,,,,0,0
08a6deeb03e2ec9cc42632ce,1791424971,1,0000950157-26-001058,"1.01,8.01",1790946977,13.0,0,1
08aae47ac95ae842d2f27390,1791424971,0,,,,,0,0
08ade924bbf6cbd4cac6be2f,1791424971,0,,,,,0,0
08b5db6cecab02ac40dea86d,1791424971,0,,,,,0,0
08baef683a5530b4316c34cf,1791424971,0,,,,,0,0
08c1ca8134016290afadd68c,1791424971,0,,,,,0,0
08c1ddac37bf6e2bff242bab,1791424971,0,,,,,0,0
08cce6921e6f4460de17904f,1791424971,0,,,,,0,0
08d3ca30910723082a2c0a20,1791511133,0,,,,,0,0
08d787ad30a88cf35ffa93be,1791424971,0,,,,,0,0
08dc3b80c620e4bdcc111516,1791424971,0,,,,,0,0
08dc7c1a17086481a30235fc,1791424971,0,,,,,0,0
08e1a9f4079c62184ebc5802,1791424971,1,0001193125-26-397208,"1.01,2.03,9.01",1790073326,4.5,0,1
08e5240326d43aa6b412a18d,1791424971,0,,,,,0,0
08ea9d515d30599b39ea112d,1791424971,0,,,,,0,0
08eca21663ea1cbd18846b6b,1791424971,0,,,,,0,0
08ef8179e2e1def4f9f0d1a3,1791511133,0,,,,,0,0
08ff3253ef90bf24f007ed42,1791424971,0,,,,,0,0
08ffbddf4e990b14bd399fc7,1791424971,0,,,,,0,0
09014108432f58984f3fde5d,1791424971,0,,,,,0,0
09023a20afcf0b2656859a24,1791424971,0,,,,,0,0
090d2bf645a3247fd00b0424,1791424971,0,,,,,0,0
090e83f936ae17159f3f3b7a,1791424971,0,,,,,0,0
091474dbc38deb5168a438ec,1791424971,0,,,,,0,0
09158a7a27de8598967c7bd0,1791424971,0,,,,,0,0
09182da5bd6e2f58d50cfa5e,1791511133,0,,,,,0,0
09196092707c743de483fd58,1791424971,0,,,,,0,0
091c2d143143014dc4ff01a5,1791424971,0,,,,,0,0
091e618b5865ddc8f9cd6e20,1791424971,0,,,,,0,0
092163cec436ee428e112479,1791424971,0,,,,,0,0
092704706428f2049d26fb62,1791424971,0,,,,,0,0
092d3109fb2dc143254988f8,1791424971,0,,,,,0,0
092d496b6cae06548f4f8f94,1791424971,0,,,,,0,0
09336cd3a4fbe5f4b6facb0f,1791424971,0,,,,,0,0
0936288b819b66e440965ac6,1791424971,0,,,,,0,0
09377eee8e2c50f8c69f634d,1791424971,0,,,,,0,0
0949b13ab52fd0f8d75cc062,1791424971,0,,,,,0,0
094add6f0078b0f8e7e74e93,1791511133,0,,,,,0,0
094e075157c2df12a1b78011,1791424971,0,,,,,0,0
095429f9029daaf819db425e,1791424971,0,,,,,0,0
09550fbe178c6fe95e2be587,1791424971,0,,,,,0,0
0955916a1b8df1d8b8220657,1791424971,0,,,,,0,0
095b01f5be3fb8015d725488,1791424971,0,,,,,0,0
095cf9843ff4701a16ca2ad5,1791424971,0,,,,,0,0
095e5b2b4d342eccc8c835ad,1791424971,0,,,,,0,0
095f2fa4cb3ae0935d501726,1791424971,0,,,,,0,0
095f8452e049e225adea0525,1791424971,0,,,,,0,0
0961363e07bcc66c777b0759,1791511133,0,,,,,0,0
096a4082fdfae4565a169847,1791424971,0,,,,,0,0
096e2bcedcee528212df833d,1791424971,0,,,,,0,0
097642e76332f064fb58be87,1791424971,0,,,,,0,0
09767ade7e868071ba8bb033,1791511133,0,,,,,0,0
0978e6f1878862b21187b5a8,1791424971,0,,,,,0,0
09811533ceb5fb165b5a941b,1791424971,0,,,,,0,0
09821812246c54d22fa48c61,1791424971,0,,,,,0,0
0983988413b337d39c0f0538,1791511133,0,,,,,0,0
098b15e2f253a37b4212dd76,1791511133,0,,,,,0,0
098f0be2fdddecac7655577c,1791424971,0,,,,,0,0
0994906b6856b8acd53e927a,1791424971,0,,,,,0,0
0999d4e761b15e76ba4cd4b8,1791424971,0,,,,,0,0
099de57462ebb7b052d52586,1791511133,0,,,,,0,0
09a30db3088a973fcf3f3450,1791424971,1,0000950157-26-001058,"1.01,8.01",1790946977,8.0,0,1
09a81b00716a50e2f6b9a6bc,1791424971,0,,,,,0,0
09a8e85ffbcc2536d93b9d64,1791424971,0,,,,,0,0
09aaf9372a4cd020dd7259ff,1791511133,1,0001628280-26-065292,"2.05,2.06,9.01",1791374472,8.0,0,1
09ab475a897835a60715c1b1,1791424971,0,,,,,0,0
09ad11c3437d4abd7a43e1e4,1791424971,0,,,,,0,0
09b7759e52e72e078ef700bb,1791424971,0,,,,,0,0
09ba26c0bd87dc494c4709a3,1791511133,0,,,,,0,0
09beb0d8d5493bc67ccb792c,1791424971,0,,,,,0,0
09bf8d167fe1e427779f6116,1791424971,0,,,,,0,0
09c0db5be259e86efd2c0c2d,1791424971,1,0001437749-26-031296,5.02,1790607088,1.3577777777777778,0,1
09c18c28d011c56354d5387e,1791424971,0,,,,,0,0
09c250c65f82700da1f513be,1791424971,0,,,,,0,0
09c277af277e236ece57b17c,1791424971,0,,,,,0,0
09c34eb84a9dcb437774e893,1791511133,0,,,,,0,0
09cc6a39a9e4acd67fe1ed3b,1791511133,0,,,,,0,0
09d33b45054b76988f7c606c,1791424971,0,,,,,0,0
09d65df42ffea576b72db4c1,1791424971,0,,,,,0,0
09d661f17c92ea696dfc6abd,1791511133,0,,,,,0,0
09da51f95c23a825fa832876,1791424971,0,,,,,0,0
09da799f51a5101dc0c75705,1791424971,0,,,,,0,0
09e0c80d6ac25ea74827a07d,1791511133,0,,,,,0,0
09e1b0f048d75d61156cc8e5,1791511133,0,,,,,0,0
09e60569eb5ac245d6bc3942,1791424971,0,,,,,0,0
09e6dd9c519d895ff2e57950,1791511133,0,,,,,0,0
09e7bde548a6da7cd734c33a,1791424971,0,,,,,0,0
09eb1928a7e0398299ff085c,1791424971,0,,,,,0,0
09ec4899ffb734c27eb1ab28,1791424971,0,,,,,0,0
09f4a42fc85da606dd6ee075,1791424971,0,,,,,0,0
09fac859747dd9af8cba6181,1791424971,0,,,,,0,0
09fae4669015ef519957d86c,1791424971,0,,,,,0,0
09fbbe9b75c9c930543d7b45,1791511133,0,,,,,0,0
09fd78a9efd3c20cec2d8661,1791424971,0,,,,,0,0
0a029f490b240fdd4ae479ae,1791511133,0,,,,,0,0
0a0df77887ed5449da402f80,1791424971,0,,,,,0,0
0a193e6491680993e67b9a05,1791424971,0,,,,,0,0
0a1a6d1544cb046aefb25de2,1791424971,0,,,,,0,0
0a1e06948c30eb00180a5d17,1791424971,0,,,,,0,0
0a255c73572a3048b0f6c40c,1791424971,0,,,,,0,0
0a2713c99f251fbbdad70156,1791424971,1,0001683168-26-006693,"1.01,5.02,9.01",1787601807,6.5,0,1
0a2d3eb48a28b4e66b3af6f9,1791424971,0,,,,,0,0
0a3adf254ca4e1ea63a87de0,1791424971,0,,,,,0,0
0a40080be45d0ef51fd895ed,1791424971,0,,,,,0,0
0a420fc2b831ec69e4f22a1b,1791424971,0,,,,,0,0
0a45b69f3850e6fd055d0b6a,1791424971,1,0001104659-26-111950,"5.02,7.01,9.01",1790713730,7.0,0,1
0a47e1462e46e40f5be36a84,1791424971,0,,,,,0,0
0a49801ae4008e6052f479bc,1791424971,0,,,,,0,0
0a4adea6c1ad1bd23101081e,1791511133,0,,,,,0,0
0a4de4cc712a4c1e7c85ccae,1791424971,0,,,,,0,0
0a4f11d6e48e3dd25c95dee7,1791424971,1,0001140361-26-035406,"2.02,9.01",1788347144,7.0,1,0
0a5c22ddaa1275621e9d2c77,1791424971,0,,,,,0,0
0a5d3a6e00da729879262417,1791424971,0,,,,,0,0
0a60ff87c2ca2abae4bb1e05,1791424971,0,,,,,0,0
0a61ae66107355cb9e260ab0,1791424971,0,,,,,0,0
0a62d1c6af22a4b4bab4c4fb,1791424971,0,,,,,0,0
0a71744d4860cb857e28c1f0,1791424971,0,,,,,0,0
0a72f137cf6a77b248766b10,1791424971,0,,,,,0,0
0a73f3bbe373d89218a315c3,1791511133,0,,,,,0,0
0a7d864ac5883b6090dac8db,1791424971,0,,,,,0,0
0a85f614ae25d2d7b31b712a,1791424971,0,,,,,0,0
0a862db80cc73d8ccf8ffff0,1791424971,0,,,,,0,0
0a8b0c516d93a805907711ca,1791424971,0,,,,,0,0
0a8dc690ea40bc262f1f0270,1791424971,0,,,,,0,0
0a8e70fa1737b4ab5cf9a7fa,1791424971,0,,,,,0,0
0a911221e79be93a50f947cc,1791424971,0,,,,,0,0
0a92d73f232424e637e33b0d,1791424971,0,,,,,0,0
0a96580889b7ffdb3ff0fd6c,1791424971,0,,,,,0,0
0a99c29d5a7066b06d9a6448,1791424971,0,,,,,0,0
0a9b76bf7e00c0a7f76ed863,1791424971,0,,,,,0,0
0a9d7f04c6cbccd7b4bc4ce4,1791424971,0,,,,,0,0
0a9e855bc970e5d0f1872db4,1791511133,0,,,,,0,0
0aa0b744bd8788f44b2d5ca6,1791424971,0,,,,,0,0
0aa4819733f6d75c5785f74f,1791424971,0,,,,,0,0
0aa5eb0d893d368a97b773e1,1791511133,0,,,,,0,0
0aa703189222eebe755a695f,1791424971,0,,,,,0,0
0aa79e8e0b9fd602d197f469,1791424971,0,,,,,0,0
0aad903518d9784a45037844,1791424971,0,,,,,0,0
0aaf2df6625e73cdd5add198,1791424971,0,,,,,0,0
0ab146ff3e699c41b7bcf15b,1791424971,0,,,,,0,0
0ab31d9bcc3198624fafe09d,1791424971,0,,,,,0,0
0ab435a270f77f7fe20807cd,1791511133,0,,,,,0,0
0abe65f05e1e19fcc00dc536,1791424971,0,,,,,0,0
0ac65b706bb1d31e4e9f982a,1791424971,0,,,,,0,0
0ac696858bb40e463349dafe,1791424971,0,,,,,0,0
0ac7edca577ce788f813ecc4,1791424971,0,,,,,0,0
0ac8e68fc4e62ef7179c209d,1791424971,0,,,,,0,0
0ac9f19306bb135854ed89b6,1791511133,0,,,,,0,0
0ad04ca71b33676da4442c5f,1791424971,0,,,,,0,0
0ad09cc6d093dab2620db473,1791424971,1,0001628280-26-063314,"2.02,9.01",1790247785,1.5,1,0
0ad5863c148fe36c773f88f1,1791424971,0,,,,,0,0
0adcc3428beb4a9af087656f,1791511133,0,,,,,0,0
0adcca52d0a3256362ef3e46,1791424971,0,,,,,0,0
0addc76a5749c3284e76b72e,1791511133,0,,,,,0,0
0ae325da7ac8b4e4316f5e0e,1791511133,0,,,,,0,0
0aed055a451e26af6ca51b0d,1791424971,0,,,,,0,0
0af2ebca9d64c38d4708fb1b,1791424971,0,,,,,0,0
0af722ff1b8d881efe9c6834,1791424971,0,,,,,0,0
0afdfcef2181d23fd54c69c0,1791424971,0,,,,,0,0
0aff22ff231cf808f281e0de,1791511133,0,,,,,0,0
0b00de96047d44c9f6a20d20,1791424971,0,,,,,0,0
0b013c339bd64fca36cd3fe3,1791424971,0,,,,,0,0
0b06820f9fe8277a8b48e2df,1791424971,0,,,,,0,0
0b090fe652537ba7857d76e6,1791424971,0,,,,,0,0
0b0cd6bda0086ea2126855df,1791424971,0,,,,,0,0
0b0ec300c2227d3417351aa7,1791511133,0,,,,,0,0
0b13b731dc6f585d62c53c9e,1791511133,0,,,,,0,0
0b165e605cb16f3fd1ebcfe3,1791511133,0,,,,,0,0
0b1bc7937c6c0ca8e85b0d61,1791424971,0,,,,,0,0
0b1e07415c53299cf2d1e64f,1791511133,0,,,,,0,0
0b3aefe2de64ccc6e77e8498,1791424971,0,,,,,0,0
0b414bcf20b20158609f928a,1791424971,0,,,,,0,0
0b42d047df8bb9a1933775fc,1791424971,0,,,,,0,0
0b456136169a054de79de4ac,1791427778,1,0001679273-26-000051,"2.02,9.01",1791288121,2.5,1,1
0b48374cbd11e8e03d0b6eca,1791424971,0,,,,,0,0
0b4892f06948bfeead44ed4e,1791424971,0,,,,,0,0
0b497e10dca00338157a3315,1791424971,1,0001043219-26-000070,"3.03,5.03,9.01",1790972129,7.0,0,1
0b500bdb48a500e13b7297b0,1791511133,0,,,,,0,0
0b55246eedeffb19a8c59f65,1791424971,0,,,,,0,0
0b55c1e930cccbfae22df26c,1791424971,0,,,,,0,0
0b5e529923737f64d1fd8c91,1791511133,0,,,,,0,0
0b65bcddad2ece0ee79dab6f,1791424971,0,,,,,0,0
0b6ac88156c9df969fa86995,1791424971,0,,,,,0,0
0b6c8fe46b5a6dfb952f58ba,1791424971,0,,,,,0,0
0b6caafe89520d5cfbb935b5,1791424971,0,,,,,0,0
0b6dd9051fdd1487fcecb174,1791511133,0,,,,,0,0
0b6e410e33dbd1e0dc0c72f3,1791511133,0,,,,,0,0
0b71213ae260687ca31cecce,1791424971,0,,,,,0,0
0b7623556beeebcf2aa00507,1791424971,0,,,,,0,0
0b7746f8ad122f8a6a13d0e1,1791511133,0,,,,,0,0
0b79c9985fea615b6c31ea02,1791424971,0,,,,,0,0
0b8ed2de1c470547ce745bb7,1791424971,0,,,,,0,0
0b91a6e3741b6e8e5e6d2e0f,1791424971,0,,,,,0,0
0b92860eebbff6f65adcb192,1791424971,0,,,,,0,0
0ba419723a195e2b5a044c41,1791424971,0,,,,,0,0
0ba73e2320332a7dfb26be2b,1791424971,0,,,,,0,0
0bae7ca36a12cc6f349e7271,1791424971,0,,,,,0,0
0bb089df95cfb5e2561cf4ec,1791424971,0,,,,,0,0
0bb12a473303212414ec420d,1791424971,0,,,,,0,0
0bb156570f1c678b078dfa75,1791424971,0,,,,,0,0
0bb40f4ad75a8922f02aafce,1791424971,0,,,,,0,0
0bb6844974e051058e1edce7,1791424971,0,,,,,0,0
0bc0cd880b973541eb8705a4,1791511133,0,,,,,0,0
0bc106ded829c8eb1c3ca61b,1791511133,0,,,,,0,0
0bc54e56ae75315744890e64,1791424971,0,,,,,0,0
0bc90a2d65b63b58a12dd78e,1791424971,0,,,,,0,0
0bd37b251dacb7a5e9c704f9,1791424971,0,,,,,0,0
0bd4d1475231984175cf3150,1791511133,0,,,,,0,0
0bda387bc0b54b8e04cb493f,1791424971,0,,,,,0,0
0bded560a4371bcc5923e5d6,1791424971,0,,,,,0,0
0be397f80f5ef1d49b164b33,1791424971,0,,,,,0,0
0be6cb4af31bcc6fb0402f46,1791511133,0,,,,,0,0
0bf0d992a69be2908da765ed,1791424971,0,,,,,0,0
0bf44399bd95214bee2cc4fe,1791424971,0,,,,,0,0
0bfb69629bd23c93f15db9f5,1791424971,0,,,,,0,0
0bfd8154dc4480124a2df5b9,1791424971,0,,,,,0,0
0bff6efce9ef60418d4c7079,1791511133,0,,,,,0,0
0c048a34d6c90a88fc90068b,1791424971,0,,,,,0,0
0c05c7dca4cbc10c66cb7359,1791424971,0,,,,,0,0
0c0bfcc9a75f1514505b3c51,1791424971,0,,,,,0,0
0c0d3154934f86d256b9ffdd,1791424971,1,0001193125-26-357758,"2.01,3.01,3.03,5.01,5.02,5.03,9.01",1787222033,4.5,0,1
0c0ed10c021704374cf87a50,1791424971,0,,,,,0,0
0c14bc34132e9d3a052d292d,1791424971,0,,,,,0,0
0c1891676e7285af50243d8d,1791424971,0,,,,,0,0
0c1ea613cd15022c75101b46,1791424971,0,,,,,0,0
0c2008640a4cdecde1621d35,1791424971,1,0001193125-26-392151,"7.01,9.01",1789507287,4.5,0,1
0c270ee26094e8768c111062,1791424971,1,0000063908-26-000076,"7.01,9.01",1790164881,6.5,0,1
0c283c5f290883321e8e603e,1791424971,0,,,,,0,0
0c2aa9fbd9c1fbf928b44211,1791424971,0,,,,,0,0
0c302b435c8f8c008f680218,1791424971,0,,,,,0,0
0c3ac3b83df0b8fb1a169cf2,1791424971,0,,,,,0,0
0c3d9be96dd7e4ba870d324c,1791424971,0,,,,,0,0
0c3efa7355060a3d9f06d1d9,1791424971,0,,,,,0,0
0c40da5d4a59a9d752d1e952,1791424971,1,0001193125-26-392151,"7.01,9.01",1789507287,5.5,0,1
0c41227b09cdb33ceb755a74,1791424971,0,,,,,0,0
0c44bcd109bb26222d0e1428,1791424971,0,,,,,0,0
0c486759818247803b7d5cce,1791424971,0,,,,,0,0
0c50962ecdc38ce6ef7badb8,1791424971,0,,,,,0,0
0c536c689afbb0e32843a09a,1791511133,0,,,,,0,0
0c54f7012406ee42178c3cb0,1791424971,1,0001104659-26-107512,"1.01,2.03,8.01,9.01",1789417813,0.5,0,1
0c590774502463ab331dad20,1791424971,0,,,,,0,0
0c5ef953c3858b50ffdf31ad,1791424971,0,,,,,0,0
0c5f12360d828a996df1f557,1791424971,0,,,,,0,0
0c618777082513127f366cca,1791424971,0,,,,,0,0
0c6d3ff35fc97ba53ea145fb,1791511133,0,,,,,0,0
0c6e3ef9f46a42162180ca24,1791424971,0,,,,,0,0
0c703b82145da5579dce0a70,1791511133,1,0001637459-26-000067,5.02,1791321644,4.5,0,1
0c72dd02bfffb2358ab772aa,1791424971,0,,,,,0,0
0c75f3456a594aaa700d74b4,1791424971,0,,,,,0,0
0c76eec01343680f3e9bbc6a,1791511133,0,,,,,0,0
0c7d947041065e3b1ec83d9c,1791424971,0,,,,,0,0
0c82cdacbe6fd95b1661571b,1791424971,0,,,,,0,0
0c84296c1a8554e8bc54347d,1791424971,0,,,,,0,0
0c88f7a250ff61be98e8c8b3,1791424971,0,,,,,0,0
0c8a408253ff46e7a3b1a962,1791511133,0,,,,,0,0
0c8df24c2dbf7cf6fe60885f,1791511133,0,,,,,0,0
0c8fa48b72605d9fce98b861,1791424971,0,,,,,0,0
0c8fded0eb80495d5a40579a,1791424971,0,,,,,0,0
0c90b3ea17b5555413cb2483,1791424971,0,,,,,0,0
0c9558e5a22dbd30daf91384,1791424971,0,,,,,0,0
0c97a8cfa752aed119149400,1791424971,0,,,,,0,0
0c9acfc93f663f47f7e9f01f,1791424971,0,,,,,0,0
0c9b373e41a61754351a83bf,1791424971,0,,,,,0,0
0c9e29012c274f52710b63eb,1791424971,0,,,,,0,0
0c9e5d949b622715fd7d5927,1791424971,0,,,,,0,0
0cab3e731e09ac7b6908d845,1791424971,0,,,,,0,0
0cb00d6039d30a3491cb8fa2,1791424971,0,,,,,0,0
0cb572cddba0602c45576fb4,1791511133,0,,,,,0,0
0cb57b52ad34690e28f36d75,1791424971,0,,,,,0,0
0cb6e260a4968ac691bd352f,1791424971,0,,,,,0,0
0cb84c2ad17e3693a08e5a6c,1791424971,0,,,,,0,0
0cb9ccb53e1ec52a26cd4938,1791424971,0,,,,,0,0
0cbb2daaf08f54a3f84b3f05,1791424971,0,,,,,0,0
0cbd1c875938fb129064b861,1791511133,0,,,,,0,0
0cbf45f9ce001dba6f7ab013,1791424971,0,,,,,0,0
0cc21d8b6f7ccfe14d3622b7,1791424971,0,,,,,0,0
0ccaacaee967be7f29e65a09,1791424971,0,,,,,0,0
0cd55142e343028a36d07bda,1791424971,0,,,,,0,0
0ce1cd8fcda9c252e5c52f28,1791424971,0,,,,,0,0
0ce3a482c297b60ffa83e8f3,1791424971,0,,,,,0,0
0ce6ca881b170f2d5102a664,1791424971,0,,,,,0,0
0ce87f21960262e044821424,1791424971,0,,,,,0,0
0ce989d9ab3f8061e1eea112,1791424971,0,,,,,0,0
0ceb2a4bf4330a265e3251f2,1791511133,0,,,,,0,0
0cef4f78ebedaeffd87674b9,1791424971,0,,,,,0,0
0cef94e283bfc1843a7d8349,1791424971,0,,,,,0,0
0cf0cb820c891135e2491bd8,1791424971,0,,,,,0,0
0cf1fa60840cb86debc9c68b,1791424971,0,,,,,0,0
0cf351d3b00cc401bb690c40,1791424971,0,,,,,0,0
0cf3e0de8c4f7ecf8815b97b,1791424971,1,0000764622-26-000049,"7.01,9.01",1790798706,0.5,0,1
0cf581ab8f0afccce87e5d99,1791424971,0,,,,,0,0
0cfb45ea85c0e22053877db8,1791424971,0,,,,,0,0
0cfb9cd0372c5d7e0e6f32b6,1791424971,0,,,,,0,0
0cfdae5cdf9cc050c9e1e642,1791424971,0,,,,,0,0
0d004a7e699ba949d9ed403e,1791511133,0,,,,,0,0
0d016c7da3e81653049ef6ce,1791424971,0,,,,,0,0
0d032c3d85fa18abb1e4465c,1791424971,0,,,,,0,0
0d0426403587be8bd4ef7958,1791424971,0,,,,,0,0
0d091d86f2ebebd33bdd789b,1791424971,0,,,,,0,0
0d0f5a734f940403b76f7a2b,1791424971,0,,,,,0,0
0d124f6a999c8a6558fe0aa8,1791424971,0,,,,,0,0
0d174abb91ca94f10105500b,1791424971,0,,,,,0,0
0d1952c70ccfc8db7216fb5c,1791424971,0,,,,,0,0
0d1db66dae8c2f3700ecf3d7,1791424971,0,,,,,0,0
0d1f147d605d362bfa4bc253,1791424971,0,,,,,0,0
0d205395fae4014406e64ac7,1791511133,0,,,,,0,0
0d2098b9f4f01ccdae9b0f0b,1791424971,0,,,,,0,0
0d27084cb49ead5b6b41c6be,1791427778,0,,,,,0,0
0d276ce6844f2e7e6a15e0da,1791424971,0,,,,,0,0
0d27ab1d5c41340b991b928a,1791424971,0,,,,,0,0
0d2a19e91384ea232f96b9e6,1791424971,0,,,,,0,0
0d2aee808e36f4365f169f08,1791424971,0,,,,,0,0
0d32e6ab3ff6d0de10e32a98,1791424971,0,,,,,0,0
0d3747b95f2690b772dcd59a,1791424971,0,,,,,0,0
0d37daeb8063c09d0848ff10,1791511133,0,,,,,0,0
0d3a9388e8700aa6ffd72f3e,1791424971,0,,,,,0,0
0d3ef39834316dbaed69f2e2,1791424971,0,,,,,0,0
0d480b7632e6e3caf20383fb,1791424971,0,,,,,0,0
0d4e43ccf145898a5c9c26cc,1791424971,0,,,,,0,0
0d4eb0adbd54a82cc9285448,1791424971,0,,,,,0,0
0d4eb809171ec66ee6da1862,1791424971,0,,,,,0,0
0d576e50c85310e2add76a79,1791424971,0,,,,,0,0
0d596d2938836820f4b42e97,1791424971,0,,,,,0,0
0d5e11934b17a6f81ae5d3ce,1791424971,0,,,,,0,0
0d61ce191e04e5ad47d1dbd3,1791424971,0,,,,,0,0
0d660696eda203043a12acb8,1791424971,0,,,,,0,0
0d66f8fd933e1e94bff85ee2,1791424971,0,,,,,0,0
0d6b4f1474fd51a41f3976fe,1791511133,0,,,,,0,0
0d74cff86c3b16a9da7d85b9,1791424971,0,,,,,0,0
0d83fa6335b6d90512199d54,1791511133,0,,,,,0,0
0d875cae8394216d7d6e9c14,1791424971,1,0001193125-26-392151,"7.01,9.01",1789507287,6.5,0,1
0d88010b0ecd5d2cb866d628,1791424971,0,,,,,0,0
0d8d181033d8b20c7d775bae,1791424971,0,,,,,0,0
0d92f837b815c08da4613752,1791424971,1,0001628280-26-063850,"7.01,8.01,9.01",1790716525,2.5,0,1
0d95502598d62eddf6e3e42e,1791424971,1,0001515673-26-000006,8.01,1789674937,1.4269444444444443,0,1
0d96d05d9640d8cc4ba18160,1791424971,0,,,,,0,0
0d98c16e859cf357a7d9882f,1791511133,0,,,,,0,0
0d9993b8ca49633255edbc7c,1791424971,0,,,,,0,0
0d9b1987064378313a948b4e,1791424971,0,,,,,0,0
0d9e4c28598787cf83ef9ac8,1791424971,0,,,,,0,0
0da4bb8da301a5fbf5f0b337,1791424971,0,,,,,0,0
0da8e29f59a7472378fc65bb,1791424971,0,,,,,0,0
0dacdfde71b3d63318d42d4c,1791424971,0,,,,,0,0
0db24286d557cf7d60464db6,1791511133,0,,,,,0,0
0db2ce113b3db175142f4b19,1791424971,0,,,,,0,0
0db33b0b6db4000622544cee,1791424971,0,,,,,0,0
0db50f6ffd826597f0d76265,1791424971,0,,,,,0,0
0dc41c5c86e582d1a88d35a9,1791424971,0,,,,,0,0
0dc4bbdbdedcd3a8344a737f,1791424971,0,,,,,0,0
0dc8c458516414119c4a5715,1791424971,0,,,,,0,0
0dca0bfdc4cc41c67ffc103c,1791424971,0,,,,,0,0
0dcb51e2ed647870ff4fdd29,1791424971,0,,,,,0,0
0dcbb188624124ed25da3d9d,1791424971,0,,,,,0,0
0dcbf73e1250e695dde914c8,1791424971,0,,,,,0,0
0dce8ac92f19ee846ec40a6f,1791424971,0,,,,,0,0
0dcef90c498dd504b4e5fdb2,1791424971,0,,,,,0,0
0dcf8e358ff9762777676d24,1791424971,0,,,,,0,0
0dcfb2aae1159c3c17889718,1791427778,0,,,,,0,0
0dd41433bbc6f8022e69dc99,1791424971,0,,,,,0,0
0dd6c91cfe833aec279f085d,1791424971,0,,,,,0,0
0dd84be7a5a944fdceee1d40,1791424971,0,,,,,0,0
0dd8b0c1af1aebda4cfe13c9,1791424971,0,,,,,0,0
0de3e1de60bc4463091f3c77,1791424971,0,,,,,0,0
0de694a46790c64617d63d4f,1791511133,1,0001193125-26-415597,"7.01,9.01",1791317953,7.0,0,1
0de90e118058c80c299ab972,1791424971,0,,,,,0,0
0dea6d5ff19c86bfeb2f3faa,1791424971,0,,,,,0,0
0dee971afec7b67f029967ed,1791424971,0,,,,,0,0
0df9b1899938371147a1773b,1791511133,0,,,,,0,0
0dfdfe92fa5da8cc77c48b71,1791511133,0,,,,,0,0
0dff49f6cc5806933f4949af,1791424971,0,,,,,0,0
0e003e4f78071e321fdcf020,1791424971,0,,,,,0,0
0e02b97faac836bbfa4278c5,1791424971,0,,,,,0,0
0e042d13fd42a4ede69936cd,1791424971,0,,,,,0,0
0e04dcdf16aa097d26b1e49a,1791424971,1,0000876167-26-000110,"2.02,7.01,9.01",1790798839,0.5,1,0
0e05524994bf311197fe0ad7,1791424971,0,,,,,0,0
0e0cc45c8026ba45b12c259b,1791511133,0,,,,,0,0
0e1080de749aeb07dc2edf06,1791424971,0,,,,,0,0
0e11200db977fe0a7a80e18e,1791424971,0,,,,,0,0
0e155a1cdf173e2efa672a13,1791424971,0,,,,,0,0
0e1b9cda891560194668a2aa,1791424971,0,,,,,0,0
0e1f830f3c41118c94e1507c,1791511133,0,,,,,0,0
0e2050ca36772f623b62206d,1791424971,0,,,,,0,0
0e2375fd9e4c157bba0b8fd1,1791424971,0,,,,,0,0
0e247d3972be8cfac5db18f9,1791424971,0,,,,,0,0
0e28fcc0fcbad7e4dacf5cb7,1791511133,0,,,,,0,0
0e2ad81c10d891cc591cd575,1791424971,0,,,,,0,0
0e2df54e16d2a54affe3efb2,1791511133,0,,,,,0,0
0e33260bce1c2abc456043ef,1791511133,0,,,,,0,0
0e382e54191f83c617735d51,1791424971,0,,,,,0,0
0e3b768e666267c04e3297d9,1791424971,0,,,,,0,0
0e3cc8ec7cc95a9f8dac2fcc,1791424971,0,,,,,0,0
0e3f5cbf548f0e314c34d1eb,1791424971,0,,,,,0,0
0e3fd0faf47171ba783e5246,1791424971,0,,,,,0,0
0e478bf2eb8946c4af676ebd,1791424971,0,,,,,0,0
0e4aecd659a015b395c4d1e5,1791424971,0,,,,,0,0
0e5297b76a78b73a9d3be7f1,1791424971,0,,,,,0,0
0e55eb645832c48f615f82e7,1791424971,0,,,,,0,0
0e56bc003b8f58608eb61188,1791424971,0,,,,,0,0
0e571b3af8eeb76d1811f79b,1791424971,0,,,,,0,0
0e57d9d55df6d9fbd6e86178,1791424971,0,,,,,0,0
0e6289618305d67582634da0,1791511133,0,,,,,0,0
0e66c0465664b450275587aa,1791424971,0,,,,,0,0
0e6711fe9f1957457afb0c4a,1791424971,0,,,,,0,0
0e74349340056e0324b261b7,1791424971,0,,,,,0,0
0e7754fbef65af5b1597ddd1,1791424971,0,,,,,0,0
0e779bd0234dd2e11fa9a412,1791424971,0,,,,,0,0
0e7ffc75483847867c1ca657,1791424971,0,,,,,0,0
0e83fb50d44cda9ddcec1a98,1791424971,0,,,,,0,0
0e84b70f781bb288b9d2b2eb,1791424971,0,,,,,0,0
0e8a45bbbc9988f7bfff4829,1791424971,0,,,,,0,0
0e90702205b19df66ac98c58,1791424971,0,,,,,0,0
0e90deea3e81148861caac63,1791424971,0,,,,,0,0
0e95d88b8a15a561a93cb92f,1791424971,1,0000910521-26-000026,5.07,1789505538,6.5,0,0
0e9923424cfc8c2c377393fe,1791424971,0,,,,,0,0
0e9b62a98404174c28b45e4a,1791424971,0,,,,,0,0
0ea314cb69fb88db9d2694cd,1791424971,0,,,,,0,0
0ea90dfddc56024c624fd01b,1791424971,0,,,,,0,0
0eab887c98c2e5cbd981c517,1791424971,0,,,,,0,0
0eab9007374441fa4b82ac12,1791424971,0,,,,,0,0
0eaeea7a88c3c8f7894a127a,1791511133,0,,,,,0,0
0eb04f50e49ba74ff9e88553,1791424971,0,,,,,0,0
0eba5f9f38b569284fe53266,1791511133,0,,,,,0,0
0ebca03ef5246084ed42e73e,1791424971,0,,,,,0,0
0ec5b206d2c79f3c23317192,1791424971,0,,,,,0,0
0ece93bca06ca1b0cce00679,1791424971,0,,,,,0,0
0ed3959feae477350b82952b,1791511133,0,,,,,0,0
0ed6757de3d00e073d184395,1791424971,0,,,,,0,0
0edd914d603325b69e727e66,1791424971,1,0001193125-26-381874,"2.02,9.01",1788465915,0.5,1,0
0ee0fc2fe644ed08bc2213d2,1791424971,0,,,,,0,0
0ee2892e38950b9c885380df,1791424971,0,,,,,0,0
0eecc57b0379ce93bf868015,1791424971,0,,,,,0,0
0eee291a876e3f1277bac1dd,1791424971,0,,,,,0,0
0eefa344707726acf0344457,1791424971,0,,,,,0,0
0ef03f54566ebf66f21e6771,1791424971,0,,,,,0,0
0ef2bf6f7055f603552fc3fa,1791424971,0,,,,,0,0
0ef5afa60759d2e7f6385d60,1791424971,0,,,,,0,0
0ef77bb84088332c7019427b,1791424971,0,,,,,0,0
0ef9f9905b0bc4def328f54b,1791424971,0,,,,,0,0
0efcc3082abeaf6a9d6adb44,1791424971,0,,,,,0,0
0f007de4be1a1e14cc8d9930,1791424971,0,,,,,0,0
0f01eb25b068f65f84fe703f,1791424971,0,,,,,0,0
0f02737d0f9c02901d10a250,1791424971,0,,,,,0,0
0f0bebeca9ef470c4aa4fcd3,1791424971,1,0000826675-26-000104,"1.01,7.01,9.01",1790367359,6.5,0,1
0f0dc07b5533fde89e5c4611,1791424971,0,,,,,0,0
0f11d8c8f6166c1c060492dd,1791424971,0,,,,,0,0
0f1482dc0600cd666461caac,1791511133,0,,,,,0,0
0f1721428f536746d8676cac,1791424971,1,0001140361-26-037109,"8.01,9.01",1789761938,6.5,0,1
0f17d4ebd01fbcf6bb68de9a,1791424971,0,,,,,0,0
0f190cc0f8e8e994f1c7c0d5,1791424971,0,,,,,0,0
0f1b497de70e4588434805f8,1791424971,0,,,,,0,0
0f1bbd18d964a77099f4ed3b,1791511133,0,,,,,0,0
0f221f676c0040b9fbaf13d7,1791424971,0,,,,,0,0
0f2713cbe263f1a1000175d2,1791424971,0,,,,,0,0
0f2e12996186419894ea2703,1791424971,0,,,,,0,0
0f37915354d6d899da5331ff,1791424971,0,,,,,0,0
0f3a216dfa04380838fe6e76,1791424971,0,,,,,0,0
0f3b293015ec7ff45d041abf,1791424971,0,,,,,0,0
0f3dedf171f0b50cf1276b1e,1791511133,0,,,,,0,0
0f3fc70fe01037e101857cea,1791424971,0,,,,,0,0
0f424212b84f598f5b774663,1791424971,0,,,,,0,0
0f4bfd459e89da3d459f58e9,1791511133,0,,,,,0,0
0f51a3b3a6310396691ecf29,1791424971,0,,,,,0,0
0f52aa7a13cc1b9cf5e9f606,1791424971,0,,,,,0,0
0f5f2ab56e0922101bf5f1e2,1791424971,0,,,,,0,0
0f60bff2b37d0b39787086da,1791424971,0,,,,,0,0
0f6e80ab62194ef5ca6ab223,1791424971,0,,,,,0,0
0f70ae557da7002255b46e34,1791511133,0,,,,,0,0
0f71769804f4fe9ad53bf4c8,1791424971,0,,,,,0,0
0f747ac6c9871df92f00ab42,1791424971,0,,,,,0,0
0f77e9985c19749f98dedba7,1791424971,0,,,,,0,0
0f7a08e6486192a6a7ce7a31,1791424971,0,,,,,0,0
0f7d504f38f423c6ad061fcf,1791424971,0,,,,,0,0
0f7dff556a5dfe587e27ae1d,1791424971,0,,,,,0,0
0f7f0660d2e3e63562dd4aa4,1791511133,0,,,,,0,0
0f830524619de8554a6b0b79,1791424971,0,,,,,0,0
0f8cc572fb9e04e4398dcd5e,1791424971,0,,,,,0,0
0f974e2215f809a4f5bd7f33,1791424971,0,,,,,0,0
0f9bda54d2e075da30a7369c,1791424971,0,,,,,0,0
0fa3475cc81dcb86903854dc,1791424971,0,,,,,0,0
0fa5ee8115bef8be88ab20be,1791424971,0,,,,,0,0
0fab5cb497a80b6b5304e5fe,1791424971,1,0001628280-26-062287,"2.02,9.01",1789591379,0.5,1,0
0fab6467bff4a5a671c4e743,1791424971,0,,,,,0,0
0faeee0d291c1ac7f7670bce,1791424971,0,,,,,0,0
0fb05ef0415a4a19a75fbfed,1791424971,0,,,,,0,0
0fb3eeaf146e669a4ffc0ccf,1791424971,0,,,,,0,0
0fbde763100a57eeea9fc3f9,1791424971,1,0001628280-26-064413,"5.03,5.07,9.01",1790954717,8.921388888888888,0,1
0fbf7284021e6bcfff07830b,1791424971,0,,,,,0,0
0fc056afe2e817e56e7bac72,1791424971,0,,,,,0,0
0fc0f718dba65c9bbc39c132,1791424971,0,,,,,0,0
0fc2a1ae97d66ad3574b4b1f,1791424971,0,,,,,0,0
0fc46aad0ca1811a37e0797a,1791511133,0,,,,,0,0
0fc6aa1cde96ce12447b8277,1791424971,1,0001104659-26-106344,"7.01,9.01",1788985401,0.5,0,1
0fc7b37fb841324b4c429e06,1791424971,0,,,,,0,0
0fcc9af56c30b29c8eb766c8,1791424971,0,,,,,0,0
0fcdc7ec9d71554244268017,1791424971,0,,,,,0,0
0fd8859dd77fef97c4b09582,1791424971,0,,,,,0,0
0fdb3129516586ea2ffad7e4,1791424971,0,,,,,0,0
0fdda04628194fb605bf0184,1791424971,0,,,,,0,0
0fe2fd86990e4ef972936cfc,1791424971,0,,,,,0,0
0fe678f46146295f3776557a,1791424971,0,,,,,0,0
0fedf3a9d42d13c5bfbab50e,1791511133,0,,,,,0,0
0ff1ee243a47a787a0faa73d,1791424971,0,,,,,0,0
100023aece0d898b2c61c355,1791511133,1,0001193125-26-415015,"2.01,7.01,9.01",1791292458,0.5,0,1
100308355676829dddcb69a9,1791424971,0,,,,,0,0
1005986cee1c6cbf9fb79aba,1791424971,0,,,,,0,0
1009c687c288d95063c26278,1791424971,0,,,,,0,0
100cd9ccb7c02653621471f0,1791424971,0,,,,,0,0
1011715368ec5dd565af9f08,1791424971,0,,,,,0,0
1019907aa111299da3897703,1791424971,0,,,,,0,0
101b735501ed26a9f49b7dd3,1791424971,0,,,,,0,0
101d36966cecd96c139445b6,1791511133,0,,,,,0,0
101d57b88bb57f94d1022328,1791424971,0,,,,,0,0
1025cce1fcf48fff778cbca5,1791424971,0,,,,,0,0
10268d406be5f434e4ba5fb7,1791424971,0,,,,,0,0
10271809ac37a5c4fcd94ee2,1791424971,0,,,,,0,0
10295419176d825aa16c4769,1791511133,0,,,,,0,0
102f32ab0b54c3b527f1daa7,1791424971,0,,,,,0,0
1031e3e26446e77a25ca96e1,1791424971,0,,,,,0,0
10362475467da0c29b91f709,1791424971,0,,,,,0,0
103a6e15d83aa36ac983c786,1791511133,0,,,,,0,0
103bd0a23447762d1bb575bf,1791424971,0,,,,,0,0
103d90bddec39e748e69ebde,1791424971,0,,,,,0,0
1043a85368db2b46cda689c2,1791424971,1,0001104659-26-111380,"8.01,9.01",1790626959,0.5,0,1
10444ee37a325350188257ec,1791424971,0,,,,,0,0
10449bec27d9bfbb85297214,1791424971,0,,,,,0,0
10453a8b02375e86bda65c36,1791424971,0,,,,,0,0
104f26506e28f4fc7442a27b,1791424971,0,,,,,0,0
105034e8afdcd0cab06df7d6,1791511133,0,,,,,0,0
1053f4dc6eb53d21e1cc1046,1791424971,0,,,,,0,0
105467589601169eda1fc3bc,1791424971,0,,,,,0,0
105641c137a6f12b4afaa0b6,1791424971,1,0001104659-26-108945,"3.01,7.01,9.01",1789762524,8.0,0,1
10577769f1e63db714160565,1791424971,0,,,,,0,0
105b5808c1ddcad9585e4a6a,1791424971,0,,,,,0,0
10673c2eb664037d07ebb4ae,1791511133,0,,,,,0,0
10681c7536ed4c3feedbe2b1,1791424971,0,,,,,0,0
107418a221f48ead7cb363f1,1791424971,0,,,,,0,0
107e6e16d4c66097697fd4e6,1791424971,0,,,,,0,0
1080b38dbaf9e9190c034560,1791424971,0,,,,,0,0
108da5ca13db7d3fb80cd859,1791424971,0,,,,,0,0
108f1b2e03682449869a48f4,1791424971,0,,,,,0,0
10902cebe0e9410757729c3e,1791424971,0,,,,,0,0
1093029504e144490be78504,1791424971,0,,,,,0,0
1094614f58adacfaa111bc36,1791424971,0,,,,,0,0
1098aab36f9a4f134ea4bd43,1791424971,0,,,,,0,0
109954952f1d0470024c1b60,1791424971,0,,,,,0,0
109ec7754513caec8e23b2de,1791424971,0,,,,,0,0
109f333851db9b20920faca2,1791511133,0,,,,,0,0
10a23dcdd71add598f8810ef,1791424971,0,,,,,0,0
10a5049961c63e4cd7886bff,1791424971,0,,,,,0,0
10a65e9a08624f7060502f0e,1791424971,0,,,,,0,0
10aa3c63e80ec5885f648482,1791424971,1,0000920148-26-000205,7.01,1790109818,6.5,0,1
10b4f03221c44ad02999a113,1791424971,0,,,,,0,0
10b6559737514e0c206f5088,1791424971,0,,,,,0,0
10b67f1910f67ae6d1675b72,1791424971,0,,,,,0,0
10b90e950462b834201b57bb,1791424971,0,,,,,0,0
10bfd3a17b38540b55feeb62,1791424971,0,,,,,0,0
10c23a8fdb519d47f84762ab,1791424971,0,,,,,0,0
10c44ca392415c258efe757e,1791424971,0,,,,,0,0
10c7c6041aef2e1a5916afeb,1791424971,1,0001423689-26-000135,5.02,1789157047,7.0,0,1
10cad96f6f1e840d981af414,1791424971,0,,,,,0,0
10cc2da1b5ec1d52c18d0d27,1791424971,0,,,,,0,0
10cff1d3b0ce1776c5a0857b,1791424971,0,,,,,0,0
10d1693fb14821b2e909e97a,1791424971,0,,,,,0,0
10d1bcb2299a13826321fec5,1791424971,0,,,,,0,0
10d2307de9e5c4c0f63ad429,1791424971,1,0001628280-26-063618,"7.01,9.01",1790370258,11.0,0,1
10db71d0bb719b6701114ac4,1791424971,0,,,,,0,0
10dbd622a06db354ea0602d3,1791424971,0,,,,,0,0
10df8ce9a3fdb19a1009ba48,1791424971,0,,,,,0,0
10e1e15bf484a6e2bd0665b7,1791511133,0,,,,,0,0
10e3f05402cb1f904db8975f,1791424971,0,,,,,0,0
10e50ad4cb8e79efa13b8f1c,1791424971,0,,,,,0,0
10e71c2dacfdd5bc0438c881,1791424971,0,,,,,0,0
10e89f4dd6a8d7da40c4e595,1791424971,0,,,,,0,0
10ee18fc7c9836d5c2fbae5e,1791424971,0,,,,,0,0
10f023f0a281b4a3bf6a8d53,1791424971,0,,,,,0,0
10f2f70492b1bb2b14e443d5,1791424971,0,,,,,0,0
10f5d32840bf7d75b6f5b48f,1791424971,0,,,,,0,0
10f90e07c11dd999da1675d2,1791424971,0,,,,,0,0
10fc58ec60999425ac36cfbe,1791424971,0,,,,,0,0
110269172e0b2a7f1f771c36,1791511133,0,,,,,0,0
110c91c1f857502f45cfcaeb,1791424971,0,,,,,0,0
1112b83a96be18a55e34f64e,1791424971,1,0001104659-26-109755,"8.01,9.01",1790157698,6.5,0,1
111560182e89be5b945d7aea,1791424971,0,,,,,0,0
111e016f462cdd74866d06f2,1791424971,0,,,,,0,0
111e7280071424174a33eb65,1791511133,0,,,,,0,0
111e9133f9d944af1621703b,1791511133,0,,,,,0,0
11224ecb9d0f901a9b606fbb,1791424971,0,,,,,0,0
112bb689b73589b536255d92,1791424971,0,,,,,0,0
112d28022e7008386475a8bb,1791424971,0,,,,,0,0
112dd2d2b614010c37c42696,1791424971,0,,,,,0,0
11301f424182348390068a14,1791424971,0,,,,,0,0
1131c9dac1048d1f01028994,1791424971,0,,,,,0,0
1134d1dbafa1daabf5ae071d,1791424971,0,,,,,0,0
1135ab77f11f30c193a4112d,1791424971,0,,,,,0,0
114061f50956f58c3c264a0d,1791424971,0,,,,,0,0
11423644a14c1b6d005e7336,1791424971,0,,,,,0,0
1146bb524da3fc4f52983096,1791424971,0,,,,,0,0
114afae5f80ad44c9d49eca6,1791424971,0,,,,,0,0
11519e7dc12b2ec7dc9aeec7,1791424971,0,,,,,0,0
115779dcfaa6688e7a92e28a,1791424971,0,,,,,0,0
11622b9c0f5cd2da4ea074c5,1791424971,0,,,,,0,0
116339a3a12c02243f977eee,1791424971,0,,,,,0,0
1164250e59c154634049b9d9,1791424971,0,,,,,0,0
11705bbfc957b3b64b84f3bb,1791424971,0,,,,,0,0
11715531c9323474b94503e9,1791424971,0,,,,,0,0
11757f54b0a18b74e9014f97,1791424971,0,,,,,0,0
117c52cd067f80a625fa1c36,1791424971,0,,,,,0,0
11825c69f2e55009d0f8600e,1791424971,0,,,,,0,0
1182ae8184b7c9bccec5c835,1791511133,0,,,,,0,0
11845b29e91f1781885f6985,1791424971,0,,,,,0,0
1184ebfadc13892247e75f78,1791424971,0,,,,,0,0
1185067c14819551656f1d19,1791424971,0,,,,,0,0
1187adda11747f0060e3ac34,1791424971,0,,,,,0,0
1194665dc96f139ed9700cb2,1791424971,0,,,,,0,0
119631d54227bea205846244,1791424971,0,,,,,0,0
1196ea38e6724be42233740e,1791424971,0,,,,,0,0
119f41d3091bf9320f72bb5b,1791424971,0,,,,,0,0
119f9fb513ca533a1367057a,1791424971,0,,,,,0,0
11a25ac79831652f1aeda036,1791511133,0,,,,,0,0
11a283b0e6048922b0a2adde,1791424971,0,,,,,0,0
11a36ad7c40f68f05750e7ab,1791424971,1,0001193125-26-394533,"8.01,9.01",1789680066,4.5,0,1
11a542f9e5feaef41972301a,1791424971,0,,,,,0,0
11afdba129d02f973b002203,1791424971,0,,,,,0,0
11b59558eedcb761316cc5d7,1791424971,0,,,,,0,0
11bdc65dbfd44321ad877be0,1791511133,0,,,,,0,0
11bf830266ff0125b8b9d2e1,1791424971,1,0001104659-26-111777,"7.01,9.01",1790699628,6.5633333333333335,0,1
11d19a3f766536ad96f55679,1791424971,0,,,,,0,0
11d33754ff6c87ff35f2414f,1791511133,1,0001193125-26-415617,5.02,1791318397,3.5,0,1
11d9747c2bb37c6d4bb7d714,1791511133,0,,,,,0,0
11d9c916d108d9337d438096,1791424971,1,0001171843-26-006315,"8.01,9.01",1790812794,7.0,0,1
11ddebbdcb7aa4bcefe5e841,1791424971,0,,,,,0,0
11de34a27cb857964be31252,1791424971,0,,,,,0,0
11de4d46f34ca3d0e6f961ad,1791424971,0,,,,,0,0
11e0faaff0f6631971968ea0,1791424971,0,,,,,0,0
11e7be31a526d1e941f11132,1791511133,0,,,,,0,0
11eee270bd72c4783b9c7765,1791424971,0,,,,,0,0
11f0479ffe471546fbfb3bf3,1791424971,0,,,,,0,0
120346dab82654ed4b62326c,1791424971,0,,,,,0,0
120559c0bc87517231843626,1791424971,0,,,,,0,0
12079463e6a6f850819df9d5,1791424971,0,,,,,0,0
1209725b50545d214cdd983c,1791424971,0,,,,,0,0
120ab297773905ac40a55778,1791424971,1,0001628280-26-063314,"2.02,9.01",1790247785,6.5,1,0
1215d920b97603e3f4767a2b,1791424971,0,,,,,0,0
12186472ecf7bc391c7665c7,1791511133,1,0001679273-26-000053,"5.02,9.01",1791320492,2.5,0,1
121d78c965146ebe3e1f5ddf,1791424971,0,,,,,0,0
121ff86efd57d418ef9dea89,1791424971,0,,,,,0,0
12303b8c13631df8064f7301,1791424971,0,,,,,0,0
1238f8b9a5d035b04abe2a47,1791424971,0,,,,,0,0
123d707f13af064cf97daa02,1791424971,0,,,,,0,0
123faeb934c4eba1939e0d6c,1791424971,0,,,,,0,0
124841a0b3ccc4bb4f7e1fc8,1791424971,0,,,,,0,0
124e4723e2a0e13d5649c8da,1791424971,0,,,,,0,0
124e472ddac1ecd3b9165b22,1791424971,0,,,,,0,0
1253b8269077a4d904c74b39,1791424971,0,,,,,0,0
1254004eb6788abeab87c13f,1791424971,0,,,,,0,0
12540b6fe3defc82e00fa003,1791424971,0,,,,,0,0
1255ce2042daecc56df1336c,1791424971,0,,,,,0,0
125b4df1a144a1650f2f1514,1791424971,0,,,,,0,0
12647e048c8686483b49b0a8,1791511133,0,,,,,0,0
1264e7cc37351b1c2b4441ee,1791424971,0,,,,,0,0
12699d65d39563b120c2cf43,1791424971,0,,,,,0,0
126d0d0717907fd7eb7df632,1791424971,0,,,,,0,0
1277290e8538629696f62f3f,1791424971,0,,,,,0,0
127849361670fddc03bd32e8,1791424971,0,,,,,0,0
127bd946bff1dc470d5251ce,1791424971,1,0001193125-26-402912,"5.02,9.01",1790368510,9.0,0,1
127c8a9bff6e489501145c80,1791424971,0,,,,,0,0
127e1616e383104e75de1bc1,1791424971,0,,,,,0,0
127e7ee9f9fa8a36502044b6,1791424971,0,,,,,0,0
128401f6a322bd865d7790e8,1791424971,0,,,,,0,0
1286eaa8abd4bcc953cd3a8c,1791424971,0,,,,,0,0
128a567b815ed6aea0348787,1791424971,0,,,,,0,0
128f5a83384c0a91c2e7bfe8,1791424971,0,,,,,0,0
1291640149a8403e353bc6ea,1791424971,0,,,,,0,0
1294351b59286d8b3673cf0a,1791424971,0,,,,,0,0
129abb3212e9b157bc88db4e,1791424971,0,,,,,0,0
129c171678bdf7f0a0e7a946,1791424971,0,,,,,0,0
129ecc86553cd4b8a5c23fdb,1791424971,0,,,,,0,0
12a15f0e4b40ec6700b79c7d,1791424971,0,,,,,0,0
12a6fc603dd686b29868bf4c,1791424971,0,,,,,0,0
12a945a73f7259d57743d3ad,1791424971,0,,,,,0,0
12aae81af2c82ce7cf078dfc,1791424971,0,,,,,0,0
12ac6b450321653f502f72f8,1791511133,0,,,,,0,0
12ad00dc0474a29d7e940934,1791424971,0,,,,,0,0
12ad1efc596932dd8212a6cd,1791511133,0,,,,,0,0
12b3c09f90c3323d66142d29,1791511133,0,,,,,0,0
12b4d9ae76c6cd27a7d9746e,1791424971,0,,,,,0,0
12b883ed0c556f5ee35346a4,1791424971,0,,,,,0,0
12b92860e312acd7c7259294,1791511133,0,,,,,0,0
12b94a736b0ecbe7cc9a8822,1791424971,0,,,,,0,0
12b9b19d4a66656a5b0db52d,1791511133,0,,,,,0,0
12b9df9212561b303c08a556,1791424971,0,,,,,0,0
12bd39339aba1d0eb58311a2,1791424971,0,,,,,0,0
12c1c172d1320eafb6602490,1791424971,0,,,,,0,0
12c6484116442aef95ee6a70,1791424971,0,,,,,0,0
12c81446fb1fc59e85102c97,1791424971,0,,,,,0,0
12cec64753cbcbc8ac54c6f2,1791511133,0,,,,,0,0
12cfd38495fd491f51bdfe1e,1791424971,0,,,,,0,0
12d39a55e7709b2a09bbc2ab,1791424971,0,,,,,0,0
12d76fd4f3b3c9d225eb288b,1791424971,0,,,,,0,0
12d90bbfcdc7fda783465ccd,1791424971,0,,,,,0,0
12dd7f501df238123e8757a1,1791424971,0,,,,,0,0
12dd9eea3d84d51ce1461465,1791424971,0,,,,,0,0
12e57c217d85709b4fab45ba,1791424971,0,,,,,0,0
12ea4a28c32a6cf3f4dce556,1791424971,0,,,,,0,0
12ecb8168ed8bd10791905e0,1791511133,0,,,,,0,0
12efc42ad4a3860cc67c4a6e,1791424971,0,,,,,0,0
12f4c27581ded87f20cb64da,1791511133,0,,,,,0,0
12f502fce828eaaa2dd50566,1791424971,0,,,,,0,0
12f950aa91bcb60fe989e70b,1791424971,0,,,,,0,0
12fc9f8b6f6a2d88f6b45e43,1791424971,0,,,,,0,0
1303883812e18434171a902a,1791424971,0,,,,,0,0
130906a112757601ba72d6de,1791424971,0,,,,,0,0
130f0b5873701e3547c31b36,1791424971,0,,,,,0,0
130fc6e9c47c8506df953c7e,1791424971,0,,,,,0,0
130fdf1d3173d174135e939f,1791424971,1,0000920148-26-000201,"7.01,9.01",1789073275,0.5,0,1
13125084b58286a63f4465be,1791424971,0,,,,,0,0
13190f2e4b39ed66d03812ec,1791424971,0,,,,,0,0
13192cb022ec2d0dd97ba36a,1791424971,0,,,,,0,0
131b22b92880fcd8022a3404,1791511133,1,0000078890-26-000063,"8.01,9.01",1791453654,9.0,0,1
131d7356c7d0453b754e149b,1791424971,0,,,,,0,0
13219ad3a5d2052dc26aa41a,1791511133,0,,,,,0,0
132c4db24e5d80031ca5e0aa,1791424971,0,,,,,0,0
132d42064abe5216d0b25a18,1791424971,0,,,,,0,0
132f968c8139ed0f5d17ab53,1791424971,0,,,,,0,0
1330d86909ecf20cc448e23e,1791424971,0,,,,,0,0
1332a05558718f3c1fced425,1791424971,0,,,,,0,0
133567b2478c36ca7fcfb9ea,1791424971,0,,,,,0,0
1344fab545e804dfb47c6e04,1791424971,0,,,,,0,0
1345b0d2150997d2a62fac58,1791424971,0,,,,,0,0
1352f5403aa9fd5cf0e73cbe,1791424971,0,,,,,0,0
135462f0dbb8ff63b4890260,1791424971,0,,,,,0,0
135559d4277c4f735919e6f9,1791424971,0,,,,,0,0
135639a9bc20084c1dde0d61,1791424971,0,,,,,0,0
135caf1a27dd41d0fc8e7244,1791424971,0,,,,,0,0
13666c49ec7878c20aa03985,1791424971,0,,,,,0,0
136e46755e5505ef2be8e977,1791511133,0,,,,,0,0
1377a1ea9f5d97e737bb2c75,1791424971,1,0001728951-26-000064,"7.01,9.01",1789590971,7.0,0,1
137bd628c8b331b1e087a61f,1791511133,1,0001679273-26-000051,"2.02,9.01",1791288121,1.5,1,1
1381bea6242d205b454b0315,1791424971,0,,,,,0,0
1382134e653e31bafccbb812,1791424971,0,,,,,0,0
138ad84444a841b68ec6307d,1791424971,0,,,,,0,0
138daaf249e22e40d4148b4d,1791424971,0,,,,,0,0
1395dbd472a8bfa106e458a8,1791424971,0,,,,,0,0
1395e2877b2761724393bf0e,1791424971,0,,,,,0,0
13964d9a949d3c19b54df603,1791424971,0,,,,,0,0
139812dd23829ab1d8fac625,1791424971,0,,,,,0,0
139931c2f143a540b832e6c5,1791424971,1,0001883685-26-000034,"4.01,9.01",1790366841,0.5,0,1
139ca0557a7bddcb72337ad4,1791424971,0,,,,,0,0
139f14966d4ec54ec5cfd7b0,1791424971,0,,,,,0,0
13a18aeab598665afc4ac7bc,1791424971,0,,,,,0,0
13a36c71d296db543814579d,1791424971,0,,,,,0,0
13a72bbf2f19d852c5ab96af,1791424971,0,,,,,0,0
13a8bf6176afdddab39cc96b,1791424971,0,,,,,0,0
13a8c81251de5657474395aa,1791424971,0,,,,,0,0
13ac6af8629998a8379d27c4,1791511133,0,,,,,0,0
13b052af016e7104109b731c,1791424971,0,,,,,0,0
13b0c8f724a42fe1a66b5ef6,1791511133,0,,,,,0,0
13b147ee906aed11c7018f6f,1791424971,0,,,,,0,0
13b36c1ecdc8211faeb699d8,1791424971,0,,,,,0,0
13b73f9af967501dd4d38570,1791424971,1,0001883685-26-000034,"4.01,9.01",1790366841,6.5,0,1
13bb83d235f7a4d6bad9fddb,1791424971,0,,,,,0,0
13c3a34ecbea9907d9ac9649,1791424971,0,,,,,0,0
13c7726bdec9c749a677853f,1791424971,0,,,,,0,0
13c7bfbf7f300d848d2f171a,1791424971,0,,,,,0,0
13c85f9508d449372a930369,1791424971,0,,,,,0,0
13c960ef4b6abcd0005634a0,1791424971,1,0001193125-26-401093,"7.01,9.01",1790281848,1.5,0,1
13d02ccd280c6403765a38db,1791511133,0,,,,,0,0
13d0a6bfbcf5fef38b433e1e,1791424971,0,,,,,0,0
13d39fe200bdc366e99e559c,1791424971,0,,,,,0,0
13d3facaae827e25d8985f67,1791511133,0,,,,,0,0
13d4fa351534de50e96f660c,1791424971,0,,,,,0,0
13d59693b314c28b4e54e730,1791424971,0,,,,,0,0
13d94f188c72e9890369812d,1791424971,0,,,,,0,0
13de7cb220563fb369df90b6,1791424971,0,,,,,0,0
13dfaf47a208337b4eba610d,1791511133,0,,,,,0,0
13eadfbdc6666b2214fd5d03,1791424971,0,,,,,0,0
13eb1095a5f68bc62fe3706b,1791424971,0,,,,,0,0
13f23737aba6c89813113d3f,1791424971,0,,,,,0,0
13f8aea8e88996d3ff32976e,1791424971,0,,,,,0,0
1408b927805299a58065f070,1791424971,0,,,,,0,0
1410a09484a09b3e518dc0c7,1791424971,0,,,,,0,0
14154259e23e690ab97d5e3c,1791424971,1,0000950142-26-002552,5.02,1789554637,3.5,0,1
1415a5928297481add96d7ae,1791424971,0,,,,,0,0
141d75af30de92c66576a53d,1791424971,0,,,,,0,0
1422f801a1902d78b912969d,1791424971,0,,,,,0,0
142b906d96eed6ba6f17f1ac,1791424971,0,,,,,0,0
142c8aeeb30823d81b1de25f,1791424971,0,,,,,0,0
142f3bb963f3bc7255d1df3a,1791424971,0,,,,,0,0
142fe292533b55c4ec397a67,1791424971,0,,,,,0,0
1435b323f728721116e59525,1791424971,0,,,,,0,0
14365591c1ad3e959102368c,1791424971,0,,,,,0,0
144c2f07a738c69fb11190b9,1791424971,0,,,,,0,0
145481db2a5998b703a01bd8,1791424971,0,,,,,0,0
1455c2746968fae1ffc7a034,1791424971,0,,,,,0,0
14570855c9038ca2f99e7c6d,1791424971,0,,,,,0,0
14587a56848c4424047e9836,1791424971,0,,,,,0,0
145e45ffb35541a4e7302b3f,1791424971,1,0000014930-26-000115,"5.02,9.01",1790026888,0.5,0,1
145f08982c1f1d57ce161ad0,1791424971,0,,,,,0,0
1465409fe95dadcc999c4145,1791424971,0,,,,,0,0
1465f07c99727330cf4c0dbc,1791424971,0,,,,,0,0
146d6f7d7bef4d1923ab81f4,1791424971,0,,,,,0,0
146f80eef77bf7652523f5b5,1791424971,0,,,,,0,0
14711ba4fec603d222759ef8,1791424971,0,,,,,0,0
14735b8e711a2883d0a84a5f,1791424971,0,,,,,0,0
14738b27971e639cc2af1859,1791424971,0,,,,,0,0
14780d8742473ee68f0fd99f,1791424971,0,,,,,0,0
14782680262f6f61972e5f8d,1791424971,0,,,,,0,0
1479f98d508df763fe3e1576,1791424971,0,,,,,0,0
147b899f8220bcc79e585806,1791424971,0,,,,,0,0
147fb2c79591055ae3eb85c0,1791424971,0,,,,,0,0
1488de9762e333696ffd0552,1791424971,0,,,,,0,0
148de248dae4d4c50033bc0f,1791424971,0,,,,,0,0
14929973a9a660914d7ec030,1791424971,0,,,,,0,0
14938393a8b41255f9ce1edd,1791424971,0,,,,,0,0
1493ed7d411c15403362182b,1791511133,0,,,,,0,0
149505d6212af3d058a94f19,1791424971,0,,,,,0,0
1495079f226a2f806abc06ea,1791424971,0,,,,,0,0
149a517122e7943c81482593,1791424971,0,,,,,0,0
14a490210191e69731963dda,1791424971,0,,,,,0,0
14ab1e673636987197a6665b,1791424971,0,,,,,0,0
14abf3d7dcf2667e15a5eba1,1791424971,0,,,,,0,0
14ad75559bcc4468527d1402,1791424971,0,,,,,0,0
14b879ebb8bb5f114a0ff55f,1791424971,0,,,,,0,0
14bfb8910e6a81a4003572fb,1791424971,0,,,,,0,0
14c0e13219b7c90956c76d91,1791424971,0,,,,,0,0
14cc81f3c9450b64dc8884ab,1791424971,0,,,,,0,0
14cdafbfafc61442b6abdb9e,1791424971,0,,,,,0,0
14cf96e68e1f4db72f96b49a,1791424971,0,,,,,0,0
14d04f738f4bfe46e4683759,1791424971,0,,,,,0,0
14d07ae7d2dc2a3e77b6bc1c,1791424971,0,,,,,0,0
14d20569aa605c3ee05719cb,1791424971,0,,,,,0,0
14d6ad1ca482c9b0fc819197,1791424971,0,,,,,0,0
14dcd5234d7560a9b8364750,1791424971,1,0000354707-26-000066,"8.01,9.01",1790024921,0.5,0,1
14e14772a04c84695bbdc8b4,1791424971,0,,,,,0,0
14e270bc3221cefd38c65c15,1791424971,0,,,,,0,0
14e658c8b1e52b3b33747600,1791424971,1,0001100682-26-000142,"7.01,9.01",1790251930,5.5,0,1
14e9a100628aa0fe5d11155a,1791424971,0,,,,,0,0
14ea891e3c46fd111359d027,1791424971,0,,,,,0,0
14f003eda5e89aa6babd2b14,1791424971,0,,,,,0,0
14fa56b1b7c52d1cfb0d63a9,1791424971,0,,,,,0,0
1505485c379c28b34f3fa291,1791424971,0,,,,,0,0
151ad82a7bbb925c9888d8b5,1791424971,0,,,,,0,0
152020d6e50455478f50406f,1791424971,0,,,,,0,0
15307d2faed7a174b91dfa29,1791424971,1,0001628280-26-059593,"8.01,9.01",1788207387,0.5,0,1
1533567f5eea3dc8b0b1c21e,1791424971,0,,,,,0,0
1545bfe6143d68ea37a215f5,1791424971,0,,,,,0,0
154d3bcd8940fd6671b02d74,1791424971,0,,,,,0,0
1554da65bab1a8cd75a33e12,1791511133,0,,,,,0,0
1557588e57c7a1fda9e1011b,1791424971,0,,,,,0,0
1558a363a5ed0ef77996d94f,1791424971,0,,,,,0,0
155cd46785037b8a3d23890c,1791424971,0,,,,,0,0
155cea5885a0899a4796283c,1791424971,0,,,,,0,0
15670309e5e6d77151209eaa,1791424971,0,,,,,0,0
156b17b5cbc8d0af7762927e,1791424971,0,,,,,0,0
156ce2b37e7081291fef0ffa,1791424971,0,,,,,0,0
156f9e726bd5257de643745c,1791424971,0,,,,,0,0
157144924adaff6a6a5b9158,1791424971,0,,,,,0,0
157547ff45e51679a4839e1c,1791424971,0,,,,,0,0
1575bbf861487742111d3556,1791424971,0,,,,,0,0
15786ad01bbfb39a2b85fc70,1791424971,0,,,,,0,0
1578d87a666e9a4019c7386f,1791424971,0,,,,,0,0
1588c5a0af52708b52908807,1791424971,0,,,,,0,0
158a09a0b2fb3cdc24ea54c7,1791424971,0,,,,,0,0
158c042a4ec2cc009a82ec09,1791424971,0,,,,,0,0
158da89a0cae54bd42c2c9be,1791424971,0,,,,,0,0
158fd570b524482ae0593fe3,1791424971,0,,,,,0,0
159309812c2f1dd5da1f458a,1791424971,0,,,,,0,0
1597e61309355b3a90e19b60,1791424971,0,,,,,0,0
159827890b33b06785b08b19,1791511133,0,,,,,0,0
159b800e1f2d51aa14dcf499,1791424971,0,,,,,0,0
159c3399aad57dfb9c5cd2ca,1791424971,0,,,,,0,0
159d1c991092869041701ca2,1791424971,0,,,,,0,0
15a29a56337d55bfadc63051,1791424971,0,,,,,0,0
15a5febf34c316c11fd23fd4,1791424971,0,,,,,0,0
15a83d0f98b0b434d30bcc5f,1791424971,0,,,,,0,0
15aa4c8a48fc723ace99b68a,1791424971,0,,,,,0,0
15ab6b9f831f8183f9e342f5,1791424971,0,,,,,0,0
15ad6c6a592dba042b5f4811,1791511133,0,,,,,0,0
15b6631b7461c421020e5616,1791424971,0,,,,,0,0
15bd37c8e34663904501b1cd,1791424971,0,,,,,0,0
15bdf79a1cde025ea7f1444b,1791511133,0,,,,,0,0
15bed2d52c454738e859d280,1791424971,0,,,,,0,0
15c153713b9adfa102457955,1791424971,0,,,,,0,0
15c4d1748f2a374e28b33e9f,1791424971,0,,,,,0,0
15c564116088b53636dc0fce,1791424971,0,,,,,0,0
15c64c14672150bbeea0cfb7,1791424971,0,,,,,0,0
15cc771bb617808cdf2f4984,1791424971,0,,,,,0,0
15cebc3b8739cd6b7ac62a52,1791424971,0,,,,,0,0
15d11825f4df37812c209b32,1791424971,0,,,,,0,0
15d53c0135187e1e33806537,1791424971,0,,,,,0,0
15dbac598eb438fa01c4318f,1791424971,0,,,,,0,0
15dce6882416b77d22daf462,1791511133,0,,,,,0,0
15e2cf7dbdf97448ea5ad3cb,1791424971,0,,,,,0,0
15e34a2533a51f566083abcd,1791424971,0,,,,,0,0
15e9871b98afe1e81308900c,1791424971,0,,,,,0,0
15eaf21ec2f07d14c48e8aa7,1791424971,1,0000049196-26-000079,"8.01,9.01",1789761967,6.5,0,1
15ed1621e61ab69d6fb57790,1791424971,0,,,,,0,0
15ed66e060c3d49ab7b0a12c,1791511133,0,,,,,0,0
15edfc415d859a673ea81700,1791427778,0,,,,,0,0
15ee27ad8fcb32f5c5b74e01,1791424971,0,,,,,0,0
15faa98dab84ee772e779b25,1791424971,0,,,,,0,0
15fd86de64ca0f7925eb83a2,1791424971,0,,,,,0,0
1601570e73e2a02f38e44ce1,1791424971,0,,,,,0,0
1602fb34e251a30c5ecb402b,1791424971,0,,,,,0,0
16050cf1b39d0fea7fc68890,1791424971,0,,,,,0,0
16073d8d151ba21c279de36d,1791424971,0,,,,,0,0
1608660e689f96fabfc2df40,1791424971,0,,,,,0,0
16122984b104f100bb8872dd,1791424971,0,,,,,0,0
1615a674745d900187aa4ad5,1791424971,0,,,,,0,0
161fa4bc6f44fd9ae36b0b1b,1791424971,0,,,,,0,0
1625e95005a3f9a0737e9c17,1791424971,0,,,,,0,0
162a03914f383da49b2e7a4c,1791424971,0,,,,,0,0
162ef81089afe38f9b974df7,1791424971,0,,,,,0,0
1631087a84fc9967f6f3b086,1791424971,0,,,,,0,0
1634eee739e2904441dc37ff,1791424971,0,,,,,0,0
16362e17c477ac8229559d9b,1791424971,1,0001628280-26-060742,5.02,1788553832,12.0,0,1
1638204baa13153d81456308,1791511133,0,,,,,0,0
163b16f06888da3b256d1ce2,1791424971,0,,,,,0,0
163b338249d02f7c9368c641,1791424971,0,,,,,0,0
1640da3e1062ea2bb7972daf,1791424971,0,,,,,0,0
1641f9b40d9a215812c6f2ff,1791424971,0,,,,,0,0
164be50d6ac4111f43c5159d,1791424971,0,,,,,0,0
164eecec9a6c41fef9bc5b8d,1791424971,1,0001177609-26-000050,"5.02,7.01,9.01",1790195790,6.5,0,1
165a157cf41dd79ce5958eb8,1791424971,0,,,,,0,0
165b8d567fbb91a45cef2c02,1791424971,0,,,,,0,0
165f8d6e3df8b5968714a8b7,1791424971,0,,,,,0,0
165fa3d630df9e95920d5ad1,1791424971,0,,,,,0,0
166319b91611ae3db5c7a1e9,1791424971,0,,,,,0,0
16687768c491b5d5bd2f354d,1791424971,0,,,,,0,0
1669f97cb9eaaa59a299836b,1791424971,1,0001193125-26-409143,"1.01,5.02,7.01,8.01,9.01",1790800769,0.5,0,1
1673476939766a8862ade82d,1791424971,0,,,,,0,0
1673ef065d759efdae07f256,1791424971,0,,,,,0,0
1676a46de607c8411e5f05b7,1791424971,0,,,,,0,0
1678b4fdfb6118613ce78be2,1791424971,0,,,,,0,0
168133ae1ac504305ce2806f,1791424971,0,,,,,0,0
16861c1781cc127e5fd5fb89,1791424971,0,,,,,0,0
16869eafe5c21d33e6435d87,1791424971,0,,,,,0,0
16904ba96d9ec37f1e91dc35,1791424971,0,,,,,0,0
16926da24daa246242427aaa,1791424971,0,,,,,0,0
1695dfbddca6ecb5ca9cd40a,1791424971,0,,,,,0,0
1696b712f4ef6450a0a6ae4c,1791424971,0,,,,,0,0
169a4993268f69d84c74cf11,1791424971,0,,,,,0,0
169ab5531ce96fbe99991272,1791424971,0,,,,,0,0
169b6e9342bba2ae48a85930,1791424971,0,,,,,0,0
16a0e6bffed2e02e136729cd,1791424971,0,,,,,0,0
16a395e618ce492966b47940,1791424971,0,,,,,0,0
16aa5a8c68e2cfdf59a1dae5,1791511133,0,,,,,0,0
16ac228fbec4a976c69c3d6b,1791511133,0,,,,,0,0
16ac9b7d98bc8b8dfeef129c,1791424971,0,,,,,0,0
16aedf0e96850bb5d1cbd6ec,1791511133,0,,,,,0,0
16bd8378979ec82e20918048,1791424971,0,,,,,0,0
16c24e34e94840147d7fcb70,1791424971,0,,,,,0,0
16ccc231da0e1bd825701169,1791424971,0,,,,,0,0
16d3f3389d66c9f9a9826d15,1791424971,0,,,,,0,0
16e07380b1a175bbdfded99e,1791424971,0,,,,,0,0
16e14afdaa16dea664dd3d69,1791424971,0,,,,,0,0
16e741afffec0d9860633eb7,1791424971,0,,,,,0,0
16e9c825d89e2b8d4251033b,1791424971,0,,,,,0,0
16ed4559e3fbfb4fb679ad46,1791424971,0,,,,,0,0
16ee5724d6f622ae98072913,1791424971,0,,,,,0,0
16f0e4de7c0826686add2900,1791424971,0,,,,,0,0
16f54b86773b66e6b1be5427,1791424971,0,,,,,0,0
16ffab83118ad2e4a781c0d0,1791424971,0,,,,,0,0
1707fc52a4bf724ebf8a4213,1791511133,0,,,,,0,0
1710f351a2eb6a80b82e98b4,1791511133,0,,,,,0,0
17133ce304715cf49b6fb6d6,1791424971,0,,,,,0,0
171a845c8d6e7d1a88267adf,1791511133,0,,,,,0,0
172bfa7ffe9bbb2e2c255636,1791424971,0,,,,,0,0
172f637ee7698f55b0aaa2b0,1791424971,0,,,,,0,0
17382e9b451797ea1519bdae,1791424971,0,,,,,0,0
1739421cc8423387beac6795,1791424971,0,,,,,0,0
173b3d254e05b12fb157eb6a,1791424971,0,,,,,0,0
173c2f39414a2bab7c670b9c,1791511133,0,,,,,0,0
17407319a4f5bd1826d58839,1791424971,0,,,,,0,0
17411b9c714bf3eb1e0bfb44,1791424971,0,,,,,0,0
174627d7473f83ed1a8af6ca,1791424971,0,,,,,0,0
174adb885d1aa7ebf3794036,1791424971,0,,,,,0,0
174b592563f0abae6ee45dd0,1791511133,0,,,,,0,0
174c67e702cc0e5757ff08ff,1791511133,0,,,,,0,0
174fa1236d18e0ac8c7e3dac,1791424971,0,,,,,0,0
17590ecc6a1e0bbcf312050e,1791424971,1,0001104659-26-104395,"8.01,9.01",1788308890,0.5,0,1
1759d84ac62c1c7db35cc01d,1791424971,0,,,,,0,0
17654d8ac74e3cd21161a730,1791424971,0,,,,,0,0
1768261928d20124d9cdc1d3,1791511133,0,,,,,0,0
176aa0509b6b8805ef376720,1791424971,0,,,,,0,0
176ae41766e1f4137a53d49f,1791424971,0,,,,,0,0
1770c7e64852f05322231336,1791511133,0,,,,,0,0
1771be7b4e47e6e65b2aace7,1791424971,1,0001628280-26-064246,"7.01,9.01",1790885515,0.5,0,1
1772c5be226e74aa57b093e4,1791424971,0,,,,,0,0
1773dab0607b309246bc909a,1791424971,0,,,,,0,0
1778823c9f9f2187cfc13f57,1791424971,0,,,,,0,0
177b2a5dc291d8261fe306a8,1791511133,0,,,,,0,0
177bdeca8fcf5c1223d8449d,1791424971,0,,,,,0,0
177be62deabce03b06c7d4bf,1791424971,0,,,,,0,0
1780600af97a447c2059d33e,1791424971,0,,,,,0,0
1780848b3be4c807e36c7a90,1791424971,0,,,,,0,0
17824c5f4ecd824a6a2c61a1,1791424971,0,,,,,0,0
178743b86ea6a61e7a7dbfbc,1791424971,1,0001628280-26-064270,2.05,1790886171,6.5,0,1
1787e1d69f9c561bd5f42c78,1791424971,0,,,,,0,0
178badc4028b6e269192f9c7,1791424971,1,0000720005-26-000077,"7.01,9.01",1790195034,6.5,0,1
178f1c8109f62a00737da02c,1791424971,0,,,,,0,0
1799912112406a08731ff108,1791424971,1,0001628280-26-062287,"2.02,9.01",1789591379,1.5,1,0
179dd572e384d20b3621e6e4,1791424971,0,,,,,0,0
179e78a8b3dc521628203088,1791424971,0,,,,,0,0
17a11ac157cf3310883ad185,1791424971,0,,,,,0,0
17a6a1445eaac9f200beb6ba,1791424971,0,,,,,0,0
17a83a44ad5d5a728bdc4d12,1791424971,0,,,,,0,0
17ab8d300e3056becfbcfc94,1791424971,0,,,,,0,0
17b2e33710d858a929a9c126,1791424971,0,,,,,0,0
17bede892cf9013b459ae7fe,1791424971,0,,,,,0,0
17c107c6fc03861822ff399f,1791424971,0,,,,,0,0
17c540f66bf3eca19a8ef855,1791424971,0,,,,,0,0
17c88f54ce06fdd2b9e867cd,1791424971,0,,,,,0,0
17cc7dd2a26713d977bb1196,1791424971,0,,,,,0,0
17cca8fc392751015118c9d1,1791424971,0,,,,,0,0
17d08547e1082026e4d1b923,1791424971,0,,,,,0,0
17d4856dffe7067326de6a43,1791424971,0,,,,,0,0
17d9583c4a2598d46165c08a,1791424971,0,,,,,0,0
17dca7ed1233c5c5e2d64986,1791424971,0,,,,,0,0
17de1bb650756086c7f70ca1,1791424971,0,,,,,0,0
17df227a3934b7ad95473dc0,1791424971,0,,,,,0,0
17dfdd1e369135ac8629c393,1791424971,0,,,,,0,0
17eb3fa5c47371a5899e9eaf,1791511133,0,,,,,0,0
17eb6315b0dda69dfca0331a,1791424971,0,,,,,0,0
17ebef0542441d52bf1c11f8,1791424971,0,,,,,0,0
17f03d766ba41389c4af843f,1791424971,0,,,,,0,0
17f19f6e23f693d9fdc50c7b,1791511133,1,0001679273-26-000051,"2.02,9.01",1791288121,1.5,1,1
17f4001d81deb466a9f594d3,1791424971,0,,,,,0,0
17f6cdede4100d724f4895bb,1791424971,0,,,,,0,0
17feb21ed6a160b41db8e2f3,1791424971,1,0000037996-26-000184,"7.01,8.01,9.01",1790947009,0.5,0,1
18018a0b0472bc4dec269672,1791511133,0,,,,,0,0
1809ce80e78c49c81a256b2e,1791424971,0,,,,,0,0
180d26f2d0744e858ed572c7,1791424971,0,,,,,0,0
1811be8bfe6949bc912a6522,1791424971,0,,,,,0,0
1814ced180cafd114936b9df,1791424971,0,,,,,0,0
18183394f67dad6a3530a5fa,1791424971,0,,,,,0,0
18199df3ec176c6bb97dd151,1791511133,0,,,,,0,0
1827a568faaee8b973dc08be,1791511133,0,,,,,0,0
182e25db9e7f392b4b54b031,1791511133,0,,,,,0,0
18363b448a40ec013dbb64bf,1791424971,0,,,,,0,0
18386729f5e846db0b3bec2a,1791511133,0,,,,,0,0
183c97aa5eaab4cb9dad6e50,1791511133,0,,,,,0,0
18447f69db159d5b951b5fa6,1791424971,0,,,,,0,0
1845ff780f80d5513d6c5f93,1791424971,0,,,,,0,0
1847b26315ea13b0d51df6d6,1791424971,0,,,,,0,0
18481dc52b935f668b038bbe,1791424971,0,,,,,0,0
18484770c326cec2365ec1f7,1791424971,0,,,,,0,0
184c5daa8a9693d7f822bf82,1791511133,0,,,,,0,0
1851085cf42d258109ca64c4,1791424971,0,,,,,0,0
18515bb07097c6ff8847c6bc,1791424971,0,,,,,0,0
18551992a0ff87ea6954c727,1791424971,0,,,,,0,0
185677d466ea15dcd3da10f9,1791511133,0,,,,,0,0
185bc66290adde0277afc9e6,1791424971,0,,,,,0,0
185c9e85c8a0c0c91d4ad518,1791424971,0,,,,,0,0
185cd7cfdf6322b76d749325,1791424971,0,,,,,0,0
1867cd95a867105e4b23c9c3,1791511133,0,,,,,0,0
186885f71bb615e9f4d95a5c,1791424971,0,,,,,0,0
186982550fa06941839432a7,1791424971,0,,,,,0,0
1871d1d26cfd8955b7ed3a25,1791424971,0,,,,,0,0
18728a094f99f20a80ce48c5,1791424971,0,,,,,0,0
187b8b433d15ec4db1566147,1791511133,0,,,,,0,0
188682057c135ca8a5d05887,1791424971,0,,,,,0,0
188723b92e43bf5414bfbb5c,1791424971,0,,,,,0,0
1887bad531b405a6ab264d0e,1791424971,0,,,,,0,0
188a7bf4e98dd8ad9e9b91c0,1791424971,0,,,,,0,0
188ce3ef66ab6adfaca75411,1791424971,0,,,,,0,0
188fdfaf538667ebf3c0c765,1791511133,0,,,,,0,0
1894878347991e39cfa133f1,1791424971,0,,,,,0,0
18954d4d8be963028748f056,1791511133,0,,,,,0,0
1897ed65af5da5bef1739c7c,1791424971,0,,,,,0,0
18a6416dd357119438265376,1791424971,0,,,,,0,0
18abfee4bab1d59f07d908fd,1791424971,0,,,,,0,0
18b22ee5a15a63c3b06dba86,1791424971,0,,,,,0,0
18bc0c03e969fe830197caf7,1791424971,0,,,,,0,0
18cc25610cd279882cc0cd7f,1791424971,0,,,,,0,0
18d0b4ca823b6b15d758a565,1791424971,0,,,,,0,0
18d36abe2b0c786c7bf84d48,1791424971,0,,,,,0,0
18d8ce1900c0e7708d124343,1791424971,0,,,,,0,0
18dab3d53a2c78558b2d671f,1791424971,0,,,,,0,0
18dc2c1c6e4a626e1086c58d,1791424971,1,0001193125-26-365046,7.01,1787686349,0.04138888888888889,0,1
18e2fe9234272c45e5557457,1791424971,0,,,,,0,0
18e60f35b3ef66857c8e8071,1791424971,0,,,,,0,0
18e6afd4aad73d8e730179d5,1791511133,0,,,,,0,0
18e82a08c87471a3cd69acfa,1791424971,0,,,,,0,0
18e84eb8511218cc660abab3,1791424971,0,,,,,0,0
18e8f760c9ada3fe46505892,1791511133,0,,,,,0,0
18ede90f385922c04addf8dd,1791424971,0,,,,,0,0
18ee4d6cfb74c1542baef9d3,1791424971,0,,,,,0,0
18f2dd5d1b5e4cb720f422e4,1791424971,0,,,,,0,0
18fc0a3245991efe3dfeb848,1791511133,0,,,,,0,0
18fcf9e29837b1eaa32fdd7f,1791424971,0,,,,,0,0
18fd9c53ea72c69c8a8dbaf7,1791424971,0,,,,,0,0
18fe3b078e73a60ba9a7e8f3,1791424971,0,,,,,0,0
19009f82f5619877b6669da6,1791424971,1,0001140361-26-034854,"8.01,9.01",1787949093,6.5,0,1
1902988dd17581529eac1d51,1791511133,0,,,,,0,0
190360f6a989d038f9de72ef,1791424971,1,0001707753-26-000035,"2.02,9.01",1787861238,0.5,1,1
1903ecddb965bf8c491d03f4,1791424971,0,,,,,0,0
1908b95057569c1d5d661940,1791424971,0,,,,,0,0
19117d2c9b935b6ea5dfc551,1791424971,0,,,,,0,0
191287dbfdecec5cc5d3729c,1791424971,0,,,,,0,0
1919b21879b32272ecc9f867,1791424971,0,,,,,0,0
1920effa9dc75b3f89431f3d,1791424971,0,,,,,0,0
1923b1ca94b6dff98c864640,1791424971,0,,,,,0,0
19296cce66d95c4654557d2a,1791424971,0,,,,,0,0
192abc55b0496845c3fa72ce,1791424971,0,,,,,0,0
1930b2fae429be9ff4df2598,1791511133,0,,,,,0,0
193437c067e470cd45b10ca8,1791511133,0,,,,,0,0
1936ab127f8e6e33be927151,1791511133,0,,,,,0,0
193c43d8ac6062901a4c7ffd,1791511133,0,,,,,0,0
193e9c0e2a4259f6738764a0,1791424971,0,,,,,0,0
193f25e2f25fb87bc1874d6c,1791424971,0,,,,,0,0
1940c628c5a8042d916a1b45,1791424971,0,,,,,0,0
1944e8e531b2243f12e8922c,1791424971,0,,,,,0,0
19451c4e7a0a2778827ae4f4,1791511133,0,,,,,0,0
1949d04d4c28a65de61ef4e1,1791511133,0,,,,,0,0
194cdd781792f34faeeaa4dd,1791424971,0,,,,,0,0
194e289627127a06d856d692,1791424971,0,,,,,0,0
195038bcf77c90c0dcf44a14,1791424971,0,,,,,0,0
195930f7b1c779bf8cfa831a,1791424971,0,,,,,0,0
195c83436dba629c0c93dd68,1791424971,0,,,,,0,0
195eb8b7117124b25967e6b6,1791424971,0,,,,,0,0
195f169197aeb39f363d8960,1791424971,0,,,,,0,0
195f6f5182d4050896f26657,1791424971,0,,,,,0,0
1960bb90a1f10aef7da33197,1791424971,1,0000812011-26-000048,"2.02,9.01",1790626007,0.5,1,0
1961cf052003a1891dba5b50,1791424971,1,0001660280-26-000039,"1.01,1.02,2.03,3.02,8.01,9.01",1789503792,7.0,0,1
19628d930997c3e62b02475c,1791424971,0,,,,,0,0
19665069fb3c6ed0b5ce489b,1791511133,0,,,,,0,0
19697394cea7f912fc403cc4,1791511133,0,,,,,0,0
196ae6394e07b43b91bc7015,1791424971,0,,,,,0,0
196baa0d318742c09331f19e,1791424971,0,,,,,0,0
196c6d6899bc49d5dedf91de,1791424971,0,,,,,0,0
19865e06608c456c1ce758e9,1791511133,1,0001679273-26-000053,"5.02,9.01",1791320492,5.5,0,1
1987c4d7204a61d467e6fb82,1791424971,0,,,,,0,0
198d612b276fdc1b5cc82a89,1791511133,0,,,,,0,0
198eb18383e672fb4b5d5583,1791424971,1,0001357615-26-000177,"5.02,9.01",1790888681,2.5,0,1
19972213647417a01089784a,1791424971,0,,,,,0,0
199cd319d17d1124858e0501,1791424971,0,,,,,0,0
19a19d5e612a4cc097ed711b,1791424971,0,,,,,0,0
19a1e274f7c61f0eba8f12ee,1791424971,0,,,,,0,0
19a2aba89cdc847279bde329,1791424971,0,,,,,0,0
19a74b17d84d6c63fbfced78,1791424971,0,,,,,0,0
19a82d803f02527a269d48a0,1791511133,0,,,,,0,0
19aca2c78cd96a9f1b73962e,1791427778,0,,,,,0,0
19ad6ee2f391427ba3569d1e,1791424971,0,,,,,0,0
19ae7c57f1a21ff713050949,1791424971,0,,,,,0,0
19b5e15db0e496170c316d54,1791511133,0,,,,,0,0
19b985f3cc477aa1b1334a47,1791424971,1,0000899051-26-000135,"7.01,9.01",1789644999,0.5,0,1
19c327602bc7a356159d07e5,1791424971,0,,,,,0,0
19c5057a4a91989ac5ee14ce,1791424971,0,,,,,0,0
19c65ae2479312b132b2c347,1791424971,0,,,,,0,0
19c6c4e91408474bd805bbd9,1791424971,1,0001104659-26-110218,"7.01,9.01",1790251489,0.5,0,1
19cbafbc075e0c3e5d8abfaa,1791424971,0,,,,,0,0
19d1550fa415e2ef35aa3d48,1791511133,0,,,,,0,0
19d23da5442b2d7acc5c601a,1791424971,0,,,,,0,0
19d2577c47bbbb16c2c1f2ef,1791424971,0,,,,,0,0
19d880707447b7a8ba07d1a3,1791424971,0,,,,,0,0
19db09ce9607f7ab9a90b563,1791424971,0,,,,,0,0
19ded57247c34f0f015f4271,1791511133,0,,,,,0,0
19e0422acb09a3845f0c1f34,1791511133,0,,,,,0,0
19e409fce9f6ebad44b19229,1791511133,0,,,,,0,0
19e544077e17ac545eca9dea,1791511133,0,,,,,0,0
19ece6c5458cc852c88fdf58,1791511133,0,,,,,0,0
19efc8b4bc41c1cc8dae244e,1791424971,0,,,,,0,0
19f62583032024453cffee78,1791424971,0,,,,,0,0
19fd8a0ff9b67f6c4385e9a6,1791424971,0,,,,,0,0
1a044570c40d42dca6b540fe,1791511133,0,,,,,0,0
1a07e54a7b3690f86b21d597,1791424971,0,,,,,0,0
1a081b7c8108005783a1f98d,1791424971,0,,,,,0,0
1a0ec4dc319ac5a93d04d8b2,1791424971,0,,,,,0,0
1a0ee642c5bd1ea878c6ed6f,1791424971,0,,,,,0,0
1a10b088a313c2a9c4e16503,1791424971,0,,,,,0,0
1a12fadca7c0dc48da6a1cc5,1791424971,0,,,,,0,0
1a16a2e7fddd1f45e2839deb,1791424971,0,,,,,0,0
1a16c4874d8034f819c6c21f,1791424971,0,,,,,0,0
1a17a2be7f17d1f9dccfb4c1,1791424971,1,0001104659-26-112420,"8.01,9.01",1790803628,0.5,0,1
1a209c4700dc512a6cea11b8,1791424971,0,,,,,0,0
1a235c7eacbabe5497b54606,1791424971,0,,,,,0,0
1a2b786ea274788323836850,1791424971,0,,,,,0,0
1a36d76570a906b1236eab73,1791424971,0,,,,,0,0
1a383fe67f6abb4d8d59fe41,1791424971,0,,,,,0,0
1a3a753ce6401344336f5080,1791424971,0,,,,,0,0
1a3b2cee6a61b9e46b382144,1791424971,0,,,,,0,0
1a415a2f172ad0fca29f31c7,1791424971,0,,,,,0,0
1a41f6dfbd6431383ce31419,1791424971,0,,,,,0,0
1a42610121b3b0a59d437936,1791424971,0,,,,,0,0
1a4294deed69dd9177bcd17d,1791424971,0,,,,,0,0
1a48019820346de4630e315c,1791424971,0,,,,,0,0
1a4801c6bf1d4a3d25d1c1ec,1791424971,0,,,,,0,0
1a487cbfed27067d5551451f,1791424971,0,,,,,0,0
1a50143fc9e44354ba41a317,1791424971,0,,,,,0,0
1a53f5cde8bac176bea09e3e,1791424971,0,,,,,0,0
1a5442350979c1423132eb4d,1791511133,0,,,,,0,0
1a5bae5a484c3697dd773266,1791424971,0,,,,,0,0
1a623482123267d1c3900b51,1791424971,0,,,,,0,0
1a62c8a8b2a2588779c8c57f,1791424971,0,,,,,0,0
1a649b191182a0ea5a8706a4,1791424971,0,,,,,0,0
1a64e8165b14864d1b774e67,1791424971,0,,,,,0,0
1a67c366c81478f3db943fd5,1791424971,0,,,,,0,0
1a6dccf1d5bbd5a51a1c64a8,1791424971,1,0001037976-26-000173,5.02,1790801155,0.5,0,1
1a6ebec0e1b62e44518a3d6a,1791424971,0,,,,,0,0
1a70ea43cb2b54ec4464b6de,1791511133,0,,,,,0,0
1a70fc07f350cacc42afb258,1791424971,0,,,,,0,0
1a763dc79d5dba8a40d45578,1791424971,0,,,,,0,0
1a7a0a0d51211da3deb1bbdc,1791511133,1,0001679273-26-000053,"5.02,9.01",1791320492,6.5,0,1
1a7aded4f22e49e4b05b200c,1791424971,0,,,,,0,0
1a817b7a1038a62ddf022502,1791424971,0,,,,,0,0
1a844718443b0eb30b80330d,1791424971,0,,,,,0,0
1a859ebffa0e500748c9d28b,1791424971,0,,,,,0,0
1a8646bc1460da9905d84113,1791424971,0,,,,,0,0
1a873fe635005040515a37e8,1791424971,0,,,,,0,0
1a8aabb92b471f246b7e9dff,1791424971,0,,,,,0,0
1a8bf50f10c6f77c2bc87d1a,1791511133,0,,,,,0,0
1a8e420327131155c59e9234,1791424971,0,,,,,0,0
1a9618a7dc8569e4496ecaad,1791511133,0,,,,,0,0
1a9d9e29b97a78e30813c2f0,1791424971,0,,,,,0,0
1a9e5f54e15d83de4ecc50b4,1791424971,0,,,,,0,0
1ab4372fecc05d3d899a7514,1791511133,0,,,,,0,0
1ab68527ecf23b6f752c516a,1791424971,0,,,,,0,0
1ab6bb92f082d80f5b5618cd,1791511133,0,,,,,0,0
1ab8e6f736e0aca8ffb8b3cf,1791424971,0,,,,,0,0
1ab918c9954aefb4caf1c6e0,1791424971,0,,,,,0,0
1ab9bf3f8c9d1d5b0a0793a5,1791511133,0,,,,,0,0
1abc6a7b99763c60a033d8b3,1791424971,0,,,,,0,0
1ac38f7d9cc27225b7300cf8,1791511133,0,,,,,0,0
1ac5b3fef3bc6909a8a25460,1791511133,0,,,,,0,0
1ac8c288bb73b0aa93cd6c74,1791424971,0,,,,,0,0
1acaef842de00c7c08888397,1791424971,0,,,,,0,0
1ad3b251a830cc92b9805fd8,1791424971,0,,,,,0,0
1ad5f190a046172e239e4c7e,1791511133,0,,,,,0,0
1ad75041ed045fae79a32b3a,1791424971,0,,,,,0,0
1ada24fdac18fb4f86c66701,1791424971,0,,,,,0,0
1adb7245bea71a5da60d3698,1791424971,0,,,,,0,0
1ae23c3516af9b54ee7b6b79,1791424971,0,,,,,0,0
1ae29a4c35a368039f884557,1791424971,0,,,,,0,0
1ae3f841a17075b8b06b1374,1791511133,0,,,,,0,0
1ae6e7550d42086d2e91a225,1791424971,0,,,,,0,0
1ae7138fa31eee16f41298b0,1791424971,0,,,,,0,0
1aea446e5f02495fb2efdcf1,1791424971,0,,,,,0,0
1aef17bc8306f65e5cd95bbc,1791424971,0,,,,,0,0
1af0375d49fa439370924498,1791424971,0,,,,,0,0
1afa67ecd9b979cd3c29eb32,1791424971,0,,,,,0,0
1afb62edd8b9d7acb1a19ad7,1791424971,0,,,,,0,0
1afbf1d4fd9c2fa267d9b2b6,1791424971,0,,,,,0,0
1afe6dec4c85001ac6244456,1791424971,0,,,,,0,0
1b0399d3e8bfb27ba9e00a89,1791424971,0,,,,,0,0
1b04c46ccd34feef3f36b4f6,1791511133,0,,,,,0,0
1b06341dea5d15dede94aa86,1791424971,1,0001193125-26-402817,"5.02,7.01,9.01",1790366715,0.5,0,1
1b0794ccdf6539789c1d5ae0,1791424971,0,,,,,0,0
1b08fe44c3403904fe7ecc75,1791424971,0,,,,,0,0
1b1392b2a0a9608955cbb922,1791424971,0,,,,,0,0
1b141f507d693dc09026b99b,1791424971,0,,,,,0,0
1b160fa40f8d3cbb17e659aa,1791424971,0,,,,,0,0
1b16208208ea4d6ea5f02ea1,1791424971,0,,,,,0,0
1b2727812b42982f98a7de5f,1791424971,0,,,,,0,0
1b2e97c749f3d0ed889ddb95,1791424971,0,,,,,0,0
1b2f9738decfd70315500b95,1791511133,0,,,,,0,0
1b33d8abf40cff667d947762,1791424971,0,,,,,0,0
1b3aa54717c4aa3c132ee661,1791424971,0,,,,,0,0
1b42983ebe392be613480c21,1791424971,0,,,,,0,0
1b46cb5070ebba663d817b22,1791424971,0,,,,,0,0
1b4c31e65aa3af00d83379c4,1791424971,0,,,,,0,0
1b4e3c1208d2e73de1353811,1791424971,0,,,,,0,0
1b500b1fc144bdef929e19ec,1791424971,0,,,,,0,0
1b519ef9bc38f4eee1d75d3a,1791424971,0,,,,,0,0
1b5217e9bf28412a3a59ade4,1791511133,0,,,,,0,0
1b554dfc13448bec95e527a1,1791424971,0,,,,,0,0
1b5550641d58ba49cfa65b40,1791511133,1,0001396440-26-000104,"2.02,9.01",1791466228,11.007777777777777,1,0
1b5c00b0f81e8b2ea3d71113,1791424971,0,,,,,0,0
1b5e184fb6bb048a2f7eccbe,1791424971,0,,,,,0,0
1b60dbc62a5d819d1b3141dd,1791424971,0,,,,,0,0
1b64eafe58e410f18022e8ef,1791424971,0,,,,,0,0
1b679a1c729c37d571ac06e5,1791424971,0,,,,,0,0
1b6940365f332b255ea765a1,1791424971,0,,,,,0,0
1b69c321e5afb1397e0278a5,1791424971,0,,,,,0,0
1b6adf903ec4d2a25a01d5a4,1791424971,0,,,,,0,0
1b6c9e5c883f13cda6ed2141,1791424971,1,0001086222-26-000089,"5.05,9.01",1790366670,4.5,0,1
1b6e0d5240cfc24de3c7024d,1791424971,0,,,,,0,0
1b6ed3012bc39ed4e1706ffc,1791424971,0,,,,,0,0
1b70ef1d24886ae5f1f2f5df,1791424971,0,,,,,0,0
1b7319f764d88a4e11f9e363,1791424971,0,,,,,0,0
1b7818b3de7d324312705360,1791424971,0,,,,,0,0
1b78409984c3587d5c1b1774,1791511133,0,,,,,0,0
1b7c6e6ef31c7627b68e336e,1791424971,0,,,,,0,0
1b857bbbbd210d2ce195c277,1791511133,0,,,,,0,0
1b859f4b68ddd6ec4668f068,1791424971,0,,,,,0,0
1b860bd5ae4265279c4de831,1791424971,0,,,,,0,0
1b8964e4e5f8861cd5428451,1791424971,0,,,,,0,0
1b8ab323827381845a3c1c7f,1791424971,0,,,,,0,0
1b91dc7d43d383eb85dc6e78,1791424971,0,,,,,0,0
1b9bb1cc410b39be9a3b9424,1791424971,0,,,,,0,0
1b9c6cd7556a5803ec69f40e,1791511133,0,,,,,0,0
1ba55c6239341534e1299d81,1791424971,0,,,,,0,0
1ba86036390d9991257ff031,1791424971,0,,,,,0,0
1baae7e26f4298d01e40db02,1791424971,0,,,,,0,0
1bad04d9b9d8f487caecdbe6,1791424971,0,,,,,0,0
1bb34fe1b2f77f552b5c2914,1791424971,0,,,,,0,0
1bb3ffd93e643ea4d894b6a9,1791424971,0,,,,,0,0
1bb55c2542baaf7b47c9273e,1791424971,0,,,,,0,0
1bc35bfb9e4cdfb4f4207949,1791511133,0,,,,,0,0
1bc8ef5f1b06257ba88b9b46,1791424971,0,,,,,0,0
1bca744628d7fd6d665342cc,1791424971,0,,,,,0,0
1bd1edb6ae63cd511b6e63a7,1791424971,0,,,,,0,0
1bd2502dc64aeee2bc69284e,1791511133,0,,,,,0,0
1bd62c7a6180fcd0aabbd385,1791511133,0,,,,,0,0
1bdc6b9c8a60ec282bfd58ab,1791424971,0,,,,,0,0
1be48023db938650500cfab7,1791424971,0,,,,,0,0
1be9282068a07db1f67cdd92,1791424971,0,,,,,0,0
1bec6aa30258b0133dbc8976,1791424971,0,,,,,0,0
1bed3048e531cf9cd7ca028e,1791424971,0,,,,,0,0
1bee53ab383612e983a2786f,1791511133,0,,,,,0,0
1bf24e8f592914ae88ead7b8,1791424971,0,,,,,0,0
1bf58810dc59f6cd9b1e2299,1791424971,0,,,,,0,0
1bf5dd6af2d771d30f67ea49,1791424971,0,,,,,0,0
1bf71db9d345c762a7c9f671,1791424971,0,,,,,0,0
1bf7d341ae20194e167b6cf0,1791424971,0,,,,,0,0
1bf8cb499378e8929041b860,1791424971,0,,,,,0,0
1c03ae011e019f08aac5bb38,1791424971,0,,,,,0,0
1c06f0ae17e1c35d8512b7f1,1791424971,0,,,,,0,0
1c0992384b295a97c1f5a08e,1791424971,0,,,,,0,0
1c154ebd27f043cc4ad30b4a,1791424971,0,,,,,0,0
1c156dc691cba32eec0901a1,1791424971,0,,,,,0,0
1c1f20e089214427684fe107,1791424971,0,,,,,0,0
1c1f90ac9e2d3d9d489dfc10,1791424971,0,,,,,0,0
1c203a62bd086c275ade74ea,1791424971,0,,,,,0,0
1c242d28f1171277a6bcb346,1791424971,0,,,,,0,0
1c24dec5e6f00d9ae71e7ea0,1791424971,1,0001193125-26-357758,"2.01,3.01,3.03,5.01,5.02,5.03,9.01",1787222033,5.5,0,1
1c29e1668f839a2162f2c3fc,1791511133,0,,,,,0,0
1c2f0612f94a5dcd9ccea301,1791511133,0,,,,,0,0
1c34fe65435c3a226c5a5843,1791424971,0,,,,,0,0
1c3673fa889722e62e18638f,1791424971,0,,,,,0,0
1c3ab09bd4402453fe0fd493,1791511133,0,,,,,0,0
1c4bc745859b22b31ddb79b1,1791424971,0,,,,,0,0
1c4f66ecba4e63aca2f96a83,1791424971,0,,,,,0,0
1c51f7d3269f3410e3d0ea65,1791424971,0,,,,,0,0
1c5a55f0be99136c28e49dca,1791424971,1,0000826675-26-000104,"1.01,7.01,9.01",1790367359,5.5,0,1
1c5a972f5c0881aec697b4fc,1791424971,0,,,,,0,0
1c5b202625f879861d3e07a4,1791424971,0,,,,,0,0
1c5dc74419ec38de058dd860,1791424971,0,,,,,0,0
1c5f5b56ba630abe675e2222,1791424971,0,,,,,0,0
1c61807e816b32402e407bc9,1791424971,0,,,,,0,0
1c64d51bd987653b352dc523,1791424971,0,,,,,0,0
1c67689659de6fd8b8a00f92,1791424971,0,,,,,0,0
1c7146d3e4834680f0b72360,1791424971,0,,,,,0,0
1c729136f4d6fe501301bfde,1791424971,0,,,,,0,0
1c74850f9af80ea31b4e483f,1791424971,0,,,,,0,0
1c75169d2c34c479919c11e8,1791424971,0,,,,,0,0
1c7aee3207887f75eb03a76e,1791424971,1,0001193125-26-392151,"7.01,9.01",1789507287,6.5,0,1
1c7b2e2a4d408e57ffed52bc,1791511133,0,,,,,0,0
1c7bfe7c7b9c668ba3f7ac1f,1791424971,1,0001193125-26-387902,"2.02,9.01",1789071364,0.5,1,1
1c7e61fb1f35213d49c0eacc,1791424971,0,,,,,0,0
1c8047bf75294ccc65761706,1791424971,0,,,,,0,0
1c80d716fb0992e4b4f1af51,1791424971,0,,,,,0,0
1c8285d43614760a429c679b,1791511133,0,,,,,0,0
1c82da5361bbffac3e9a0e6e,1791424971,0,,,,,0,0
1c8579f9b3c139bc826e823a,1791424971,0,,,,,0,0
1c8c70a6344fb2e0374eb318,1791424971,0,,,,,0,0
1c9374646ceb53bca619766d,1791424971,0,,,,,0,0
1c94a62cabe97e8e02983223,1791424971,0,,,,,0,0
1c9a4ee40d0512305977bd67,1791424971,0,,,,,0,0
1c9d73e31a942d960ab0c2f9,1791424971,0,,,,,0,0
1ca4a442f61e02581de83932,1791424971,1,0000812011-26-000048,"2.02,9.01",1790626007,6.5,1,0
1caa8a7ac44473945ff9010f,1791511133,0,,,,,0,0
1cabadeab4e340f91f99f281,1791424971,0,,,,,0,0
1cb1665afd03e2f4df1689d8,1791511133,0,,,,,0,0
1cb3541650b82adfae3c1f1f,1791511133,0,,,,,0,0
1cbb05362b43d96a3d0823dd,1791511133,0,,,,,0,0
1cbb42d8b3c26cf4e3117f70,1791424971,1,0000831259-26-000038,8.01,1788902314,6.5,0,1
1cc34752e3555e1c2b0efa4e,1791424971,0,,,,,0,0
1cc3c8919dd322b6057a4d74,1791424971,0,,,,,0,0
1cd657a11f6cac7c8693eb50,1791424971,0,,,,,0,0
1cdf2cae12576a03be511df6,1791424971,0,,,,,0,0
1ce80a6234acc74f4fa2e6e5,1791424971,0,,,,,0,0
1cef4cfb6ea1beaf8f23a5df,1791424971,0,,,,,0,0
1cef77293adf37aa897931e5,1791424971,0,,,,,0,0
1cefb7424a06b30ed5036f23,1791424971,0,,,,,0,0
1cf0b275da4b405fd7d6c4d9,1791424971,0,,,,,0,0
1cf92d0dd539c29fe33ae6fe,1791424971,0,,,,,0,0
1cf99621887097659eea5b55,1791424971,0,,,,,0,0
1cfac3c8285d89d2282a286b,1791424971,0,,,,,0,0
1cfcb21f00c85d110853b2f5,1791424971,0,,,,,0,0
1cfeaad0966bf8748a6334e0,1791424971,0,,,,,0,0
1d058fb1655f81fd53e0833b,1791424971,0,,,,,0,0
1d1037f813e621242b3c2fe4,1791424971,0,,,,,0,0
1d122d867ed8063c454afe6a,1791511133,0,,,,,0,0
1d1249c24dc970a13f7a802b,1791424971,0,,,,,0,0
1d158f3d0b65d33f56c0228b,1791424971,0,,,,,0,0
1d176065e8a77bf2bd82f128,1791424971,0,,,,,0,0
1d1764fafbd1ed4ddfbef0a7,1791424971,0,,,,,0,0
1d17ac1d43edd86a6c6efedd,1791424971,1,0000950142-26-002556,"8.01,9.01",1789590885,0.5,0,1
1d2276600f730f31f017cd66,1791424971,0,,,,,0,0
1d2611ae1304afdfd9808ed9,1791424971,0,,,,,0,0
1d26883d87df9658c6b110fd,1791424971,0,,,,,0,0
1d2b2de219a78875ffb18c0e,1791424971,0,,,,,0,0
1d31c7be52601cc3cfde519a,1791424971,0,,,,,0,0
1d3651716ade58bc73efa8f2,1791424971,0,,,,,0,0
1d36562f682508a5c0b69cfd,1791424971,0,,,,,0,0
1d380b1a913d79494be9375d,1791511133,0,,,,,0,0
1d3ecacdd6f9c16c40e0484e,1791424971,0,,,,,0,0
1d4007097e8c3ce77dd162f2,1791424971,1,0001213900-26-105305,5.07,1790802010,1.5,0,0
1d47a11bc7f76fa8120c2d6a,1791424971,1,0001193125-26-404006,8.01,1790606813,0.2813888888888889,0,1
1d48247b35d115adfab5b639,1791424971,0,,,,,0,0
1d494b49503ec18a8f2b8fdb,1791424971,0,,,,,0,0
1d497381c01cc1dc17542cc7,1791424971,0,,,,,0,0
1d4f48f12195e9cff6b79245,1791424971,0,,,,,0,0
1d51e91a2f393cc717a347c0,1791424971,0,,,,,0,0
1d56c62f71e57a555011bdd5,1791424971,0,,,,,0,0
1d5a710af57cca85675ab557,1791424971,1,0001331875-26-000087,"7.01,9.01",1789591203,7.0,0,1
1d5bb28c62d84854712ef521,1791424971,0,,,,,0,0
1d5c096f1e73ac88074c7df9,1791424971,0,,,,,0,0
1d5da6c5306f19d8985f8204,1791424971,0,,,,,0,0
1d5de1a320cebab2a923a45e,1791424971,0,,,,,0,0
1d5ec7cc6cf06c84c2ed386e,1791424971,0,,,,,0,0
1d5f5c93a6573299f1942430,1791511133,0,,,,,0,0
1d62c213a9484179d109d859,1791424971,0,,,,,0,0
1d727d68c8ddba0a4aba0d03,1791424971,0,,,,,0,0
1d7348ddc5bce15211c327cb,1791424971,0,,,,,0,0
1d7406ced8cbffbd2e6cadf3,1791424971,0,,,,,0,0
1d78ae6f8ed2970e227cecc9,1791511133,0,,,,,0,0
1d7cac1b0340650da39378bf,1791424971,0,,,,,0,0
1d7eba91d5fa34f27e77735b,1791424971,0,,,,,0,0
1d7fa6e7797c6c350e136701,1791424971,0,,,,,0,0
1d84d5b42ed34634210f861d,1791424971,0,,,,,0,0
1d86e8ff5582f42aef7ff020,1791424971,0,,,,,0,0
1d8727f4ebbef1ab313fa1bb,1791511133,0,,,,,0,0
1d886cd70e4f9715a97e57b0,1791424971,0,,,,,0,0
1d91378707f1c21e4a410dbf,1791424971,0,,,,,0,0
1d92d47f1f028e6f35a4eaa3,1791424971,0,,,,,0,0
1d9649d503a6407e27ac27cf,1791424971,0,,,,,0,0
1d970882643f68d24ca5a0d7,1791424971,0,,,,,0,0
1d99486da673b5f9452b431b,1791424971,0,,,,,0,0
1d9c71d7dd1c12d063b5d97b,1791424971,0,,,,,0,0
1d9ca1deb4300bdbba0c7375,1791424971,0,,,,,0,0
1d9e5f8659f282ba14fe9832,1791424971,0,,,,,0,0
1da020e4dee8f6a7a49df97a,1791424971,0,,,,,0,0
1da0253de369b4146acc6a1a,1791424971,0,,,,,0,0
1da09ac7be3ce668901cacda,1791424971,0,,,,,0,0
1da28753bb4e2e67b522b9b1,1791424971,0,,,,,0,0
1da6ed346a7448637ffde0a5,1791424971,0,,,,,0,0
1da957e90ef3c6fdc152ffdc,1791424971,1,0001193125-26-408403,"5.02,7.01,9.01",1790772254,13.0,0,1
1dba241299b25b55202697ea,1791424971,0,,,,,0,0
1dbdb5e4a9e3fc8ef4b3e34c,1791424971,0,,,,,0,0
1dbe72d0602affa968115353,1791424971,0,,,,,0,0
1dbf5a2635641305d9937b24,1791424971,0,,,,,0,0
1dc2fa88753ecd55c40e38cc,1791424971,0,,,,,0,0
1dc4d45f046c2d4f41fd124c,1791424971,0,,,,,0,0
1dcaf7a9c6f5bdd49ebcd405,1791424971,0,,,,,0,0
1dd2635697e39f377555994e,1791424971,0,,,,,0,0
1dd2e0ac438a5f17d2aa8582,1791424971,0,,,,,0,0
1dd542d35e644d72224c534f,1791511133,0,,,,,0,0
1dd8ae0fdbab9d541c815f14,1791424971,0,,,,,0,0
1ddc70aa958cedf85036ef6e,1791424971,0,,,,,0,0
1de17b40ad473d73c3c04341,1791424971,1,0001628280-26-063850,"7.01,8.01,9.01",1790716525,6.5,0,1
1de2edc01226758e7a8f8e5c,1791424971,0,,,,,0,0
1de6df1c2a5a4662b01d42f1,1791424971,0,,,,,0,0
1de7564393df0f435a49d491,1791424971,0,,,,,0,0
1deee214618d332f53ccef6c,1791424971,0,,,,,0,0
1df690b1bc7bc69fa3911d2f,1791424971,0,,,,,0,0
1e00f70ceaa85374206af6bc,1791424971,0,,,,,0,0
1e0111749ad3f00d26bd0f50,1791511133,0,,,,,0,0
1e02002180f769363b39123f,1791424971,0,,,,,0,0
1e025d6c9b7f567e09cca751,1791424971,0,,,,,0,0
1e0266ca54737fcd8834021a,1791424971,0,,,,,0,0
1e0ab4715fd822604b9b0d5e,1791424971,0,,,,,0,0
1e0bed643df590df87558cf2,1791424971,0,,,,,0,0
1e0cb6dfc47601cdc00ae3e7,1791424971,0,,,,,0,0
1e0fd6ce4ec9bfbfaf86a631,1791424971,0,,,,,0,0
1e18503b27a63bad5ca4fcba,1791511133,0,,,,,0,0
1e18724f125bf3b3d49bc161,1791424971,0,,,,,0,0
1e27c249bbdf1567728fc5b4,1791424971,0,,,,,0,0
1e33481653a5a558c1350268,1791424971,0,,,,,0,0
1e3445388a6d4c3344f612cc,1791424971,0,,,,,0,0
1e360485f256afcba78268f0,1791424971,0,,,,,0,0
1e3fef48ba4799db9233e44d,1791511133,0,,,,,0,0
1e404c75840d6e76feb04361,1791424971,0,,,,,0,0
1e49104d1b732ef65c0a73ab,1791424971,0,,,,,0,0
1e4b8219cc1a233fed91c3eb,1791424971,0,,,,,0,0
1e510b072ac5a075a8ba728a,1791511133,0,,,,,0,0
1e513fdee3ef81bd00f6ffbb,1791424971,0,,,,,0,0
1e51ed65c64e240311732186,1791424971,0,,,,,0,0
1e52ffeccf6b98a4896e7bd1,1791424971,0,,,,,0,0
1e554fedcc23d339afe40d29,1791424971,0,,,,,0,0
1e651ec40fc5b62a7d62227f,1791424971,0,,,,,0,0
1e67ee0044dcadc5228410e1,1791424971,0,,,,,0,0
1e68000fc4a9a4ce1275e22a,1791424971,0,,,,,0,0
1e6a4dd9a5766ac116f44e08,1791424971,0,,,,,0,0
1e6e298b6b84201752f7cc83,1791424971,0,,,,,0,0
1e79f72800487b62257b3e97,1791424971,0,,,,,0,0
1e83fda3c88498c80d0bd7b3,1791424971,0,,,,,0,0
1e9e72da598b6c5f6e00fb6f,1791424971,0,,,,,0,0
1ea1dd64eb56534ec05331f1,1791424971,0,,,,,0,0
1ea7e73afa1aef0640b4da5f,1791427778,0,,,,,0,0
1ea8de77beacc9053a46a53c,1791424971,0,,,,,0,0
1eb3ff080a21f20a3f92bca4,1791424971,0,,,,,0,0
1eb7238c2ea6c6e29dc70d1c,1791511133,0,,,,,0,0
1eb893a907de8b4e0f919649,1791424971,0,,,,,0,0
1ec09092e3a5c8b31835e341,1791511133,0,,,,,0,0
1ecabfbef844fdb9642be7fe,1791424971,0,,,,,0,0
1ecc65667d0c949677cede82,1791511133,0,,,,,0,0
1eccab3e6fc59a01380467b2,1791424971,0,,,,,0,0
1ed03435f0a03b9fcd80bc60,1791424971,0,,,,,0,0
1ed801ffc301fe87318cb902,1791424971,0,,,,,0,0
1edc8ccc054fa2b06815b355,1791511133,0,,,,,0,0
1ee2c1823612fd37f6a53469,1791424971,0,,,,,0,0
1ee897865845d45fa0a097bb,1791424971,0,,,,,0,0
1eee947b097e7f9e572a939d,1791424971,0,,,,,0,0
1efedcf2816f3268595f06ee,1791424971,0,,,,,0,0
1f028d98e692583a2003a29a,1791424971,0,,,,,0,0
1f03cb729ff66b05e69e0a7c,1791424971,0,,,,,0,0
1f04284944b53e3a17f8f645,1791424971,0,,,,,0,0
1f04d9cabcd7600ec25af92c,1791424971,1,0000764622-26-000049,"7.01,9.01",1790798706,7.0,0,1
1f077548dc7629449cc5dccc,1791424971,0,,,,,0,0
1f10d7f33fdac7e553cc5309,1791511133,0,,,,,0,0
1f117f9c8f7aa021fbe29c15,1791424971,0,,,,,0,0
1f1382eebca3a6570e9bad2a,1791424971,0,,,,,0,0
1f17d7205d0cfd1a33e8a567,1791424971,0,,,,,0,0
1f18c0a9cf70cb438d1dbef6,1791424971,0,,,,,0,0
1f2222af693cf6cf50d4fe46,1791424971,0,,,,,0,0
1f22ad651749bd321c1e86e3,1791424971,0,,,,,0,0
1f2502c06cd438bc6e047365,1791424971,0,,,,,0,0
1f2734740ed279bd39b612bc,1791424971,0,,,,,0,0
1f36afb06fd73d77b9419cf6,1791511133,0,,,,,0,0
1f381a37464173e430ff9335,1791424971,0,,,,,0,0
1f3ed62ecdeffce8578c3d60,1791511133,0,,,,,0,0
1f42b89d4d955d3d9a3429bb,1791424971,0,,,,,0,0
1f43b7b4754778b1994156a4,1791424971,0,,,,,0,0
1f446edaac4c2b5a34c06a6f,1791424971,0,,,,,0,0
1f455afd8525a10732e2bb8b,1791424971,0,,,,,0,0
1f4b4952a5b2b0c0cd50d651,1791424971,0,,,,,0,0
1f4b69ddfa46eb288334cf4b,1791424971,1,0001193125-26-361156,"5.07,7.01,9.01",1787343902,10.0,0,1
1f57369b1f6a673aa18fb2d2,1791424971,0,,,,,0,0
1f5c3a8f42edf4ba2824de8d,1791511133,0,,,,,0,0
1f626a9f0ca7e11e295d0fc8,1791511133,0,,,,,0,0
1f62ce028b06e35eec31d183,1791424971,0,,,,,0,0
1f63a3d17d6ad54dcaed4838,1791424971,1,0001628280-26-063850,"7.01,8.01,9.01",1790716525,12.0,0,1
1f66ee595a3755f7a318e1f1,1791424971,0,,,,,0,0
1f6859883f87f8cfcfe7842b,1791424971,0,,,,,0,0
1f6b112f352e4dff64931f37,1791424971,0,,,,,0,0
1f6d358199c96a6486a6d013,1791511133,0,,,,,0,0
1f7128df27ba3ddbff8170a7,1791511133,0,,,,,0,0
1f7fcb26fa7b7314c4860f33,1791424971,1,0000940944-26-000035,5.07,1790284832,0.5,0,0
1f8695a46be1b2851b84663d,1791424971,0,,,,,0,0
1f9598b02805f4a292428629,1791424971,0,,,,,0,0
1f96d7d118362eb31e66db15,1791424971,0,,,,,0,0
1f97a229b1103bbb0fdace86,1791424971,0,,,,,0,0
1f9a5d7ea191ce34dc5f2a81,1791424971,0,,,,,0,0
1f9ec37bc4870cda0f428766,1791424971,0,,,,,0,0
1faa1d190df55d801dc8f349,1791424971,0,,,,,0,0
1fad78f509c4b07bbab5e132,1791511133,0,,,,,0,0
1fae90bd7119d3baa786664f,1791424971,0,,,,,0,0
1fb0e5ddc7a9625c33b06788,1791424971,0,,,,,0,0
1fb23a4302e4f973e32750c9,1791424971,0,,,,,0,0
1fb4ca7d12a5eb30d130d2cc,1791424971,0,,,,,0,0
1fb5fea44d5fb7dcc8ce8988,1791424971,0,,,,,0,0
1fb9391a6b4f438c5427325d,1791424971,0,,,,,0,0
1fbf8296e8f0bc5457e52c49,1791424971,0,,,,,0,0
1fc17ebd630423b5b4da0bdb,1791424971,0,,,,,0,0
1fc2a713963f97deaf22c0a3,1791424971,0,,,,,0,0
1fc731a633941c7a9bf312b9,1791424971,0,,,,,0,0
1fc77078f9ee3a6018e94a09,1791424971,0,,,,,0,0
1fcb7613cfb3361454653af4,1791424971,0,,,,,0,0
1fd10e77a1f5bd013bff765c,1791424971,0,,,,,0,0
1fd351c04fc2ce5ca5176e0a,1791424971,0,,,,,0,0
1fdf090be709cbec84ec2492,1791424971,0,,,,,0,0
1fdf17fcf84cffd3d40b1188,1791424971,0,,,,,0,0
1fe1149a922fe4b2f49097a1,1791424971,1,0000920148-26-000205,7.01,1790109818,1.5,0,1
1fe1bf37a5dfc2f8254eefb2,1791511133,0,,,,,0,0
1fe41d38605ca4121a764ee2,1791424971,1,0001037976-26-000173,5.02,1790801155,7.0,0,1
1fe4c4608c3f46a1ff3f8ce5,1791424971,0,,,,,0,0
1fe85d5958519a952cbf29e1,1791424971,0,,,,,0,0
1ff4e6f92eafba204358ea1d,1791424971,0,,,,,0,0
1ff7049eb2835f28b979cd36,1791511133,0,,,,,0,0
1ffaa561b47bc6657bf56b07,1791424971,0,,,,,0,0
1ffedacdaa6a977c6e280095,1791424971,1,0001104659-26-108285,"8.01,9.01",1789590990,9.0,0,1
200054af6c592c5234a0bd45,1791424971,0,,,,,0,0
2006bf42f7ef66f42cd1a8cf,1791424971,0,,,,,0,0
2007e0efd7b883d92d8f0681,1791424971,0,,,,,0,0
200e5ac6f5f842938b862e67,1791424971,0,,,,,0,0
20104786d386d1580ac56f58,1791424971,1,0001193125-26-357758,"2.01,3.01,3.03,5.01,5.02,5.03,9.01",1787222033,12.0,0,1
201bb167846354ea378c7756,1791424971,0,,,,,0,0
201c7af9decd7bb90a575655,1791511133,0,,,,,0,0
20260638b5be1b1194b8cf56,1791424971,0,,,,,0,0
202a5e9398c1d1f3dafc5330,1791424971,0,,,,,0,0
202b0ba92748817142ef8ba2,1791424971,0,,,,,0,0
202d89142afea1fe5ed051f1,1791424971,0,,,,,0,0
202e40a0813eb0619136cc4d,1791424971,0,,,,,0,0
2032decbca3edcb8991ef59e,1791424971,0,,,,,0,0
20340d7dfe7f6472f7a268f9,1791511133,0,,,,,0,0
2039f649bdeacfc71935e75e,1791511133,0,,,,,0,0
203a69e8c29e8459b99e382c,1791424971,0,,,,,0,0
203be91d6dc41e985d9fafb3,1791424971,0,,,,,0,0
203e86463f114ed126855da7,1791424971,0,,,,,0,0
20458f686bb07f236bfa5960,1791511133,0,,,,,0,0
2046138946def9db9daedee0,1791424971,0,,,,,0,0
2046ea86dc6f76c8135d43ad,1791424971,0,,,,,0,0
204bcac44de7192d27e5138c,1791424971,1,0001086222-26-000089,"5.05,9.01",1790366670,5.5,0,1
204bd54626156b9b822a7dc3,1791424971,0,,,,,0,0
2050850509da48be39a0aef9,1791424971,1,0001476204-26-000048,"7.01,8.01,9.01",1790892713,13.0,0,1
205452c44365af95cce354e0,1791424971,0,,,,,0,0
20570a62e579404f5616e228,1791424971,0,,,,,0,0
205bcb3af1750f60cab26ecf,1791424971,0,,,,,0,0
205c27808acc7ac6eb7f1859,1791424971,0,,,,,0,0
205eddd3feee3480b6ccbf67,1791424971,0,,,,,0,0
2062091ebc880ce9a64547ac,1791511133,0,,,,,0,0
20655c4fe6130cf978984568,1791511133,0,,,,,0,0
206609fbe309dea39ebacbda,1791424971,0,,,,,0,0
20670c479c6a6a753e7552f5,1791424971,0,,,,,0,0
206c8ea7eb7e24bad4f2138c,1791424971,0,,,,,0,0
20747a528f570f4cfc3f542a,1791424971,0,,,,,0,0
2076a702e25faef6dba15a24,1791424971,0,,,,,0,0
207958d7f66c44d95c3e5c76,1791424971,0,,,,,0,0
207a0c89c444396a0a9ded78,1791424971,0,,,,,0,0
207a4f41fb7b73d2b10990c4,1791424971,0,,,,,0,0
207abfb04f9e2aa350022fed,1791424971,0,,,,,0,0
2080b66b67f13340d46acea9,1791424971,0,,,,,0,0
20821863327fec782f9cddf2,1791424971,0,,,,,0,0
2082fa69e84f867b2cd9d9c3,1791424971,0,,,,,0,0
208bdca7e95761bd5fbd2646,1791424971,0,,,,,0,0
20903b7a39660821fa9852fa,1791424971,0,,,,,0,0
2093c05eff81ddb7a6d718a5,1791424971,0,,,,,0,0
2095575917480ba8a73add4d,1791424971,0,,,,,0,0
20a556b0b3a01b5070debe96,1791424971,0,,,,,0,0
20a5a65c868376569b9991ae,1791424971,1,0001104659-26-106743,"2.02,9.01",1789073401,1.5,1,0
20a659b2927c22558d1308a3,1791424971,0,,,,,0,0
20a998917647686bb01c58fc,1791424971,0,,,,,0,0
20a9be5bff90f1a584cadae1,1791424971,0,,,,,0,0
20b0c3fa4ccd4cd064809cec,1791424971,0,,,,,0,0
20b7290e318e8f03566e7b12,1791424971,0,,,,,0,0
20b888117b8f48bc232e8910,1791424971,0,,,,,0,0
20be5768768148f232c9474b,1791511133,0,,,,,0,0
20c2bf6cf04dca5c55f5df31,1791424971,0,,,,,0,0
20c52d29f7da76914763e663,1791424971,0,,,,,0,0
20c600f54e56160fc542d8f2,1791424971,0,,,,,0,0
20ca900439e19e7a4427658c,1791511133,0,,,,,0,0
20cc723c8253f6fde40b786b,1791424971,1,0001820144-26-000033,"2.01,3.02,7.01,9.01",1790802151,0.5,0,1
20cc73d37590db67ed1d8681,1791424971,0,,,,,0,0
20d287680cb2519d256ca217,1791424971,0,,,,,0,0
20d43490ff942896c3f7df09,1791424971,0,,,,,0,0
20d513419fc34cd66ff911c0,1791424971,0,,,,,0,0
20d78fdbc89d07222c1c27e3,1791424971,0,,,,,0,0
20ddc469360e96633d53cfba,1791511133,0,,,,,0,0
20de3563147c56b89572d81f,1791511133,0,,,,,0,0
20dfcb765b0fd26dd78aca00,1791424971,0,,,,,0,0
20e7651c2a92ab6a05c8db6c,1791424971,0,,,,,0,0
20e88faadf771c814330e2e7,1791424971,0,,,,,0,0
20ececa847d645c9ff243148,1791424971,0,,,,,0,0
20f8396aaf7506b2b7887a96,1791424971,0,,,,,0,0
20fcc3711c5ed4a77434bc30,1791424971,0,,,,,0,0
210376e5da2cb7280855e86f,1791511133,0,,,,,0,0
21055e6941a62dec349e9964,1791424971,0,,,,,0,0
21071a378c1f59c211c83192,1791424971,0,,,,,0,0
2108056724d99614ea2103ba,1791424971,0,,,,,0,0
2108aa7c9b193f6c35f1c317,1791424971,1,0001628280-26-063314,"2.02,9.01",1790247785,3.5,1,0
210a2cd21db67d787a4fb24a,1791424971,0,,,,,0,0
210c0b67ac7b0f85eacc71dd,1791424971,0,,,,,0,0
210fbd1ba2b74c1a9fe34640,1791424971,0,,,,,0,0
2114148ec66c1ec7cbc60c6b,1791424971,0,,,,,0,0
211c8dd7d9458cf3f681c07e,1791424971,0,,,,,0,0
21237354a65bca2d233f2534,1791424971,0,,,,,0,0
212628205b3651dde12e766d,1791424971,0,,,,,0,0
2129204c0a6261d785c4a8b0,1791424971,1,0001437749-26-030743,"1.01,1.02,2.03,3.03,9.01",1789761679,9.0,0,1
212ca1f23e34214898521e28,1791424971,0,,,,,0,0
212ccaf46343655c8998f4b7,1791424971,0,,,,,0,0
212d7d05a50f68d4507dc958,1791424971,0,,,,,0,0
212ec1ba18c6980c179db1e4,1791424971,0,,,,,0,0
2134f0a89d1a328959aba961,1791424971,0,,,,,0,0
2136d0fffe6f626f292eecd0,1791424971,0,,,,,0,0
2138be4a4e7160fd7a53df89,1791511133,0,,,,,0,0
21404dda107bfe43e1307a9c,1791427778,0,,,,,0,0
2141acc1823624dd619eb54e,1791424971,0,,,,,0,0
2146c2075e11e7beb6032848,1791424971,0,,,,,0,0
214c8727d1a40dcfcacfc3ef,1791424971,0,,,,,0,0
214d97125222e86812a88664,1791424971,0,,,,,0,0
214dab420443158e6b86df76,1791424971,0,,,,,0,0
214f8321e7f57d7c5bc566d3,1791424971,0,,,,,0,0
2152826d903827082762c4a4,1791424971,1,0001104659-26-112836,"5.07,9.01",1790885727,9.0,0,0
21542a4286dcaed8abaee961,1791424971,0,,,,,0,0
21583e197fd670ac9a8b3293,1791424971,0,,,,,0,0
215d9cba33b57867cb5e9c37,1791424971,0,,,,,0,0
2167702bd1e47bb9d917db76,1791424971,0,,,,,0,0
2169449fe27727a74cbdf815,1791424971,0,,,,,0,0
216c9e6cc0e2b4e75f6d1c89,1791424971,1,0000014693-26-000048,"2.02,9.01",1788350591,0.5,1,0
217001d644fd25ff2eff7f82,1791424971,0,,,,,0,0
21834fd63166a249fd55b00a,1791511133,0,,,,,0,0
21847e1583da481b37e86ae6,1791424971,0,,,,,0,0
2185846d6530c27ed4bfe9a2,1791424971,0,,,,,0,0
218721c2ecee4e94c2895723,1791424971,0,,,,,0,0
2189a6cb4175df7efbb88f8c,1791424971,0,,,,,0,0
218a6ebf07d99bda8bc84a51,1791511133,0,,,,,0,0
218a9b296c29f37f4f6e9615,1791424971,0,,,,,0,0
218fff4b49672541b89e1263,1791424971,0,,,,,0,0
2191e6077e3d98e5bbe1acf7,1791511133,0,,,,,0,0
2194218bb5fb71372cde1e7f,1791424971,0,,,,,0,0
2194e422222e5afea007970b,1791424971,0,,,,,0,0
2195272ed9370aa962fb6d4a,1791424971,0,,,,,0,0
2196f508da0b0236dcfa9b96,1791511133,0,,,,,0,0
219ddd8b707b308bdd8f530d,1791511133,0,,,,,0,0
219de9bf7d7e458c3c9c70db,1791424971,0,,,,,0,0
219f50b89a286f1a3b29303b,1791424971,0,,,,,0,0
21a7b754d183850bfe3448dd,1791424971,0,,,,,0,0
21a839bed92c0eb39bc01901,1791424971,0,,,,,0,0
21a8bc7a4296141001c0a4e4,1791424971,0,,,,,0,0
21af8c4163e036ad5919f40f,1791424971,1,0001525769-26-000039,"2.02,9.01",1789416808,0.5,1,0
21b1924709c7c44f11d65a87,1791424971,0,,,,,0,0
21b354e1aeb5c8697369afa3,1791424971,0,,,,,0,0
21b3890c0a56e63875408711,1791424971,0,,,,,0,0
21b63c75190a803a871a167a,1791424971,0,,,,,0,0
21b84e6c528c90b55a2e8c7e,1791424971,0,,,,,0,0
21b86d49c4978314011aef35,1791424971,1,0001562762-26-000117,"5.07,9.01",1790971212,13.0,0,0
21b98661999815a0139fa75f,1791424971,1,0001170010-26-000102,"2.02,9.01",1790679630,1.5,1,0
21b9e39b37018fdd38be6aac,1791424971,0,,,,,0,0
21bbce09420b982bc803dddc,1791424971,0,,,,,0,0
21c44f4e1ef1140d300cfeac,1791424971,0,,,,,0,0
21c685cacce978578ee46f50,1791511133,0,,,,,0,0
21c7ba3e7ca953f46895537b,1791511133,0,,,,,0,0
21caacdc8c9ac50e1457e033,1791424971,1,0000077476-26-000042,5.02,1789679436,5.5,0,1
21cc5204e8f3a4abede6cf62,1791424971,0,,,,,0,0
21ce739b7f27470088b98edf,1791424971,0,,,,,0,0
21cead6593e8fbff08e1b6fe,1791424971,0,,,,,0,0
21d018cf40b28aa2c8364279,1791424971,0,,,,,0,0
21d3c3369f61e88b23ea9f37,1791424971,0,,,,,0,0
21dfb25d7e450849e97794d7,1791424971,0,,,,,0,0
21e62c3dd3d5f9d2ce7d112d,1791424971,0,,,,,0,0
21f04b14f355326dc4f6bd5f,1791424971,0,,,,,0,0
21f24f75facac0b19be05863,1791424971,1,0001077428-26-000063,5.02,1789588881,0.5,0,1
21f94f8c060b69b93d368c70,1791511133,0,,,,,0,0
21facf173d7db0249745a698,1791424971,0,,,,,0,0
2201bc2115022787cb49be42,1791424971,0,,,,,0,0
22098a37c502883bb50025fe,1791424971,0,,,,,0,0
2209cd8d7ed8fd6a0ac97967,1791424971,0,,,,,0,0
220a007ad06d48e0aae9d35b,1791424971,1,0001104659-26-105054,5.02,1788465926,13.0,0,1
220b0b550eb0b75ac5e58f1a,1791424971,0,,,,,0,0
220b9827384f7a32aca02180,1791424971,0,,,,,0,0
220c9406691600be873cf2f5,1791424971,1,0001193125-26-401157,"7.01,8.01,9.01",1790284267,5.5,0,1
2213b5c3be05de69e2cbff9b,1791424971,0,,,,,0,0
2213cf4ff30f722f56fecc2c,1791424971,0,,,,,0,0
2213df3fe596ea0a8cb11444,1791424971,0,,,,,0,0
221899dde5754a3e9033b959,1791511133,0,,,,,0,0
221dc0a57d455fd5aec2a574,1791424971,0,,,,,0,0
221e6d641ce160b9dc981098,1791424971,0,,,,,0,0
2222de699f44260a26b381bc,1791424971,0,,,,,0,0
22242e1b0a4510fb8484d4d7,1791424971,0,,,,,0,0
2227150774fb4157c7504802,1791511133,0,,,,,0,0
2228d295ed83d02e66022205,1791424971,0,,,,,0,0
22292322d0bdac5cd2e66057,1791424971,0,,,,,0,0
222a81615ccde047c86de0e7,1791424971,0,,,,,0,0
222dc461281a5f534a480da7,1791424971,0,,,,,0,0
222e79bbd4e6085c89bf211d,1791424971,0,,,,,0,0
2231aba82b2efd4b175e98ba,1791424971,0,,,,,0,0
2236526a18524437bb7c8a0b,1791424971,0,,,,,0,0
223a47ce8499c51f00a7d7a2,1791424971,0,,,,,0,0
223a4c24f4a6e4ec36e7be0c,1791424971,0,,,,,0,0
223edf5057b856091e86cc07,1791424971,0,,,,,0,0
225740f9d0e554e8a8416981,1791424971,0,,,,,0,0
22587fd467b723b0cb4f1727,1791424971,0,,,,,0,0
2258f90c4d92ca2a381f66b5,1791424971,0,,,,,0,0
225e76ed60c9d932101acaaf,1791424971,0,,,,,0,0
2264706b12bfb63d97e9da5d,1791424971,0,,,,,0,0
22673983f1cc0d76d97318df,1791511133,0,,,,,0,0
226bb5ec80077b8e4256a88a,1791424971,0,,,,,0,0
226dd540dd9d01857185ff35,1791511133,0,,,,,0,0
226f8a67349ed9ebbea7ff00,1791424971,0,,,,,0,0
22725852f4c8da3b7af9598e,1791424971,0,,,,,0,0
2273dca507f9dd25fdaad2e3,1791424971,0,,,,,0,0
22749f44baf8906e4437803d,1791424971,0,,,,,0,0
227da374a3cc473cf4bc97f8,1791511133,0,,,,,0,0
2294637641d63ead4b732051,1791424971,0,,,,,0,0
229d980a099f835e0eecf901,1791424971,0,,,,,0,0
22a633f80afc8ec85a8fd48d,1791511133,0,,,,,0,0
22a74001d2e22795d82f398c,1791511133,0,,,,,0,0
22a8526ed092fcfb60af1d30,1791424971,0,,,,,0,0
22a9ec7db3eaac2843f3f879,1791424971,0,,,,,0,0
22acee260c16b0d555f0493f,1791424971,0,,,,,0,0
22aebd7774853f6ec163bdff,1791424971,1,0001476204-26-000048,"7.01,8.01,9.01",1790892713,0.5,0,1
22aee1f4386d5ca46fa09033,1791424971,0,,,,,0,0
22b06a7011a426bb8ec7da54,1791424971,1,0001628280-26-062287,"2.02,9.01",1789591379,1.5,1,0
22bde1a43d902ac13dbcc414,1791424971,0,,,,,0,0
22be062d5138ad7cce9b3bf1,1791424971,0,,,,,0,0
22befcb6843762f01b387fdf,1791424971,0,,,,,0,0
22bf8da7abf3e9305e9723b1,1791424971,1,0001104659-26-112420,"8.01,9.01",1790803628,0.5,0,1
22c160a565b93618090d5616,1791424971,0,,,,,0,0
22c70a0ba21115179388c169,1791424971,0,,,,,0,0
22c9f09497c83dc043db5ddb,1791424971,0,,,,,0,0
22ce8e783b715fae3ac110f3,1791424971,0,,,,,0,0
22cf2bd38688ea58d409c6c6,1791424971,0,,,,,0,0
22d7cf5d027bbdd6b0f7e797,1791424971,1,0000109198-26-000051,5.02,1789662111,9.864166666666666,0,1
22d9716683e6cd9f77e3fe00,1791424971,0,,,,,0,0
22dcab90a6d2b94003353cfc,1791424971,0,,,,,0,0
22def8e6ab1c8bc8d9b93572,1791424971,0,,,,,0,0
22e51d2cebe8ae411239e5b5,1791424971,0,,,,,0,0
22e5546d067aff3d4aa250f4,1791424971,0,,,,,0,0
22e9a14c1cb504b00edf5c0c,1791424971,0,,,,,0,0
22eb3231eb334c01a42406df,1791424971,0,,,,,0,0
22efafc24d934bd2d45ecf8b,1791511133,0,,,,,0,0
22f05e737f81671e60f14e6f,1791424971,0,,,,,0,0
22f7ef29c8f8193418a00732,1791424971,0,,,,,0,0
22fe6e428fb356bc6e2d3b40,1791424971,0,,,,,0,0
230a48dfed8d2a75a36e3993,1791424971,0,,,,,0,0
230caaf4d75823ac8dfee8cf,1791424971,0,,,,,0,0
230dcc86f56a0b5b6d9e9cc8,1791424971,0,,,,,0,0
2315f54df75d63227ba43c66,1791424971,0,,,,,0,0
231656415df61da837480cc4,1791424971,0,,,,,0,0
231868a7ef73afed3a5efe0b,1791424971,0,,,,,0,0
231aef8d09bc95eb01bdbf6d,1791424971,0,,,,,0,0
231b7367fb3f40292f83e929,1791424971,0,,,,,0,0
231ba1694122cad085c6bde1,1791424971,0,,,,,0,0
2321f4dba71f93633de05b61,1791511133,0,,,,,0,0
2324fb5c2ce01301dbdfabcd,1791511133,0,,,,,0,0
2328be47e70ddec01558fab1,1791511133,0,,,,,0,0
232fb44f6d8920426c2fe43d,1791424971,0,,,,,0,0
2338a76f60b16e6ea4e55e2a,1791424971,0,,,,,0,0
233b6f201087b517f398bd83,1791424971,0,,,,,0,0
233e2537003cec91c57c456c,1791424971,1,0001193125-26-357758,"2.01,3.01,3.03,5.01,5.02,5.03,9.01",1787222033,0.5,0,1
2341cc00437e97eb590a0a0f,1791424971,0,,,,,0,0
2347753694e7c74e1dc4df7a,1791424971,0,,,,,0,0
234aa8e905185cfd1209178c,1791424971,0,,,,,0,0
234d6e967cecc9361ba78ef3,1791424971,0,,,,,0,0
2359f81996b891c921b4f858,1791424971,0,,,,,0,0
235a75b23bf8b450c0bde707,1791424971,1,0001104659-26-109755,"8.01,9.01",1790157698,0.5,0,1
235a9914e9d1dfb50ff90e5f,1791424971,0,,,,,0,0
235d132dcc7b6eac7294776d,1791424971,0,,,,,0,0
235f9194c46a6d454e00dc96,1791424971,1,0000950157-26-000966,"1.01,2.03,9.01",1788208218,5.5,0,1
235ff3eb0499a59519b99bdf,1791511133,0,,,,,0,0
236bca89debf4ee931cc47a4,1791424971,0,,,,,0,0
236c2f6fbf009268c3cac913,1791511133,0,,,,,0,0
236f3cedabe637902dbcd2dc,1791424971,0,,,,,0,0
2376d1fe9e90c22340d55d38,1791424971,0,,,,,0,0
237727d7f517a91770f65af3,1791424971,0,,,,,0,0
237ee8bcefa6e41d28c902ff,1791424971,0,,,,,0,0
238ce60b6daf4b7f5ebc1493,1791424971,0,,,,,0,0
239431c8ce7f3591c0ab5dbe,1791427778,0,,,,,0,0
23967a4433d2a25785bf42b4,1791424971,0,,,,,0,0
239809f535872605d6d793e8,1791424971,0,,,,,0,0
23983be389a42a5ed5feaeb9,1791424971,0,,,,,0,0
23986219d2608f3a182ba26c,1791424971,0,,,,,0,0
239877eda081689901ce625b,1791424971,0,,,,,0,0
23998e0f5fcffbcef0bc48c7,1791424971,0,,,,,0,0
239c4775c9b740c2966b86da,1791424971,0,,,,,0,0
239c86e46601894f3ded236c,1791424971,0,,,,,0,0
239f2aa7f6a0a3d9c979d603,1791424971,0,,,,,0,0
239f574db1a3e608c3357406,1791424971,0,,,,,0,0
23a1ffe63693eb2f96c1c509,1791424971,0,,,,,0,0
23a5811f8ffc36f146fbbdf5,1791424971,1,0001628280-26-061155,"2.02,8.01,9.01",1788986071,0.5,1,0
23abb80cdb7f63bdcb64a704,1791511133,0,,,,,0,0
23ad819487654bc57af80329,1791424971,0,,,,,0,0
23ad9ce8dda44614e9c455ca,1791424971,0,,,,,0,0
23b1f63f015985088f43fd9b,1791424971,0,,,,,0,0
23b215e0ae3ae0fe26c29c94,1791511133,0,,,,,0,0
23b5413634cff9ecc000f40f,1791424971,0,,,,,0,0
23b8625bdc6f3aaa5b864d0b,1791424971,0,,,,,0,0
23ba18d2d268ab8e82f8e4d3,1791424971,1,0001193125-26-400333,"5.02,9.01",1790255694,7.0,0,1
23c48e1cb19e2b27db1a004a,1791424971,0,,,,,0,0
23cac75f3a8fef31c786c07a,1791424971,0,,,,,0,0
23cbc2963691011242ed2931,1791424971,0,,,,,0,0
23cdb5d08e45f108236327ea,1791424971,1,0000917251-26-000066,8.01,1790938829,5.5,0,1
23cf26beab538a7bc96cce84,1791424971,0,,,,,0,0
23cf2f9a7d5e5acb6515ab5c,1791511133,0,,,,,0,0
23d148cde9882ff371aa9229,1791424971,0,,,,,0,0
23d21bdb8f88ef9b601217b9,1791424971,0,,,,,0,0
23d6abfe2467969524fa4cb3,1791424971,0,,,,,0,0
23d711f5650a36518933983e,1791424971,0,,,,,0,0
23d997ced96be37a986639ab,1791424971,0,,,,,0,0
23dd2e2db5596914cb86770a,1791424971,0,,,,,0,0
23de5d877cacca8c05ab295a,1791511133,0,,,,,0,0
23e01a08bba750abd2d262eb,1791424971,0,,,,,0,0
23e147210961e3ed4fd2c8af,1791424971,1,0001104659-26-112116,7.01,1790768626,6.5,0,1
23e89e974acd79174560ee0c,1791424971,1,0001086222-26-000089,"5.05,9.01",1790366670,6.5,0,1
23e909cc8920e631b88ba872,1791424971,0,,,,,0,0
23ec5b3da2ca993e9460dace,1791511133,0,,,,,0,0
23ef3cd25bd9d6f18963338e,1791424971,0,,,,,0,0
23f5a01108cc2391a8eef798,1791424971,0,,,,,0,0
23fcc5ba73cf7c65b33676eb,1791424971,0,,,,,0,0
23fd856266cc0e844228b8b3,1791511133,0,,,,,0,0
23fd8d5f4e14e7b2622565de,1791424971,0,,,,,0,0
240cfc59a6bb6e20b605137d,1791424971,0,,,,,0,0
240e15c78808d6df2ecccce3,1791424971,0,,,,,0,0
2410a76e606079004108c791,1791424971,0,,,,,0,0
241375dac32371f6475374ba,1791424971,0,,,,,0,0
241513782b3358281842e51b,1791424971,0,,,,,0,0
241c2b261d3f5b087039a80b,1791424971,0,,,,,0,0
242076af35349c80859248c8,1791424971,0,,,,,0,0
24209c0679cf77dc2fff067d,1791511133,0,,,,,0,0
2430c95c7faf32b677ac8ccd,1791424971,0,,,,,0,0
2432693330ea2995dd90d073,1791424971,0,,,,,0,0
2432b45a5609f309c7ed66c6,1791424971,1,0001140361-26-035406,"2.02,9.01",1788347144,7.0,1,0
24367d55d49c338eb6e7e54f,1791424971,0,,,,,0,0
2439fbd42389d96d7b661b5e,1791424971,0,,,,,0,0
243b9fb8fb1776a054a76c82,1791424971,0,,,,,0,0
243db80f8cb4d3d720782764,1791424971,0,,,,,0,0
2443397d536e16305d728876,1791424971,0,,,,,0,0
24446b46fc0d350ad0fbe2ed,1791511133,0,,,,,0,0
2445ad95b75be0fa7e115405,1791424971,1,0001193125-26-388699,"8.01,9.01",1789132480,4.5,0,1
24486250c8c78a6dd38454e3,1791424971,0,,,,,0,0
244d1418883ee6db32e429c8,1791424971,0,,,,,0,0
24577785f1dd376bafbd1f0c,1791424971,0,,,,,0,0
245c2850b8dbcda0907a1b44,1791424971,0,,,,,0,0
2461ce92fcd74a4cdf31e447,1791424971,0,,,,,0,0
24637c476f887541a8108e17,1791424971,0,,,,,0,0
246707046c7a74cfc6d80068,1791424971,0,,,,,0,0
246815926984ae4ba0e493d8,1791511133,0,,,,,0,0
2468bd66e23cbcf28d0c7e6e,1791424971,0,,,,,0,0
2472b92b86a2f9a64f1e523b,1791424971,0,,,,,0,0
2474892230c64fc1635f47cb,1791424971,0,,,,,0,0
24767bbc8db24221cce2862b,1791424971,0,,,,,0,0
2479c7961f02619b9f94b1e0,1791424971,0,,,,,0,0
247a58b25f8a722deef7ef92,1791424971,0,,,,,0,0
247fe8ab0219826465205426,1791511133,0,,,,,0,0
2486a4d2db5d56a969431bda,1791424971,1,0001104659-26-109755,"8.01,9.01",1790157698,1.5,0,1
2497d5afe20d8cc3e6f6dc25,1791424971,0,,,,,0,0
249a70a7d964f4570cae5ccf,1791424971,0,,,,,0,0
249c4b2dbbe392cff3dffe80,1791424971,0,,,,,0,0
24a19103ca8d6c4645a184f8,1791424971,0,,,,,0,0
24a6e606dda8629bca127bf9,1791424971,0,,,,,0,0
24ad0e4e26a63573fde8f1a0,1791424971,0,,,,,0,0
24af3b5886612de7bf2fe39a,1791424971,0,,,,,0,0
24afc52c6bca0dad716a528b,1791424971,0,,,,,0,0
24b233eb284b954208a93549,1791424971,1,0002071876-26-000221,1.01,1790371721,10.0,0,1
24b55e8fa637cf2bced95c76,1791424971,0,,,,,0,0
24b66dc9d932b49320628f76,1791424971,0,,,,,0,0
24b86199abb6f2f6b1ed3dc3,1791424971,0,,,,,0,0
24b8cac10215c0daed4d6748,1791424971,0,,,,,0,0
24b9d476ff8346ec81ff4a46,1791424971,0,,,,,0,0
24bee8782009b68c344b44bc,1791424971,0,,,,,0,0
24c17793729820e0b22a5253,1791511133,0,,,,,0,0
24c251330eda7b2488a83fbb,1791424971,0,,,,,0,0
24c67174276f92e88c2d6c5e,1791424971,0,,,,,0,0
24ca01629a03ea42d3413815,1791424971,0,,,,,0,0
24ceed3d2e1a5b5d4c078a4d,1791424971,0,,,,,0,0
24d05ace2169d76d40e872f7,1791424971,0,,,,,0,0
24d1c4c327499c887554b748,1791424971,0,,,,,0,0
24d440988e6727875fd84d5e,1791424971,0,,,,,0,0
24d5d321af9c2415de5e46ca,1791424971,0,,,,,0,0
24e099315d74c76918bd38d2,1791424971,0,,,,,0,0
24eda7140e6577b54bf294d0,1791424971,0,,,,,0,0
24edab82e4cefded0ca5ab62,1791424971,0,,,,,0,0
24ee6ad91fdda92607a88ebd,1791424971,0,,,,,0,0
24f5eef6632a28ad733591ae,1791424971,0,,,,,0,0
24f82cfe7949c1b341f88d07,1791424971,0,,,,,0,0
24fe8c5fffa17fc14e62904d,1791424971,0,,,,,0,0
24ffcc41198e54bda565efd5,1791424971,0,,,,,0,0
2502b6e2267adf550df5ff3c,1791424971,0,,,,,0,0
25072aa75e3ecfe9eebe29a8,1791424971,0,,,,,0,0
2509e01f86c62c4443b60595,1791424971,0,,,,,0,0
250c1c90dd7efd2a7e53c0de,1791424971,0,,,,,0,0
250e7e9f55d5632b4e458c9c,1791424971,0,,,,,0,0
25120dbcba33d4eccddfaeef,1791424971,0,,,,,0,0
251a2e0c526dbf1f83a58ffe,1791424971,0,,,,,0,0
251a46606db63e234b4c4981,1791424971,0,,,,,0,0
251b84e802fdc544dd589db8,1791424971,0,,,,,0,0
252055d668267a37066b2094,1791424971,0,,,,,0,0
2522fefb60282e29d0806516,1791424971,0,,,,,0,0
25242be2b2cfbbe0c07add5d,1791424971,0,,,,,0,0
2526ce4b89a50379385a9275,1791424971,0,,,,,0,0
252855204bae7da7731bbf63,1791424971,0,,,,,0,0
252878cd0326fb29dab37987,1791424971,0,,,,,0,0
2528b65d91a170c93a5fb4dc,1791511133,0,,,,,0,0
25292c1405d4715cf29ca700,1791424971,0,,,,,0,0
252956ba69ab6519a136ef9c,1791424971,0,,,,,0,0
252d068de63de6ec02b2cd29,1791511133,0,,,,,0,0
252d2b9431044dc05cfeb5a4,1791511133,1,0001193125-26-415055,"1.01,1.02,2.01,2.03,3.01,3.03,5.01,5.02,5.03,8.01,9.01",1791295387,1.0519444444444443,0,1
252d58f62cc74b67b9b7c65e,1791424971,0,,,,,0,0
252e2fd0124a265c92d30913,1791511133,0,,,,,0,0
252f151fbd9e652d0429b6a8,1791424971,0,,,,,0,0
2533fc81ca9dfc837e1bc8a5,1791424971,0,,,,,0,0
25353bf90773f84d899e2e79,1791424971,0,,,,,0,0
2535e2c0fe33b7ee7a52b32b,1791424971,0,,,,,0,0
2538d8b390221226f2487d8e,1791424971,0,,,,,0,0
253d9e938d7c7f649084a9e2,1791424971,0,,,,,0,0
253df54e99f53df4a7e50e1c,1791424971,0,,,,,0,0
2547e6710fe1488bf2d0edd9,1791511133,0,,,,,0,0
25487ff133b077d1d5bf6c4c,1791424971,0,,,,,0,0
254e94ec715af0e4e530de2c,1791424971,1,0001628280-26-064413,"5.03,5.07,9.01",1790954717,3.421388888888889,0,1
2556c9543bccdb5d8b8c6fe0,1791424971,0,,,,,0,0
2558a375ef3f2e45dd5555b7,1791424971,0,,,,,0,0
2558c76a97d9fba553ebb7b7,1791424971,0,,,,,0,0
255b6a5be5dec355ed8dc363,1791511133,0,,,,,0,0
255db4d8213ab43f4932b5dd,1791511133,0,,,,,0,0
256023c50ca036b28be16f05,1791424971,0,,,,,0,0
256811b4fe585fb48e487a2d,1791424971,0,,,,,0,0
256b4da81ce837f9de11ed91,1791511133,0,,,,,0,0
256d1f59770ee848672629fe,1791424971,0,,,,,0,0
256fc5bb1a640724e7f138aa,1791424971,0,,,,,0,0
257480eff13e4f78be924de8,1791424971,0,,,,,0,0
25756c81d59d3148a31130f4,1791424971,0,,,,,0,0
257723d386b40b87c542f8b3,1791511133,0,,,,,0,0
2579c0b2eee83dd9d4af977e,1791424971,0,,,,,0,0
257bdfb73a1a341adf7539d6,1791424971,0,,,,,0,0
25819b4ea1a5c1dc7f55b5a7,1791424971,0,,,,,0,0
2581da149d435872e24f5ca0,1791424971,0,,,,,0,0
25842bd56d44a0d87e75b9f2,1791424971,1,0001104659-26-107721,7.01,1789475450,1.5,0,1
2588d08b3b2546d9dbf73b0c,1791424971,1,0001104659-26-104395,"8.01,9.01",1788308890,7.0,0,1
25892a109e2bbccc7cfa5aa6,1791424971,1,0000950142-26-002526,"7.01,9.01",1788969627,2.5075,0,1
258aa7994d435e5ab2cc7ee3,1791424971,0,,,,,0,0
258b5f2c38c810e4bfb74c75,1791424971,0,,,,,0,0
258b6dc5afd0ebc8e36f0909,1791424971,0,,,,,0,0
258dc89ceb50e664a4455f97,1791511133,0,,,,,0,0
25910f24a5f75be831b68e2e,1791424971,0,,,,,0,0
2595bdbb2bf9ec6d95ace44e,1791511133,1,0001193125-26-415617,5.02,1791318397,3.5,0,1
2595dbc59cd77ea478e5770f,1791424971,1,0001390777-26-000097,"5.03,9.01",1790108490,2.5,0,1
2596461431070e47b1e7ea53,1791424971,0,,,,,0,0
25975b189e419c4b771da3ea,1791424971,0,,,,,0,0
259d62b60c9afd7946461da0,1791424971,0,,,,,0,0
259edabd040ccb0f3ac7a584,1791424971,0,,,,,0,0
25a097fdf78ae17d1fb88ada,1791424971,0,,,,,0,0
25a563883ef98f257e260135,1791424971,0,,,,,0,0
25ad8a9ca8ef815ee8f057de,1791424971,0,,,,,0,0
25b0c2cdb04825c416ad6b97,1791424971,0,,,,,0,0
25b9a60eeb67cb76b1716dd3,1791424971,0,,,,,0,0
25bf6966eb1390b632a72021,1791424971,0,,,,,0,0
25c078a088ff1d97c1c54180,1791424971,0,,,,,0,0
25c9da1ae69da2e03966d778,1791424971,0,,,,,0,0
25cf0340db94ca2b7d9a2251,1791511133,0,,,,,0,0
25d6d2f6856a653619d08e61,1791424971,0,,,,,0,0
25dd93bd15c54355685c7bdb,1791511133,0,,,,,0,0
25dd97024fbc8662cd528d32,1791511133,0,,,,,0,0
25deb789d8488e70d97d8fdf,1791511133,0,,,,,0,0
25dff5aab2d766e2e630c43b,1791424971,0,,,,,0,0
25e4d3a1659a2689eeda5d68,1791424971,0,,,,,0,0
25e70cd34febab5364efc96f,1791424971,0,,,,,0,0
25e8ebe2c43dbc70a63b86de,1791424971,0,,,,,0,0
25eac559ccb31e3e9130d884,1791424971,1,0001599298-26-000081,"8.01,9.01",1789476279,6.5,0,1
25ebbe1b0e0bf17e718d2d93,1791424971,0,,,,,0,0
25f81891e12f261c69723267,1791511133,0,,,,,0,0
25fafa6572dd0b2ea782354a,1791424971,0,,,,,0,0
25fdef748eec76a68683f2eb,1791424971,0,,,,,0,0
25ff9c36b63480c6e4e0c043,1791424971,0,,,,,0,0
2602b2e9fc20fa0378540556,1791424971,0,,,,,0,0
2602d639fd6b43171dbcc059,1791511133,0,,,,,0,0
260338c043827faa93092bdf,1791424971,0,,,,,0,0
2605f318f4eb6304b6389060,1791424971,0,,,,,0,0
260b7201092349e48064fd55,1791424971,0,,,,,0,0
260f1b99ca76c5d1a3b07a29,1791511133,0,,,,,0,0
2611247ddeb6e67845a19325,1791424971,0,,,,,0,0
2619fffd4ff591de5a95d515,1791424971,0,,,,,0,0
261ddbf38631dfda2c8d0bec,1791424971,0,,,,,0,0
2620aa972c3d70c8e95a71c6,1791424971,0,,,,,0,0
2621eb76fd52c46ffefe7a89,1791424971,0,,,,,0,0
2622382acba1a137e69ab5e8,1791424971,0,,,,,0,0
262e6d239c35abd5544940c4,1791424971,0,,,,,0,0
262f2407c046f2db43a8072a,1791424971,0,,,,,0,0
2640d55fd4d1f009e14daf0f,1791424971,0,,,,,0,0
26461ad3623ae9769e4daa78,1791424971,0,,,,,0,0
264ba367626471497bc29d32,1791424971,0,,,,,0,0
264dddb6a2c83931fe304506,1791424971,0,,,,,0,0
26564fbd1b615977f5fd0ff7,1791424971,0,,,,,0,0
2659d5fb2847568a36ce38d9,1791424971,0,,,,,0,0
265c3d837b3a5b42b92f0e07,1791424971,0,,,,,0,0
265d1af1485484f3c2c5e026,1791424971,0,,,,,0,0
2664a499633ec0376808444c,1791424971,0,,,,,0,0
2666afb6b747dd30f281e152,1791511133,0,,,,,0,0
26686aba6cfe6ea3a23e0e7e,1791424971,0,,,,,0,0
26702cbfb7f916b6402b1353,1791424971,0,,,,,0,0
267125f741b588f61ded32ae,1791424971,1,0000886346-26-000055,"5.02,7.01,9.01",1789072963,1.5,0,1
26716bbed1186208fc7c6219,1791511133,0,,,,,0,0
267e2ccfaa08e673ede3262a,1791424971,0,,,,,0,0
267e6c43e493bfe79edf9a11,1791424971,0,,,,,0,0
267ef4ed162d258e8b98d09c,1791424971,0,,,,,0,0
267fd8ccf100b35d5de3cd60,1791424971,0,,,,,0,0
2695277a7cf26fa716ba929b,1791424971,0,,,,,0,0
269754460ebb3d5daab040a1,1791511133,0,,,,,0,0
26a188e3017942feba6549fa,1791424971,0,,,,,0,0
26a4f0279a6ea9969194a242,1791424971,0,,,,,0,0
26a728cd48565dde02e77f4e,1791511133,0,,,,,0,0
26a87dad6b83b9dd0248b135,1791424971,0,,,,,0,0
26ab334a987d117dfb1f6a81,1791424971,0,,,,,0,0
26ac220c9715083a79093c0e,1791424971,0,,,,,0,0
26b50b74d1b9b35668695151,1791424971,0,,,,,0,0
26bfe7d180ca56da6176eed7,1791424971,0,,,,,0,0
26c5cf494309a36f268d1645,1791424971,0,,,,,0,0
26cab4e9b0de17f235e401e1,1791424971,0,,,,,0,0
26cf2d3c1d7c2cd6f79390bd,1791424971,1,0000826675-26-000104,"1.01,7.01,9.01",1790367359,0.5,0,1
26d070d720c6c68a974a3ff6,1791511133,0,,,,,0,0
26e039f8ff229e9e6fc6de2b,1791424971,0,,,,,0,0
26e678cd248d293fada65ec0,1791424971,0,,,,,0,0
26e799a46e3ff6b73efc820b,1791424971,0,,,,,0,0
26ec6fcd24e5044e14368400,1791424971,0,,,,,0,0
26ec76015a87758ec37ef1bb,1791424971,0,,,,,0,0
26f103dcb60e7d24169c68b7,1791511133,0,,,,,0,0
26f1042c3540a3309c252ca8,1791424971,0,,,,,0,0
26f6e7ecc4d9c1d6e0f4df88,1791424971,1,0001193125-26-377613,"7.01,9.01",1788265805,1.5,0,1
26fa29999a824437b9c6fdb9,1791511133,0,,,,,0,0
26fbadc282e36c20a70e77b2,1791424971,0,,,,,0,0
26fce76e35eb28a61d724f5a,1791424971,0,,,,,0,0
27017f80a6f7f6e958d93fdd,1791424971,0,,,,,0,0
2702cc8e16113c8a5eb5e614,1791424971,0,,,,,0,0
270457c3a92a17e8d82d7950,1791424971,0,,,,,0,0
2708812a19f8fe1c60d5eb3d,1791424971,0,,,,,0,0
270a7ac7b1445b6cb8af6820,1791424971,0,,,,,0,0
271009a644e99583c012964a,1791424971,0,,,,,0,0
271945d50c8a37ed2e1dec13,1791511133,0,,,,,0,0
27197c3e051aaef523ae8ed7,1791424971,0,,,,,0,0
27211ab5e99783354bd01754,1791511133,0,,,,,0,0
27218eaed47dff93513c88de,1791424971,0,,,,,0,0
2722079aa967083d3afdaf0d,1791424971,0,,,,,0,0
27254d4231a755aad6eeff03,1791424971,1,0001140361-26-038468,"1.01,2.03,9.01",1790986367,1.5,0,1
2725af5f643e62e256687ae6,1791424971,0,,,,,0,0
272730696526919ca1a64981,1791424971,0,,,,,0,0
272896cb596b3ab2d0e19651,1791424971,0,,,,,0,0
272b267d271e0e99b0960acf,1791424971,0,,,,,0,0
272fdca3ba24b424d7d5d303,1791511133,0,,,,,0,0
2739838d173dd0a23f602d60,1791424971,0,,,,,0,0
2739c047707580672c18c555,1791424971,0,,,,,0,0
273bc7a1d420a5728e616af0,1791424971,0,,,,,0,0
273db243f6aff72a64bea631,1791424971,0,,,,,0,0
274a921deea14114c2739f9d,1791424971,0,,,,,0,0
2753bead2938a826ac0a8d5b,1791424971,0,,,,,0,0
275746cb74362ac9ecd0f4e2,1791424971,0,,,,,0,0
2758e62176216fb7cffdc362,1791424971,0,,,,,0,0
275f1b1d26412aa935b7af5b,1791424971,0,,,,,0,0
2765a288bd97e1089aacc7ff,1791511133,0,,,,,0,0
276e5dcc2552a0e6334042aa,1791424971,0,,,,,0,0
276fd6f2fa15684f95abe38e,1791424971,0,,,,,0,0
27707595802e5cdd4d0db59c,1791424971,0,,,,,0,0
27737de655cbbdc2a8822060,1791424971,0,,,,,0,0
277410a2ee00f79c67548706,1791424971,0,,,,,0,0
277a9e2d1de99b8cdfc8fae6,1791424971,0,,,,,0,0
277d44d93ea5fb38c3e055c8,1791424971,0,,,,,0,0
277fcffb3a909ceadb350110,1791424971,0,,,,,0,0
2782589dba9f6aefe5e0a870,1791424971,0,,,,,0,0
2789bd48b3190fc5f17aa392,1791424971,0,,,,,0,0
278a63d76dc6ee672d11bfea,1791424971,0,,,,,0,0
278b67dc7cda4f7a894f6272,1791511133,0,,,,,0,0
278d01081e14ece41d7c96ae,1791424971,0,,,,,0,0
27903e88fdb75196586e9732,1791424971,0,,,,,0,0
27910f7be6b4de24c4d21419,1791511133,0,,,,,0,0
279577d89d439a27cac61893,1791511133,0,,,,,0,0
27966659f20ef23bef4751b0,1791424971,0,,,,,0,0
279d3747ae60f1100e968160,1791424971,0,,,,,0,0
279eef56af4d93a81aceb65b,1791424971,0,,,,,0,0
27a918b602d12b4066b3cb83,1791424971,0,,,,,0,0
27aa23d03c2584eb13061ace,1791424971,0,,,,,0,0
27ac57a314dbe1b7babc2853,1791424971,0,,,,,0,0
27acccaf9bb71022e8be562a,1791424971,0,,,,,0,0
27ae92c901517973a310d225,1791424971,0,,,,,0,0
27b0814c9fbe37c8457b4d49,1791511133,0,,,,,0,0
27b18b5aaee27e6e0c37f407,1791424971,0,,,,,0,0
27b5613bac2625a9dc8bd7ca,1791424971,0,,,,,0,0
27b675cbdd4ab17417e2d1cf,1791424971,0,,,,,0,0
27b76ce376327628849d10db,1791424971,0,,,,,0,0
27c2a9c083698f02e10d70a4,1791424971,0,,,,,0,0
27c503a72a09c9554ae3aafa,1791511133,0,,,,,0,0
27cde9a9688a628f0cae060e,1791424971,0,,,,,0,0
27cfc1be36e869249eaf3498,1791424971,0,,,,,0,0
27d36501e77ecd09dbcd961d,1791424971,0,,,,,0,0
27d8aee9a07804af870dd3cc,1791424971,0,,,,,0,0
27db806adc6781f088216834,1791424971,0,,,,,0,0
27e277a9575f34533723c668,1791511133,0,,,,,0,0
27e5642298dc3bcbb1d1a302,1791511133,0,,,,,0,0
27e78e9e6a4d60ce09db109a,1791424971,0,,,,,0,0
27e9e9db996485fdba7e62fd,1791511133,0,,,,,0,0
27ebf78bdbe76c37d4dddfb0,1791424971,0,,,,,0,0
27edb0c4b90455dc30b54658,1791424971,0,,,,,0,0
27f24741c9d7b81873792a44,1791511133,0,,,,,0,0
27f2ce76ddf0aae1cfae32ef,1791424971,1,0000917251-26-000066,8.01,1790938829,7.0,0,1
27f3d55215cf5a8e3ae03ed9,1791424971,0,,,,,0,0
27f4ad6165c4a4e829d7ca6a,1791424971,0,,,,,0,0
27fb3c7e58424b41f0e796f9,1791424971,0,,,,,0,0
27fe81cce07611d48e15211f,1791511133,0,,,,,0,0
280cf0ba5dd334027cc0ed23,1791424971,1,0001104659-26-112116,7.01,1790768626,7.0,0,1
280ef2c60fbfcf45724e8b11,1791424971,0,,,,,0,0
281240d9c1c99bd2f7b21eac,1791424971,0,,,,,0,0
2815d353dfb4456398da0d48,1791424971,0,,,,,0,0
281d822c9fc266d37dd481e1,1791424971,0,,,,,0,0
282826481151bf291090ec2c,1791424971,0,,,,,0,0
282a8cb39f505c79e9a5055e,1791424971,0,,,,,0,0
282b48a7b5d818e7ec365bd4,1791424971,0,,,,,0,0
28342d7689645cc8ec0340fe,1791511133,0,,,,,0,0
2838ef8827badb9a1a199f52,1791424971,0,,,,,0,0
284d5ca9b9bf84d87f004aaf,1791424971,0,,,,,0,0
284d5ce4d2d7ab27d8b28a5d,1791424971,0,,,,,0,0
2850d32df245096c46532528,1791424971,0,,,,,0,0
28524cdd76f12d2de4c98f0d,1791511133,0,,,,,0,0
2855b8eb2444129f1cf04914,1791511133,0,,,,,0,0
2857ec6e806bf43a21add301,1791424971,0,,,,,0,0
285cbaac8a69ae5608e8f335,1791424971,0,,,,,0,0
286128b813c8c1d4f5bdbae8,1791424971,0,,,,,0,0
28650e8470c0795e2af8104f,1791424971,0,,,,,0,0
286cab02bfd4f422b9a53680,1791424971,0,,,,,0,0
286e9cc446d2fc6b058be3c2,1791424971,0,,,,,0,0
28712ec7e7691db15a971330,1791424971,0,,,,,0,0
28741b5c9e4da052356c93c5,1791424971,0,,,,,0,0
2877667494f8e885eac0ec19,1791424971,1,0001603923-26-000097,"8.01,9.01",1788266609,0.5,0,1
28784dd9805e863666d2c935,1791424971,0,,,,,0,0
287d0773665e75d6f225cac7,1791511133,0,,,,,0,0
287d9f626fad0bea1859f5c4,1791424971,0,,,,,0,0
288819e876f841b52f75b539,1791424971,0,,,,,0,0
288c386d03104779ff7c59df,1791424971,0,,,,,0,0
288de1af9008b2a7e84d000c,1791424971,0,,,,,0,0
2894191b211355114bace233,1791427778,0,,,,,0,0
28954d8eb1a2c22a521b97c6,1791424971,0,,,,,0,0
2895c2f85b959804811b0dce,1791424971,0,,,,,0,0
2896dada9336a09287258002,1791424971,0,,,,,0,0
28995f354d4e8e7b7571bfb0,1791424971,0,,,,,0,0
289d7a9d0172e761e072e381,1791424971,1,0001628280-26-064246,"7.01,9.01",1790885515,0.5,0,1
289f18e4f36dbbec2674672c,1791424971,0,,,,,0,0
28a88c4954c6618510c5bb21,1791424971,0,,,,,0,0
28a9bbfeeeda44cc3b58f17d,1791424971,0,,,,,0,0
28acccc3a0216303cdc13e79,1791424971,0,,,,,0,0
28af35a2428fec900265ac8b,1791424971,0,,,,,0,0
28b6e972a3885a14c301c0c5,1791424971,0,,,,,0,0
28b73a89859488e2fc455ba1,1791424971,0,,,,,0,0
28b8d90a0d3bc50a14ac469c,1791424971,0,,,,,0,0
28bc33513c255bb13e8a8855,1791424971,0,,,,,0,0
28bc67a0f23ca2273ad556f3,1791424971,0,,,,,0,0
28c1fb433d49b7f7f59b5be6,1791424971,0,,,,,0,0
28c3406049c786f4541d3b44,1791424971,0,,,,,0,0
28c3e798d3ef020aa32803f8,1791424971,0,,,,,0,0
28c62a322e2b31d1a0b601b2,1791424971,0,,,,,0,0
28c8cf1ff8e567c9a4415d9d,1791511133,1,0001193125-26-415015,"2.01,7.01,9.01",1791292458,0.5,0,1
28ca9a392e30236e9543053b,1791424971,0,,,,,0,0
28d539541228635b4adb6999,1791424971,0,,,,,0,0
28e18310c3d4ec8efa6c789d,1791511133,0,,,,,0,0
28e9c9110f0b50ab37c986c9,1791511133,0,,,,,0,0
28eb19f05b68607a49859098,1791511133,0,,,,,0,0
28f33e3868e43cec84635a6d,1791511133,0,,,,,0,0
28fce6a15c3d1e3271cd8347,1791424971,1,0001193125-26-402817,"5.02,7.01,9.01",1790366715,5.5,0,1
28fe6afba2d72746ce3cdda7,1791424971,0,,,,,0,0
28ff2fd41f73957ebd45d86d,1791424971,0,,,,,0,0
290379f1c8a2fdef71263988,1791424971,0,,,,,0,0
29042eb5d6641ee524d6799d,1791424971,1,0001628280-26-063314,"2.02,9.01",1790247785,6.5,1,0
291501c63c2a9b47cb21df0b,1791424971,0,,,,,0,0
29166fdfa615a44d7ccded98,1791424971,0,,,,,0,0
2918923b8d965fe933c287ce,1791511133,0,,,,,0,0
291ccf85a711ca15f07afef5,1791424971,0,,,,,0,0
29254e74a63a7c470b5c4a46,1791424971,0,,,,,0,0
29262a6b7cf930b54725011b,1791424971,0,,,,,0,0
2929dea08684565edee0ef42,1791424971,0,,,,,0,0
292b45b7af97d686edf98fb5,1791424971,0,,,,,0,0
292da1ffd031899d1d80ce40,1791424971,0,,,,,0,0
29327b7cb91767057070ede2,1791424971,0,,,,,0,0
29329ff3705259b9492ff920,1791424971,0,,,,,0,0
293b217f266f974440421199,1791511133,0,,,,,0,0
293c7af66e7113c39b7c3ebd,1791424971,0,,,,,0,0
293e7fb31e68c1d67abf5a8a,1791424971,0,,,,,0,0
2942070efa42bf6ecbcec1f6,1791424971,0,,,,,0,0
2943a8bfd0e51e1ddc69a4bf,1791511133,0,,,,,0,0
2956bdf9bb01d96d88053e34,1791424971,0,,,,,0,0
2956e86cc5168ef3d1ce3d4f,1791424971,0,,,,,0,0
2957cc0881077c2a9e37e643,1791511133,1,0001679273-26-000053,"5.02,9.01",1791320492,5.5,0,1
295a2bcaa23f73cedc376eb2,1791424971,0,,,,,0,0
295a49302889f7afc5d8d6c1,1791424971,0,,,,,0,0
29629dad525bcc947ea37f0c,1791424971,0,,,,,0,0
29695349df2f10c679826273,1791424971,0,,,,,0,0
2969b42a7473c1892aad0945,1791424971,0,,,,,0,0
296e657faff982d1e2c61a13,1791511133,0,,,,,0,0
296f202f7806fd49442ba274,1791511133,0,,,,,0,0
29763535363e27cecaeaa195,1791511133,0,,,,,0,0
297937cfd138936cd9308636,1791424971,0,,,,,0,0
297f8b04d56df203fedeb11e,1791424971,0,,,,,0,0
29834221b0c8b1ecda97a3fa,1791424971,1,0001104659-26-111778,"7.01,9.01",1790699690,1.0805555555555555,0,1
2985d92a92e5600d6c2e1bb6,1791511133,0,,,,,0,0
29874f91a1addeb1bd605cba,1791424971,0,,,,,0,0
298d00e053ede3a033289776,1791424971,0,,,,,0,0
2991bf3449acce066268995a,1791424971,0,,,,,0,0
29933964de53f06aed78c55a,1791424971,0,,,,,0,0
299728840ab3fbc62e72136f,1791424971,0,,,,,0,0
299732a64c32a16a7bb65db7,1791424971,0,,,,,0,0
29979123c7091c1207089bf3,1791424971,0,,,,,0,0
2998fcff9a202bc2fd430563,1791511133,0,,,,,0,0
299a357909a94932052ea7a3,1791424971,0,,,,,0,0
299b94c99637485d48c2da5c,1791424971,0,,,,,0,0
29a03940ab9cf12133a7ee85,1791424971,0,,,,,0,0
29a0cae3c2e0c6152ca68d4f,1791511133,0,,,,,0,0
29a52a7fdd5b139a55de35e0,1791511133,0,,,,,0,0
29a62b01c96b4292e4fcea36,1791424971,0,,,,,0,0
29a7b6d3deef2023f258ae8b,1791424971,0,,,,,0,0
29b1e84ed489a3aab4a1c5d8,1791424971,0,,,,,0,0
29b2af69708894bd4d2bfeb2,1791424971,0,,,,,0,0
29bc96e4c6642f4997e31c2c,1791511133,0,,,,,0,0
29bde6251f97296b3c28e58e,1791424971,0,,,,,0,0
29bfd6d517d5465958d37d0c,1791424971,0,,,,,0,0
29c03a30c13d7aff11a987fb,1791424971,0,,,,,0,0
29c8f87370f6d2b882250609,1791424971,0,,,,,0,0
29ca033aeed61a2569d6909a,1791511133,0,,,,,0,0
29d83136fa063fed29005574,1791424971,0,,,,,0,0
29d8dfa13200ee5dbbe24e59,1791424971,0,,,,,0,0
29df29fdc64a0264709d0010,1791424971,1,0001707753-26-000035,"2.02,9.01",1787861238,0.5,1,1
29e50e6150e8548783d44a8f,1791424971,0,,,,,0,0
29e55e70a0e79638a7849cae,1791424971,0,,,,,0,0
29ec69810fedf794758c4d07,1791424971,0,,,,,0,0
29ee02be824bc273b90fe797,1791424971,0,,,,,0,0
29f27b3d2d863f01dd7012df,1791424971,0,,,,,0,0
29f425b7762d160988ac9b31,1791424971,0,,,,,0,0
29f5931d5f4d2cf77dffd25c,1791424971,0,,,,,0,0
29f61051761783d2ce157f05,1791424971,0,,,,,0,0
29f66076e52c79f254c04fbe,1791424971,0,,,,,0,0
29f8a94d745416f948d509d7,1791424971,1,0001104659-26-111420,8.01,1790630727,0.5,0,1
29fe120441a17659e5484d7f,1791511133,0,,,,,0,0
2a0334284e154f276640be5d,1791424971,0,,,,,0,0
2a04350359f0c12f5a2c2df4,1791424971,0,,,,,0,0
2a04dba5c695dbaa91ceb241,1791424971,0,,,,,0,0
2a05104d7aa6ca4d4641bb5c,1791424971,0,,,,,0,0
2a0b4ebeefe45fd713d29533,1791511133,0,,,,,0,0
2a1030aadf2663dc6d348648,1791424971,0,,,,,0,0
2a12c133c9cc9f9814c8de74,1791424971,0,,,,,0,0
2a1b477884373069bf4690e6,1791424971,0,,,,,0,0
2a1ccc213780e0eff7161da3,1791424971,0,,,,,0,0
2a25aeeb69087aaac5c067e6,1791424971,0,,,,,0,0
2a289d7324182149018532a0,1791424971,0,,,,,0,0
2a2ba07523a0660f0c472a87,1791424971,0,,,,,0,0
2a3a0d81ced559b84447a483,1791424971,0,,,,,0,0
2a3d17c75461b460e93d1343,1791424971,0,,,,,0,0
2a42767ca2b6e9ac1f66d73e,1791424971,0,,,,,0,0
2a4351550a0aece1120c2552,1791424971,0,,,,,0,0
2a43c7cbf1ffa26f11762dbd,1791511133,0,,,,,0,0
2a48c3f8a1a88ca105aa09dc,1791424971,1,0001193125-26-398015,"1.01,2.03,3.02,9.01",1790109664,0.5,0,1
2a4ad61b6e08a5cb5e907b04,1791511133,0,,,,,0,0
2a4c0b468ba244e10bb00ebd,1791424971,0,,,,,0,0
2a5532cd443098ed06495006,1791424971,0,,,,,0,0
2a554014e8c0e85a4dd9e0a7,1791424971,0,,,,,0,0
2a5599272b4a94d1337e2764,1791424971,0,,,,,0,0
2a561a7b58432a3c9da6a131,1791424971,0,,,,,0,0
2a587ec09f78085ca80f1dbe,1791424971,0,,,,,0,0
2a5a2fbb60947d1cc0b9bf5c,1791424971,0,,,,,0,0
2a603e7585df4bcfd215abc5,1791511133,0,,,,,0,0
2a633dad8644a21f71eeedb1,1791424971,0,,,,,0,0
2a66c41cb7d5fe0c047697ef,1791424971,0,,,,,0,0
2a6cc8d8cc829a03d0d63bad,1791511133,0,,,,,0,0
2a72078cba2af8f80ca0feb0,1791424971,0,,,,,0,0
2a85507ad8ee9dddde3f0638,1791424971,0,,,,,0,0
2a87b02f326500c511d5d5ed,1791424971,0,,,,,0,0
2a8d0ff0d66f8e455e80b998,1791424971,0,,,,,0,0
2a8f92fc7357b0ea3863d62b,1791424971,0,,,,,0,0
2a906387badfa26049f28e81,1791424971,0,,,,,0,0
2a95bcb069842180fd85ed52,1791424971,0,,,,,0,0
2a9d5b4b7ae793b11ca4f9ba,1791424971,0,,,,,0,0
2a9d7c9556c8ed730b86e792,1791424971,0,,,,,0,0
2aa0192600d45966506d46aa,1791424971,0,,,,,0,0
2aa2469b5cd662757eae8e4d,1791424971,0,,,,,0,0
2aa99788a579831698ba77be,1791424971,0,,,,,0,0
2ab14d0c29416258a56f077b,1791424971,0,,,,,0,0
2ab81d719ef10aabc8d1d4da,1791424971,0,,,,,0,0
2ac5703a4887c8f6a6dfa2e3,1791424971,0,,,,,0,0
2ac5e6fced599b09b2b5c10e,1791424971,0,,,,,0,0
2ac6c254d54e3d13c5128a5f,1791424971,0,,,,,0,0
2ac8181647cdea96ccf1ca93,1791424971,0,,,,,0,0
2ac84e70a616627d2b791986,1791511133,0,,,,,0,0
2acb92fc9d7ae96d3503839f,1791424971,0,,,,,0,0
2accf35bf02f21c0e2dc3eb2,1791424971,1,0001043219-26-000070,"3.03,5.03,9.01",1790972129,6.5,0,1
2ace55912ca0201e392488e6,1791424971,0,,,,,0,0
2acf2f183fc9af006abed24f,1791424971,0,,,,,0,0
2ad19db84f1f372f6fda4540,1791424971,0,,,,,0,0
2ad21a01c880ba2537f657c8,1791511133,0,,,,,0,0
2ad6771582f6165481949723,1791424971,0,,,,,0,0
2ad7beada5f5ba88ad6dbb4a,1791427778,0,,,,,0,0
2adb517f3d64f780f0fe3369,1791424971,0,,,,,0,0
2adbb22f1ff476497e2bf62b,1791424971,0,,,,,0,0
2adbfd66f58088cd7886a7cd,1791424971,0,,,,,0,0
2adc990b6376d45d12ba7b12,1791424971,0,,,,,0,0
2add637f277f9d9765957129,1791424971,0,,,,,0,0
2ae3f72d3b066d560897bca7,1791424971,0,,,,,0,0
2ae6821548ed146367cb075b,1791424971,0,,,,,0,0
2ae960b26e0b9d7dc89933c6,1791424971,0,,,,,0,0
2af5fa10def26e5c18fb729c,1791511133,0,,,,,0,0
2af9829223fb72179bd0dd91,1791424971,0,,,,,0,0
2afc6e173ae8526247460644,1791511133,0,,,,,0,0
2b02380ec9f6ddf039358094,1791424971,1,0000764622-26-000049,"7.01,9.01",1790798706,7.0,0,1
2b04ba9ca4731364eace587a,1791424971,0,,,,,0,0
2b06ac6e87daa51c34329741,1791424971,0,,,,,0,0
2b077dc4d3e79c933cd99166,1791424971,0,,,,,0,0
2b0b23b7bb65a88feb293c7d,1791424971,0,,,,,0,0
2b0d20aa89f1d8ff6795e808,1791424971,0,,,,,0,0
2b1076f48f2eacdf5c46ced5,1791424971,0,,,,,0,0
2b136bd0a9aa9d9026d6f2f1,1791511133,0,,,,,0,0
2b1553f9b475561fee6004eb,1791424971,0,,,,,0,0
2b159dd1bd3811cb2fc9d0c7,1791424971,0,,,,,0,0
2b1686f07e94c0ab173ea2f4,1791424971,0,,,,,0,0
2b16a01f816396a91691f1d2,1791424971,0,,,,,0,0
2b18f102464690a93b0a594f,1791424971,0,,,,,0,0
2b1ea07c6565da62ca57002f,1791424971,0,,,,,0,0
2b20e39462528f547912ac7e,1791511133,0,,,,,0,0
2b21d1ce44ea84a2f5e6a23b,1791424971,0,,,,,0,0
2b22b5e4902d7b0c962b9f88,1791424971,0,,,,,0,0
2b2c8498bc01c0f156699bc3,1791424971,0,,,,,0,0
2b3110fbe926ef3f99bb8f49,1791511133,0,,,,,0,0
2b394926d709e00805b6ed89,1791424971,0,,,,,0,0
2b39ce20e59a4dc4d18c8dfd,1791424971,0,,,,,0,0
2b3b5d9b9f78354d78880c68,1791424971,0,,,,,0,0
2b4252e37056ce14b305259b,1791424971,0,,,,,0,0
2b440dfe20027e30821325a7,1791424971,1,0001306830-26-000119,"5.02,9.01",1789592424,7.0,0,1
2b44bca41e2170b040a1cd8d,1791424971,0,,,,,0,0
2b454d806c865373abe2ead2,1791511133,0,,,,,0,0
2b479e13c4acabf691a57a80,1791424971,0,,,,,0,0
2b4a8da6f46d3d5d3f36f676,1791424971,0,,,,,0,0
2b4c9d3425e8b78f7d405f19,1791424971,0,,,,,0,0
2b54c662a64433f8a9e068f0,1791424971,0,,,,,0,0
2b56d91a797fb5b79ec5c000,1791424971,0,,,,,0,0
2b57c4912e233486b2a9af3f,1791424971,0,,,,,0,0
2b589e57f967e69d5bdb77ba,1791424971,0,,,,,0,0
2b5c25f05c047b14e1a38b5b,1791424971,0,,,,,0,0
2b5e1d4b660ba6237e610f2b,1791424971,0,,,,,0,0
2b605a63d51128f6020ec5dc,1791424971,0,,,,,0,0
2b6121fc83fabfae46810e03,1791424971,0,,,,,0,0
2b6570bd585ce63b050c6e37,1791511133,0,,,,,0,0
2b663ad6548804ed51e694e2,1791424971,0,,,,,0,0
2b66ca1e95fa359dc85dc70a,1791424971,0,,,,,0,0
2b6be3e2bea81f1885a4b287,1791511133,0,,,,,0,0
2b6cf5d091c9ce96546ab73d,1791424971,0,,,,,0,0
2b71db9785896fc65c11d75e,1791424971,0,,,,,0,0
2b7337ae6b69fb0d1436b47e,1791424971,0,,,,,0,0
2b75345195aa6ffe686b3fad,1791424971,0,,,,,0,0
2b76e99da85a8bf07dbd1aa5,1791424971,0,,,,,0,0
2b782e8645e6d64d4d0e40b1,1791424971,0,,,,,0,0
2b7cfbf43e3ef694d09036c0,1791424971,0,,,,,0,0
2b8184116dc6fc9f5d571f42,1791511133,0,,,,,0,0
2b82572bcf1663affc7cf348,1791424971,1,0001999371-26-021687,"5.02,7.01,9.01",1790802759,0.5,0,1
2b8376d175078ef9adf1df0e,1791511133,0,,,,,0,0
2b8387160a0330d531da3bdb,1791424971,0,,,,,0,0
2b8b43bbc170bbca80f14e87,1791424971,0,,,,,0,0
2b8ba5d4ffaefff63be4a07e,1791424971,0,,,,,0,0
2b8bdd0c51b1e8543921ac46,1791424971,0,,,,,0,0
2b8d6fb4e7c4d5d043be2e76,1791424971,0,,,,,0,0
2b8e617f4c729a1ee4da362d,1791424971,0,,,,,0,0
2b90c0f791aa902954da7dde,1791424971,0,,,,,0,0
2b979b41825a8b2c161854cd,1791424971,0,,,,,0,0
2b9838dbea1d9e5503debf58,1791424971,0,,,,,0,0
2b98623b68798a7878435b92,1791424971,0,,,,,0,0
2b993a9014555395fdc954ed,1791511133,0,,,,,0,0
2b9b2df16a1bfe36868a312f,1791424971,0,,,,,0,0
2b9d8fd17c05b3404ab44190,1791424971,1,0001104659-26-107974,"8.01,9.01",1789506608,7.0,0,1
2b9e49f8fc5fd8bd36062007,1791424971,0,,,,,0,0
2b9f6a765aa5352a837ec9af,1791424971,0,,,,,0,0
2ba283d1bba6bd1cab8663fa,1791424971,0,,,,,0,0
2baa1ad878ae86fc9ca698c4,1791424971,0,,,,,0,0
2baa387ff0a25fc3fa348061,1791427778,0,,,,,0,0
2bac5c4151e8e7addccbc516,1791424971,0,,,,,0,0
2bb900dd902508c7a02b9099,1791424971,0,,,,,0,0
2bbcf4342e13069d05689822,1791424971,0,,,,,0,0
2bc18bfc9a806472b1a26167,1791424971,0,,,,,0,0
2bc1e83f01adb77bc6d3cce4,1791424971,0,,,,,0,0
2bc4b3c133c21c76d9fdb3b0,1791424971,0,,,,,0,0
2bcbf663e1eadd658ed592f6,1791424971,0,,,,,0,0
2bcde2afd1da68ccd169ae23,1791424971,0,,,,,0,0
2bd3e272cdeb6fffde496e46,1791424971,1,0001193125-26-388861,"7.01,9.01",1789141380,2.716666666666667,0,1
2bd795f1b7c4f8288641ce20,1791424971,0,,,,,0,0
2bd8a5c6ea762e8cfb2e1854,1791424971,0,,,,,0,0
2be1665ae5fd1004aafb5b22,1791424971,0,,,,,0,0
2be745b52fe68708dfcf150b,1791424971,0,,,,,0,0
2bec42d29e9305a5dc72baf1,1791424971,0,,,,,0,0
2bee2a033eb4d601c22fef9a,1791424971,0,,,,,0,0
2bef8bb9517ef3c0e10ff04c,1791424971,0,,,,,0,0
2bf751ea4b4b40c5838d331c,1791424971,0,,,,,0,0
2bf8aecc069e685ffc966b03,1791424971,0,,,,,0,0
2bfa75f1bb644e833eb30497,1791424971,0,,,,,0,0
2bfae98656c9db8196afcba7,1791424971,0,,,,,0,0
2bfdda973be33ad1e1991ba3,1791424971,0,,,,,0,0
2c0059653041df45377579ba,1791424971,0,,,,,0,0
2c06b944b5b677769b4956b4,1791424971,0,,,,,0,0
2c0758e506dffc2520b518ad,1791424971,0,,,,,0,0
2c0a75e555d27dd64bedae74,1791424971,0,,,,,0,0
2c0cb4f82f413c0114115faf,1791424971,0,,,,,0,0
2c0db559171b83f36e568d3d,1791511133,0,,,,,0,0
2c1ad7489c5cca52caa38c26,1791424971,0,,,,,0,0
2c2543ccef596b5c96147fa6,1791511133,0,,,,,0,0
2c28dc1d7b78c16adf444b6b,1791424971,0,,,,,0,0
2c2d28581bbdba5f9ad0253d,1791424971,0,,,,,0,0
2c2fb82ceccd9a76f8a561a4,1791424971,0,,,,,0,0
2c2ff2caa9c36870b6f6f8d2,1791424971,0,,,,,0,0
2c39fbeebd9c7a37936b4ea1,1791424971,0,,,,,0,0
2c3a6db19f0f773c162d7408,1791511133,0,,,,,0,0
2c4aafe9d36eae024d47951f,1791424971,1,0000917251-26-000066,8.01,1790938829,6.5,0,1
2c4d0bc86a4fcfaf35e393ab,1791424971,0,,,,,0,0
2c4f705921691249dd82fb43,1791511133,0,,,,,0,0
2c586d92cb04192b6e959067,1791424971,0,,,,,0,0
2c5a99ace84d4e7e13437b42,1791424971,0,,,,,0,0
2c5ab3703af4f4660700a30f,1791511133,0,,,,,0,0
2c5b261d48b0519739c6e2b3,1791511133,0,,,,,0,0
2c63b56d7441dcf85d1f65f8,1791424971,0,,,,,0,0
2c644e84ad9e90c777b571d0,1791424971,0,,,,,0,0
2c68c3bdbfec3c75e7aefc41,1791424971,0,,,,,0,0
2c6ac845662900b8147420bd,1791424971,0,,,,,0,0
2c6e61568b138d0db3da8a84,1791424971,0,,,,,0,0
2c71bbef5ec547b2627c0587,1791424971,0,,,,,0,0
2c74038da1a0cbad319d850e,1791424971,0,,,,,0,0
2c743cca2851e80266df89db,1791511133,0,,,,,0,0
2c784b9a525a6a54ec70d93b,1791424971,0,,,,,0,0
2c7bad9dbfafb030359d0a33,1791424971,0,,,,,0,0
2c7e489527fe8bb4142d921d,1791424971,0,,,,,0,0
2c8020886fbf94540912d692,1791511133,0,,,,,0,0
2c80d0ef6441538c9e68ec46,1791424971,0,,,,,0,0
2c84c7c774fc16fbbaea3c48,1791511133,0,,,,,0,0
2c88b0718fc0d587b8e0ef88,1791511133,0,,,,,0,0
2c89fea5a147da62a582ba4a,1791424971,0,,,,,0,0
2c8ec0420859274f47b46b40,1791424971,0,,,,,0,0
2c94366d94f622717ce86c5d,1791427778,0,,,,,0,0
2c949947929a07aec7a49b39,1791511133,0,,,,,0,0
2c993acf98a4bcc266047272,1791424971,0,,,,,0,0
2caa3ab2d01e526ed4bdc39e,1791424971,0,,,,,0,0
2cad326abbd7ac6a2a7c9788,1791424971,1,0001104659-26-109812,"2.02,9.01",1790162990,11.0,1,0
2cad3da8599c1c9b12d6ec6f,1791424971,1,0001628280-26-062997,"5.02,9.01",1790098873,3.1869444444444444,0,1
2cae55495e8b29c894abd174,1791424971,0,,,,,0,0
2cb2dcc1d55d3cb640097457,1791424971,0,,,,,0,0
2cb67f4c20d20d3d90787a9c,1791424971,0,,,,,0,0
2cb6db5980930fbf931f64df,1791424971,0,,,,,0,0
2cb906512dbac4a6ede4c263,1791424971,0,,,,,0,0
2cb9e823bc443533a1c6c089,1791424971,0,,,,,0,0
2cb9fb18c71a8d93ac575cdd,1791424971,0,,,,,0,0
2cba027ddb99d557ca07e6b6,1791424971,0,,,,,0,0
2cc26629d6dd2911857a43c0,1791424971,0,,,,,0,0
2cc716acb84e0be1e970352f,1791424971,0,,,,,0,0
2cca852675a3ca4da4e79d79,1791424971,0,,,,,0,0
2ccc5f2bcf127a152855c6a2,1791511133,0,,,,,0,0
2cce0c56f64a7b20c49b2b9f,1791424971,0,,,,,0,0
2ccfa5de3c4892152a7f1b58,1791511133,0,,,,,0,0
2cd05867bb249dab0c36af2d,1791511133,0,,,,,0,0
2cda806cc1c946dd150871da,1791424971,0,,,,,0,0
2cdb399f9a3c39155f60fd07,1791424971,0,,,,,0,0
2cdc4d5a87cab036b898e270,1791424971,0,,,,,0,0
2cdc804cd339645896497d49,1791424971,0,,,,,0,0
2cdd652b4d6d6460fd4bbe55,1791511133,0,,,,,0,0
2ce5c30c0391c02481b48758,1791424971,0,,,,,0,0
2ced1f5e8a2a1768fc4043bd,1791511133,0,,,,,0,0
2cef7fbb024b7ea234200ca9,1791511133,0,,,,,0,0
2cf937c59e8e88b5fc55c4f5,1791424971,0,,,,,0,0
2cfe7980811fe4c3e9297dbe,1791424971,0,,,,,0,0
2d01c6bead10be2ecb72a562,1791424971,0,,,,,0,0
2d055d0cd91d1edcdf42d84d,1791511133,0,,,,,0,0
2d06a3a9c3b6939cd4eebf14,1791511133,0,,,,,0,0
2d0961844cfbb02d48151d65,1791511133,0,,,,,0,0
2d1166f6a018a35fa1d7729a,1791424971,0,,,,,0,0
2d12c3b2d9dec291c7533d9d,1791424971,0,,,,,0,0
2d132d12557be8f89fe8a41e,1791424971,0,,,,,0,0
2d149c1b430e85f5352cdb4a,1791511133,0,,,,,0,0
2d1574a1ba442e2fbe60be23,1791511133,0,,,,,0,0
2d167d00b9daa5d768a43c89,1791511133,0,,,,,0,0
2d24abda239ecd85a182ee7d,1791424971,0,,,,,0,0
2d2a9350f7e0ec692f0279ba,1791424971,0,,,,,0,0
2d2ba616ae8113b09776e3ae,1791424971,0,,,,,0,0
2d3708074dc95b589b2b8f2f,1791424971,0,,,,,0,0
2d3bd5904dee29faf88be45e,1791424971,1,0000016918-26-000034,"7.01,9.01",1788902404,4.5,0,1
2d3fd2e49c3f89929dee602e,1791424971,1,0001573516-26-000176,"5.02,9.01",1788381071,7.0,0,1
2d428462dfb7d4a23db3fa50,1791424971,0,,,,,0,0
2d4286743dd2a0b1ca02ff0e,1791424971,0,,,,,0,0
2d4705d6faf828ff9a2aa67e,1791424971,0,,,,,0,0
2d4bfebe39a3e67dc3787b86,1791424971,0,,,,,0,0
2d504ecea5f53bf5a46c3a10,1791511133,0,,,,,0,0
2d556cb4998e6141b8ae7c73,1791424971,0,,,,,0,0
2d570564f13d4093a9fd6587,1791424971,1,0000320187-26-000184,"2.02,2.05,9.01",1790885715,1.5,1,0
2d57b2ea947a502895abab19,1791427778,0,,,,,0,0
2d5a0a0cea1e1d0f3f67b086,1791424971,0,,,,,0,0
2d5cb96b0c386d10e405bbeb,1791424971,0,,,,,0,0
2d629297291d36d001c41473,1791424971,0,,,,,0,0
2d64613e1037249187f20169,1791424971,0,,,,,0,0
2d664fb3ab2f5f1d40f8b0b3,1791424971,0,,,,,0,0
2d668e93d07186e26047eda0,1791424971,0,,,,,0,0
2d695bdbf9454a1c0f436209,1791424971,0,,,,,0,0
2d6a21194b685718c98f2d32,1791511133,0,,,,,0,0
2d6d74ec307f70587bc38487,1791424971,0,,,,,0,0
2d75377fb4470b8c68080dc1,1791424971,0,,,,,0,0
2d793c567235f8b99db72b0b,1791511133,0,,,,,0,0
2d799b9a0b6581fe02e8df97,1791424971,0,,,,,0,0
2d7bcb66e8e1ef4719e04e07,1791424971,0,,,,,0,0
2d7cfe9d26813169628dfc99,1791424971,0,,,,,0,0
2d7d09d359645a425ce8e836,1791424971,0,,,,,0,0
2d85c77c6dac26969268ea2a,1791424971,0,,,,,0,0
2d8e739625cf7a88ac180f42,1791424971,1,0001564708-26-000212,"8.01,9.01",1790724678,1.5,0,1
2d8f0eb002bf6a947ba19d13,1791424971,0,,,,,0,0
2d8f268b929277789be5d29b,1791424971,0,,,,,0,0
2d91462da1b69d299c93659e,1791424971,0,,,,,0,0
2d9150cdb94a5ee1554ea372,1791424971,0,,,,,0,0
2d9681f357cbe7f256e776a5,1791424971,0,,,,,0,0
2d9f7de0988681bdd9cca740,1791424971,0,,,,,0,0
2d9ff72422764c3de216e629,1791424971,0,,,,,0,0
2da2795799e4f0c431a586c0,1791424971,0,,,,,0,0
2da3dfaaa1618a254de38887,1791424971,0,,,,,0,0
2da69642840b7b932884f6cd,1791511133,1,0001104659-26-114079,"1.01,2.03,9.01",1791319406,4.5,0,1
2da8cd0b32f19620548eea63,1791511133,0,,,,,0,0
2dab42095cf553034a025de4,1791424971,0,,,,,0,0
2dadafc4f8e36d31284d41d5,1791424971,0,,,,,0,0
2dadcd3d6ed3ef091538a059,1791424971,0,,,,,0,0
2dafef861ecb88f70f58673c,1791511133,0,,,,,0,0
2db19c6fe165d0a04de1a983,1791424971,0,,,,,0,0
2db3c596238d9cb303cb134c,1791424971,0,,,,,0,0
2db56bfe0a3c675b42bb5d39,1791424971,0,,,,,0,0
2dbdeedd475a96afc0b9d07f,1791511133,0,,,,,0,0
2dc8c021387bc713100b187e,1791424971,0,,,,,0,0
2dd0fbb123bb86f3367a3a18,1791424971,0,,,,,0,0
2dd237c34a4e9fc51f0c60f3,1791424971,0,,,,,0,0
2de166baa4fd2dda0f337f11,1791424971,0,,,,,0,0
2de66db71f5543c831f8349e,1791424971,0,,,,,0,0
2de9beb36dab8ee57f61c12f,1791424971,0,,,,,0,0
2dea5d27d26eb11b50d413b1,1791424971,0,,,,,0,0
2def10b68868122dba35651a,1791424971,0,,,,,0,0
2def1667bb83dc26e4683a7d,1791424971,0,,,,,0,0
2df1750ccfac8632eb90a2a7,1791424971,0,,,,,0,0
2e0374f4bff1c766fbfe9371,1791424971,0,,,,,0,0
2e084b1c49eaae684baed1f4,1791424971,0,,,,,0,0
2e1611b1c678ab7fe5afec04,1791424971,0,,,,,0,0
2e1aa269ffcf026c55e71021,1791424971,0,,,,,0,0
2e2bb16c99e95298bc02cefb,1791424971,0,,,,,0,0
2e2cadf53b852311d820a7b3,1791511133,0,,,,,0,0
2e2f174ef2f9c99302220587,1791424971,0,,,,,0,0
2e2fecf41286ff0718ade42c,1791424971,0,,,,,0,0
2e320f931af35a2f3b5da5d7,1791424971,0,,,,,0,0
2e3261c11f4bf6467f486e67,1791511133,0,,,,,0,0
2e41202761125361e9bd2200,1791511133,0,,,,,0,0
2e4268dac5c6929102d14321,1791424971,0,,,,,0,0
2e45910532d1785682ad9482,1791424971,0,,,,,0,0
2e46480771cb46a062855cac,1791424971,0,,,,,0,0
2e4c6c65d84a60698ab4704a,1791424971,1,0000826675-26-000104,"1.01,7.01,9.01",1790367359,6.5,0,1
2e4ca41994b59a9a6912d940,1791511133,0,,,,,0,0
2e4fb60c25bab1579e8c9ef1,1791424971,1,0001086222-26-000089,"5.05,9.01",1790366670,0.5,0,1
2e50250033eb0b99e15e9384,1791424971,0,,,,,0,0
2e527f6cf6c2dab1715a20e5,1791424971,0,,,,,0,0
2e52d9f81380d542486323d2,1791424971,0,,,,,0,0
2e5381a8a974d7fb99cd60c9,1791424971,0,,,,,0,0
2e53b5a81d0f523631e18218,1791424971,0,,,,,0,0
2e59b068aeffee5db7cb772f,1791424971,0,,,,,0,0
2e5b08159c01db78456405a1,1791424971,0,,,,,0,0
2e5b35db93ad2285fdc6ffb1,1791424971,0,,,,,0,0
2e5b6ea259927d6c71d8bc4b,1791424971,0,,,,,0,0
2e5d6193123471049b1fee50,1791424971,0,,,,,0,0
2e67a69f60987450d3ce2236,1791511133,0,,,,,0,0
2e6eb17e17a5cd4ee726f1a1,1791424971,0,,,,,0,0
2e70091e233c292d07dae4c9,1791424971,0,,,,,0,0
2e71282813bf71da2c6b7fe3,1791424971,0,,,,,0,0
2e76e28ca96150a3424248ae,1791424971,0,,,,,0,0
2e779e27e8d1b0a79800701c,1791424971,0,,,,,0,0
2e7c67a61f6b871e73351b3f,1791424971,0,,,,,0,0
2e7c7bbc1d2ca4371a86d15d,1791424971,0,,,,,0,0
2e7f6e93191a57f71eb4b4f5,1791511133,0,,,,,0,0
2e8268af4e4329d53dffa72d,1791424971,0,,,,,0,0
2e830461247f7265a1badb08,1791424971,0,,,,,0,0
2e870d445d25c56602c4bbe4,1791424971,0,,,,,0,0
2e88b5b233d8e36e2efed982,1791424971,0,,,,,0,0
2e8908a2111470a709fefd7f,1791511133,0,,,,,0,0
2e9177c8775854151f0dcd38,1791424971,0,,,,,0,0
2e96ee66c3071fb03764e0a0,1791424971,0,,,,,0,0
2ea04619c0a418bbd276c8b2,1791424971,0,,,,,0,0
2ea2a0bd44bde2d2c741b7ba,1791424971,0,,,,,0,0
2ea2fab9378daacd89cf9396,1791424971,0,,,,,0,0
2ea466a75fea7326f5a9cb26,1791424971,0,,,,,0,0
2ea6b7be1b4d229e45200f14,1791424971,0,,,,,0,0
2eadee682b719c922a18ae1e,1791424971,0,,,,,0,0
2eb0e4afcd4276815e1196d0,1791511133,0,,,,,0,0
2eb255bbac34d731cc565c79,1791424971,0,,,,,0,0
2eba1264b89412a9d1e48618,1791511133,0,,,,,0,0
2ebbbf954def99091726a3bd,1791424971,0,,,,,0,0
2ebd2879db50c1c5e6c787db,1791511133,0,,,,,0,0
2ebe9c2e88d2ca7a05074403,1791424971,1,0000895126-26-000053,"5.02,8.01",1789588876,1.5,0,1
2ebf535cdf54c2de8cccad8d,1791511133,0,,,,,0,0
2ec42cc22c9a81ea07ec825f,1791424971,0,,,,,0,0
2ec58a53ec1d985c99df218e,1791424971,0,,,,,0,0
2ec89fedcdb3a018c7760637,1791424971,0,,,,,0,0
2eca69ed5d8aa8c0b0a95519,1791424971,0,,,,,0,0
2ece5a4cdb369009b876abe7,1791424971,0,,,,,0,0
2ecfa413ce1163acb7335258,1791511133,0,,,,,0,0
2ed3eed1f297396f4d09744f,1791511133,1,0001858681-26-000054,"2.02,7.01",1791232239,0.5,1,0
2ed69e5a4f2298730f757c62,1791424971,0,,,,,0,0
2eda014e3813771500178a99,1791424971,0,,,,,0,0
2ee3d0023601446e2078bf7f,1791424971,0,,,,,0,0
2ee4250ffac256e9e0489634,1791511133,0,,,,,0,0
2ee58c2e71f061fe0abfcb60,1791424971,0,,,,,0,0
2eea697a21746580ddba6544,1791424971,1,0000849399-26-000071,"7.01,9.01",1790626851,0.5,0,1
2eeb1864b09fabcaebd6e315,1791424971,0,,,,,0,0
2ef6178426919df01edf56c0,1791424971,0,,,,,0,0
2ef734911e8acabc42628464,1791511133,0,,,,,0,0
2ef98ae96607cfa4ca7d7727,1791511133,0,,,,,0,0
2efa9d8872253a6bc2d8d3f6,1791424971,0,,,,,0,0
2f00654fadddfc9c1e3a29e7,1791424971,0,,,,,0,0
2f007aea1472032ef0540171,1791424971,0,,,,,0,0
2f00ac713c80da0c75c54800,1791424971,0,,,,,0,0
2f050afcc1ea7c3fa62efe96,1791424971,0,,,,,0,0
2f13c1d62eae816e2bfc40ca,1791424971,0,,,,,0,0
2f1c46b99434018bdf670810,1791424971,0,,,,,0,0
2f1fb2d59e7dd882aa1163fb,1791424971,0,,,,,0,0
2f255131ab27beb08a54b1f0,1791424971,0,,,,,0,0
2f2a23afd7c95fe6c876044f,1791424971,0,,,,,0,0
2f2c23cab9c930d8d0b70be6,1791511133,0,,,,,0,0
2f3252c86d7e058e4a32b739,1791424971,0,,,,,0,0
2f3844b5bb863715ea38ed8e,1791424971,0,,,,,0,0
2f3dc116a2e33752f372987f,1791424971,0,,,,,0,0
2f3e237d9ab634d418de58a6,1791424971,0,,,,,0,0
2f40e8cffd540673356fd462,1791424971,0,,,,,0,0
2f42371b16730788b374af2e,1791424971,0,,,,,0,0
2f42f87647966998e46bd9a5,1791511133,0,,,,,0,0
2f4352cafe6335dd49b7fef2,1791424971,0,,,,,0,0
2f43a5025e3c763feba600a3,1791424971,0,,,,,0,0
2f43bcffda6fa54261ede450,1791424971,0,,,,,0,0
2f472b6d7ef37e4ee85bc1d4,1791424971,0,,,,,0,0
2f47344f38f1d4a6c1a9c697,1791424971,0,,,,,0,0
2f4bc03760a4960731e98c2a,1791424971,0,,,,,0,0
2f4bf35ba38b20a90e437d3d,1791424971,0,,,,,0,0
2f4d28b8bfb081b3e3d01dfd,1791424971,0,,,,,0,0
2f4e64ca46c41c31b910e1af,1791424971,0,,,,,0,0
2f503537d486f972ce203ef7,1791511133,0,,,,,0,0
2f51a3c3a1a2ffef6b97579d,1791424971,0,,,,,0,0
2f58d6238b9246886941398e,1791424971,0,,,,,0,0
2f5b513382986ee45ce619c2,1791424971,0,,,,,0,0
2f5ba5f2af8b70df53db9fb0,1791424971,0,,,,,0,0
2f5bf917671834971f034bfd,1791424971,0,,,,,0,0
2f5d7ec20f2e9c95e4fee904,1791424971,0,,,,,0,0
2f6322f2aed064181a6e4da1,1791424971,0,,,,,0,0
2f639d6dda1fdc25c0d84a19,1791424971,0,,,,,0,0
2f65227e0cb08854a4270821,1791424971,0,,,,,0,0
2f68fcc1a6fa268b5762676d,1791424971,0,,,,,0,0
2f69b4182460ef645a71c6ca,1791424971,0,,,,,0,0
2f7218b1626b3e48e67ca4d4,1791424971,0,,,,,0,0
2f74cdb2f459454de65cad9d,1791424971,0,,,,,0,0
2f75c244b909f80da6a94c7b,1791424971,0,,,,,0,0
2f78b4b4ddfd299e3bf532c5,1791424971,0,,,,,0,0
2f79a1dcd40767e1eb69f9cf,1791424971,0,,,,,0,0
2f7e0721db31d2d6d834a9ea,1791424971,0,,,,,0,0
2f81a05f061266f77e56275e,1791424971,0,,,,,0,0
2f82c934b33243289526f5fe,1791424971,0,,,,,0,0
2f84af4027f88a36bfa58586,1791424971,0,,,,,0,0
2f89fcc0070cb73d7a7379a3,1791424971,0,,,,,0,0
2f9a55e3c4e6a397b0aa5d3a,1791424971,0,,,,,0,0
2f9c8246bc62204dd5f1ca42,1791511133,0,,,,,0,0
2f9fd207be8f32ed9907f14c,1791424971,0,,,,,0,0
2fa0138550bf8ad259280d17,1791424971,0,,,,,0,0
2fa448b06a9d32c6aa62e60f,1791424971,0,,,,,0,0
2fa7743104ea1e8f68f146cf,1791424971,0,,,,,0,0
2fabca14401a8e46d14cbfef,1791424971,0,,,,,0,0
2facfa6d9f87467a5f64a579,1791424971,0,,,,,0,0
2fb0fac95686e1d79d959bc3,1791424971,0,,,,,0,0
2fb5b08a4aaff7fe2b043715,1791424971,0,,,,,0,0
2fbb1441a2368f63d3983dc2,1791424971,0,,,,,0,0
2fbecb3eb21e23c17b2b8519,1791424971,0,,,,,0,0
2fc2102bfc2281cb7bfbefc7,1791424971,0,,,,,0,0
2fd7a816d8c480a03b488a08,1791424971,0,,,,,0,0
2fd86a36ee168c2cc0f7d655,1791424971,0,,,,,0,0
2fde5574fe5d48322470897e,1791511133,0,,,,,0,0
2fde9c66d8b313a626b91d37,1791511133,0,,,,,0,0
2fdebf5ff8c13498a1f14558,1791511133,0,,,,,0,0
2fe4035736d243800b8d4681,1791424971,0,,,,,0,0
2fe4f2a86606739c98b3b9ba,1791511133,0,,,,,0,0
2fe8ec8b90cf19f883c0f9fd,1791424971,0,,,,,0,0
2feeb81bb17efc2533cced6d,1791424971,0,,,,,0,0
2fef3394f77fcc01e65e2e01,1791424971,0,,,,,0,0
2ff084d72271b3b72192cfa9,1791424971,1,0002071876-26-000221,1.01,1790371721,3.5,0,1
2ff0b16685f59d2e0efe478c,1791424971,0,,,,,0,0
2ff0d4290af5a4e572baf697,1791424971,1,0001104659-26-106344,"7.01,9.01",1788985401,0.5,0,1
2ff3cef8036082441f04ba61,1791424971,0,,,,,0,0
2ff7b750b437c03365bd8e63,1791424971,0,,,,,0,0
2ff987add717c7ca80f5d27a,1791424971,0,,,,,0,0
2ffcf0b339f594f20f202848,1791424971,0,,,,,0,0
2ffe5cb74486ddec72768ab8,1791424971,0,,,,,0,0
300697775ee921bd2d31b21c,1791424971,0,,,,,0,0
3007708a75bfb54176ff79e5,1791424971,0,,,,,0,0
300b23c2a234c4e81aa1c450,1791424971,0,,,,,0,0
300fecb4121cd00eef6aea7a,1791424971,0,,,,,0,0
301003b866ea54a5aab31158,1791424971,0,,,,,0,0
30110dbdd7c2f396edc47fc9,1791511133,0,,,,,0,0
3018d89ff1543c7f2a71d333,1791424971,0,,,,,0,0
302471e59a24165e54e14d8d,1791424971,0,,,,,0,0
3027ea627ec17348c9e77142,1791424971,0,,,,,0,0
3028b9a4f6433a7cee2da526,1791511133,0,,,,,0,0
302a60bdcf573c747011c5b7,1791424971,0,,,,,0,0
304247a9d0938146d2c35ed1,1791424971,0,,,,,0,0
304d06ec00467f3c16edc622,1791424971,1,0001628280-26-062535,"8.01,9.01",1789677592,6.5,0,1
304dea0e97aa52dd66b089e1,1791424971,0,,,,,0,0
3051fa8b7e90e4bbd031666d,1791424971,0,,,,,0,0
30525db86c3d55808b208e7e,1791424971,0,,,,,0,0
30528ba402b4c0f810eb052d,1791424971,0,,,,,0,0
3054fcc1c4855bf274eb2c26,1791424971,0,,,,,0,0
3055d4bc52ce18f6f24efa30,1791424971,0,,,,,0,0
30599a3eb5354ffa49721951,1791424971,0,,,,,0,0
305aaeb2eb220033d6c0dae1,1791424971,0,,,,,0,0
305b44004df399ef2414e496,1791511133,0,,,,,0,0
305e925a0c45d648f0205eed,1791424971,0,,,,,0,0
306a405421d7169fa0657c49,1791424971,0,,,,,0,0
306b146b0fbabf65fbda7241,1791424971,0,,,,,0,0
306ed491993e67e38574c710,1791511133,0,,,,,0,0
307408b47b0f046bc1074926,1791424971,0,,,,,0,0
307ab170f9a4916fe16f2968,1791424971,0,,,,,0,0
308023124b9ca9e114493071,1791424971,0,,,,,0,0
308da7decfef05bf3bf8cc26,1791424971,0,,,,,0,0
308e8c814558b6aa8ed1340d,1791424971,0,,,,,0,0
3090afd55a1a2545aee3a049,1791511133,0,,,,,0,0
309183d72502a7909c167c66,1791424971,0,,,,,0,0
30a373ac17fcaee8e10e059b,1791424971,0,,,,,0,0
30a77192c19eb71700c90b10,1791424971,0,,,,,0,0
30ac8d69c516998b5559272e,1791424971,0,,,,,0,0
30b7e9c9874020fc2d43734c,1791424971,0,,,,,0,0
30b882e6e54cfcce8c1a9388,1791424971,0,,,,,0,0
30ba4befeab9278b92f056eb,1791424971,0,,,,,0,0
30ba58b83fc7ff586200b2d7,1791424971,0,,,,,0,0
30ba5e90dcc41db914485060,1791424971,0,,,,,0,0
30cafef7c589711e720dfd0e,1791511133,0,,,,,0,0
30cfcf301088c228004dcaab,1791511133,0,,,,,0,0
30d221e17b17286f41bbcbc7,1791424971,0,,,,,0,0
30d44da4cc9a61c939fea5e3,1791511133,0,,,,,0,0
30d6e2009560415cb3b47a9a,1791424971,0,,,,,0,0
30e830e0381613c5ea4ccaf8,1791424971,0,,,,,0,0
30ea7cd04666ea4ad1def1ee,1791424971,1,0001193125-26-394533,"8.01,9.01",1789680066,4.5,0,1
30ee4ea3fa2d36b3ff2cc19b,1791424971,0,,,,,0,0
30ef387061960183611ad31d,1791424971,0,,,,,0,0
30f1bf927217479f207b66bd,1791424971,0,,,,,0,0
30f3e8f663b53ffb5e49f296,1791424971,1,0000936340-26-000159,"7.01,9.01",1790626720,0.5,0,1
30fe560010fca5e5d4da4884,1791424971,0,,,,,0,0
3104bcd1d160d80981f7ede8,1791424971,0,,,,,0,0
31058f48601ac4fb6ec82645,1791424971,0,,,,,0,0
3106f7502f4c043c615df308,1791424971,0,,,,,0,0
31084d40fccb4bc82ca44610,1791511133,0,,,,,0,0
310b7aad6e5c6484d6c5845c,1791424971,1,0001193125-26-401093,"7.01,9.01",1790281848,3.5,0,1
310cf5d05257a9e5454b4ca2,1791424971,0,,,,,0,0
31126bbcdf3f8b3216007188,1791511133,1,0000016918-26-000039,"2.02,7.01,9.01",1791317934,5.5,1,0
3112e2c732d9b3d2a1039545,1791424971,0,,,,,0,0
31154371412178d37725accc,1791424971,0,,,,,0,0
3117a526ebbc082e0a3aac95,1791511133,0,,,,,0,0
312830a1fbaeb92246e1096d,1791424971,0,,,,,0,0
312d96e408f5197865aaa528,1791424971,0,,,,,0,0
313486da15eb75ccd157ca0f,1791424971,0,,,,,0,0
313a0bb43b4e6fb42b091592,1791424971,0,,,,,0,0
313ecbd7209e02b8506f0d28,1791424971,0,,,,,0,0
31464e1c840060a39f1f8d7a,1791424971,1,0001628280-26-063890,"2.02,9.01",1790767936,0.5,1,0
3146d39ed3d44e4f77983f73,1791424971,1,0000726958-26-000084,"2.02,5.07,9.01",1788899389,0.5,1,0
31476b0f35762154e1ecceb3,1791424971,0,,,,,0,0
314836d9b4515ba9a6845e19,1791424971,0,,,,,0,0
315311912e296402b64d2be2,1791424971,0,,,,,0,0
3153b23d57a047c81a993a6d,1791511133,0,,,,,0,0
31548c7d81d515733f89ada8,1791424971,0,,,,,0,0
31550311844cf5b1081a3c99,1791424971,1,0001587732-26-000044,"7.01,9.01",1790368046,0.5,0,1
3155123516dbee21b186a092,1791424971,0,,,,,0,0
315ba6b717074bc193910bfa,1791424971,0,,,,,0,0
31639b74d89956c17403ced3,1791424971,0,,,,,0,0
3165b61ea191ab9e64ba79cc,1791424971,0,,,,,0,0
3167065a21fcc7b7791d233c,1791424971,0,,,,,0,0
31688ff3d3e7e7b122278ea0,1791424971,0,,,,,0,0
316d80182b06a9b49dd19669,1791511133,0,,,,,0,0
316e1607a7c75e38667db99b,1791424971,0,,,,,0,0
316f8519bc0e29e3fa5b95f5,1791511133,0,,,,,0,0
31740782ae0b195b08bcff79,1791424971,0,,,,,0,0
317df68663a711ebe7c7e9c9,1791511133,0,,,,,0,0
3186c6f46246fb9242abd445,1791424971,0,,,,,0,0
318b2897f909e1ff2ca9f5bd,1791424971,0,,,,,0,0
318b5d3ac024a67726ce68a5,1791424971,0,,,,,0,0
318bc66e4f98d948e48a8a9a,1791424971,0,,,,,0,0
318c9e479e0f967deee7d4e5,1791424971,0,,,,,0,0
31973fab992ef80a444a4ec0,1791511133,0,,,,,0,0
319994cfb43a7c6644cbf756,1791424971,0,,,,,0,0
319ada01059c4572ae315e0e,1791511133,1,0001628280-26-065292,"2.05,2.06,9.01",1791374472,5.5,0,1
319d7bc97986e73d76ecf617,1791424971,0,,,,,0,0
319f1c74de8f7a3581105599,1791424971,0,,,,,0,0
31a42336bf4956f607cf3fa0,1791424971,0,,,,,0,0
31a56f0ffb160246f14ce637,1791424971,0,,,,,0,0
31a83907f0ad42a2924df861,1791511133,0,,,,,0,0
31a8cf559e8e31c9ee514190,1791511133,0,,,,,0,0
31ac9e5bf2133e2274fa3edf,1791511133,0,,,,,0,0
31ad2a0f19e2f9a23967f333,1791424971,0,,,,,0,0
31b5383aa3cd2e3ed2c01bff,1791424971,0,,,,,0,0
31b572cf266a5fd2deb91977,1791511133,0,,,,,0,0
31b640b3360c04dd4abb2634,1791424971,0,,,,,0,0
31b8c366fc186339cd9d8ae4,1791424971,0,,,,,0,0
31bbc0a7be3f8f74fd9d0ac8,1791424971,0,,,,,0,0
31c463e295b0696e07b13078,1791424971,0,,,,,0,0
31c5c571f7d320774be1da8b,1791424971,0,,,,,0,0
31c65a659fbee15e9ac9f176,1791424971,0,,,,,0,0
31c824bd96326e005e907ca8,1791424971,0,,,,,0,0
31c9cd96f0667634c5eac252,1791511133,0,,,,,0,0
31cba02ad318b6bcdd91acec,1791424971,0,,,,,0,0
31d12b44028fb54c82cc6920,1791424971,0,,,,,0,0
31d463cff3f80350f51cf239,1791424971,0,,,,,0,0
31d4f0d1a8a5fee76925b483,1791424971,0,,,,,0,0
31d758e0c7c2d7b4788b3ef5,1791511133,0,,,,,0,0
31d94ec02214c91fcb01be67,1791511133,0,,,,,0,0
31d99e20655d2fa1d725536c,1791424971,0,,,,,0,0
31db22967afcdb2269999362,1791424971,0,,,,,0,0
31de03ae281f09238b85aa1b,1791424971,0,,,,,0,0
31e079eaba2d0c23dce0e9c9,1791424971,0,,,,,0,0
31e21476de525866dee88bd0,1791424971,0,,,,,0,0
31e3d09e3d55467f3f464fe1,1791424971,0,,,,,0,0
31e57b7bd9ab9d37c3e25308,1791424971,0,,,,,0,0
31effb3899557064c0fb9d96,1791424971,0,,,,,0,0
31f32368fe31c83318dfc665,1791424971,0,,,,,0,0
31f94a6124709597e4d35787,1791424971,0,,,,,0,0
31fc374883a11c5c6ccec260,1791424971,0,,,,,0,0
32002ee5ab83791f596a8c17,1791424971,0,,,,,0,0
3201a1a6ecc4d971c91b5763,1791424971,0,,,,,0,0
320d51f2cf824c7d0fe16abb,1791424971,0,,,,,0,0
321041ac5cc22638304bbb58,1791424971,0,,,,,0,0
321113a22ed659fadcaaba2d,1791424971,0,,,,,0,0
321129a2014fc571e833df9c,1791424971,0,,,,,0,0
32144cacccba7c53910e52c3,1791511133,0,,,,,0,0
32154e15c07a40985f147361,1791424971,0,,,,,0,0
3216325a687f10aa2a3d2ef8,1791511133,0,,,,,0,0
3216979a563fe70297059ac9,1791424971,0,,,,,0,0
3216c78bbe02208793377590,1791424971,0,,,,,0,0
3217f13e3faa28883fb7939f,1791424971,0,,,,,0,0
321a08cc94d8be42bc155d8f,1791424971,0,,,,,0,0
3229efdcb96e65c3ae22c9f5,1791511133,0,,,,,0,0
322dedd532618ae6c1590a87,1791424971,0,,,,,0,0
32309a7fff89be9df95af358,1791424971,0,,,,,0,0
3232701da52b6ed918f91fa5,1791424971,0,,,,,0,0
32338fe2baa3fa6ad1447579,1791424971,0,,,,,0,0
3234d36c87ea6c4246d4bf3c,1791424971,0,,,,,0,0
323db02bd3afd7851b32fc11,1791511133,0,,,,,0,0
32404e7f2988ba24a1a907d3,1791424971,0,,,,,0,0
3240ec001d357f7afec7901b,1791424971,0,,,,,0,0
3241d61edf658272453866ab,1791424971,0,,,,,0,0
3246c2b143fec6b68a6497ef,1791424971,0,,,,,0,0
32473667efc7fae44f152bdd,1791424971,0,,,,,0,0
325133f34a781173e52c72b7,1791511133,0,,,,,0,0
32558d39314f389f88cb7fed,1791511133,0,,,,,0,0
3255c81440de43d173241a37,1791424971,0,,,,,0,0
325c1f9d6928d1981a8f1682,1791424971,0,,,,,0,0
325f15122a128dc1ed8759cb,1791424971,0,,,,,0,0
32614d03bd8d765fd116e3c2,1791424971,1,0001174922-26-000057,"7.01,9.01",1788206750,5.5,0,1
326483936f48f531ee3f9645,1791424971,1,0001193125-26-394533,"8.01,9.01",1789680066,7.0,0,1
32660c0e0130244093f342cb,1791424971,0,,,,,0,0
326edd4de7302fef0df817b0,1791424971,0,,,,,0,0
327596bbd4a615d96d573091,1791424971,0,,,,,0,0
327dfa5ece7074fc7c2399ca,1791424971,0,,,,,0,0
3283bb35af2a47f41aa2b45f,1791424971,0,,,,,0,0
32840c88e1db0c096795532c,1791424971,1,0001728951-26-000064,"7.01,9.01",1789590971,2.5,0,1
3286ea168d66549bd41682ae,1791424971,0,,,,,0,0
328ac714cba4eab03ef421e1,1791424971,0,,,,,0,0
328e1edcc1dd7888280d8aef,1791424971,0,,,,,0,0
3298f11c563bf4d9226b0da3,1791424971,0,,,,,0,0
329c3ccf86a99d5faf381756,1791424971,0,,,,,0,0
32a0cc5dae547d1702af7baa,1791511133,0,,,,,0,0
32a3fbe52fc7dbddaa1bba44,1791424971,0,,,,,0,0
32a5f218a2fe4ca1db4b4c7c,1791424971,0,,,,,0,0
32aa80ad4100b9c45430f3c2,1791424971,0,,,,,0,0
32ab9d65434771137579f5c3,1791424971,0,,,,,0,0
32ad038605ff12caeeb87639,1791424971,0,,,,,0,0
32b0e8420b9c917ed2ee4feb,1791424971,0,,,,,0,0
32b8c81c8ba72921fd302f4a,1791424971,0,,,,,0,0
32bbe991ee3ff8ecf8adf8ba,1791511133,0,,,,,0,0
32bd9d352c3bb19945263326,1791424971,0,,,,,0,0
32c191da10928aea9c775d29,1791424971,0,,,,,0,0
32cbb73f2e39c9681a9fba0a,1791424971,0,,,,,0,0
32d7dd6b143c7c3c04f13c8e,1791511133,0,,,,,0,0
32d9cdd323fff084ea74e3ca,1791424971,0,,,,,0,0
32e04cc067e1ae00dfaeeb0b,1791424971,0,,,,,0,0
32e8961e5280f2020b7b2655,1791424971,0,,,,,0,0
32ec76a393cdb12895e40c0c,1791424971,0,,,,,0,0
32efaed4d717c22e9090640d,1791424971,0,,,,,0,0
32f01bbbb31a87583bc94112,1791424971,0,,,,,0,0
32f18cd91f991bcf9a45a5ab,1791424971,0,,,,,0,0
32f683b6e7eef5bc84222d28,1791424971,0,,,,,0,0
32fbb46423dfda86def1b89c,1791511133,0,,,,,0,0
33082e74671af4454f960760,1791424971,0,,,,,0,0
33083b7cb68dcbba1e84bbd0,1791424971,0,,,,,0,0
330b2ea59cfd2c9c06c4aa3e,1791511133,0,,,,,0,0
330c1cb638760df6ed8d4b0b,1791424971,0,,,,,0,0
330d0025a0f03323a65cf70a,1791424971,0,,,,,0,0
33120600db5c2ed3f1aebe38,1791424971,0,,,,,0,0
331a04922bcb435cce2e1d9e,1791424971,0,,,,,0,0
331ae16b2c46db7d4787c272,1791424971,0,,,,,0,0
331e0a12d677f436339f5050,1791511133,0,,,,,0,0
3327610027dee388c38c66f1,1791511133,0,,,,,0,0
33297153b637d987bd46e51b,1791511133,0,,,,,0,0
3330f09150e77b7c998049dd,1791424971,0,,,,,0,0
333bc29a94af30662116ba3d,1791424971,0,,,,,0,0
333ca41f18735cc1fa089b54,1791424971,0,,,,,0,0
333f498dccd0b37c414632cd,1791424971,0,,,,,0,0
33433cfe1bc0a2b89fdcdc0c,1791424971,0,,,,,0,0
334354baefc855e352019b2a,1791424971,0,,,,,0,0
3345f9fdf09c74846f16032e,1791424971,0,,,,,0,0
3347e33e51707f6813223d1b,1791424971,0,,,,,0,0
3349543f039db50b019229e8,1791424971,0,,,,,0,0
334dc04198d17876b76d44e6,1791424971,0,,,,,0,0
3356b4d8d27f6116d3d3a341,1791424971,0,,,,,0,0
3358761b2451e35f5a041c32,1791424971,0,,,,,0,0
335ca3cb1c9d1fc8af95bb65,1791424971,0,,,,,0,0
335fb08eff8d43d5315042ed,1791424971,1,0001213900-26-098402,"5.02,5.07",1788985043,7.0,0,1
33633e8a3c96ca47ea96b247,1791424971,0,,,,,0,0
33642845683be66b1b22842b,1791424971,0,,,,,0,0
336479ff21096fb48c262f72,1791424971,1,0001100682-26-000142,"7.01,9.01",1790251930,5.5,0,1
336678b576a130ae0572a340,1791424971,0,,,,,0,0
3366c931cca1644e727638d4,1791424971,0,,,,,0,0
3368d58660315fa0011dbd5b,1791424971,0,,,,,0,0
336937cd86e5e09d89c9c82c,1791511133,0,,,,,0,0
33694c2af9a32c3a6a6c70fc,1791424971,0,,,,,0,0
3369c25fb12005be2cf72a01,1791424971,0,,,,,0,0
336f96a1af3c259e94394c40,1791424971,0,,,,,0,0
3376e2c75c2c99abee52acce,1791424971,0,,,,,0,0
337795ed00c2d64030112aa9,1791424971,0,,,,,0,0
337c38d8059b0f993877da8f,1791424971,0,,,,,0,0
337de0d016d492c996dec52b,1791424971,0,,,,,0,0
337fd955cb7aac1d57a9faf8,1791424971,0,,,,,0,0
3380b3ae6c2814fcd7cf55a8,1791424971,0,,,,,0,0
3380c6f53dc1e5b5b40d0b9d,1791424971,0,,,,,0,0
3382149b730cbad5fa12bc31,1791424971,0,,,,,0,0
3383ee82a397c8449d7e2b90,1791424971,0,,,,,0,0
3385bda984c53b3e31a673e8,1791424971,1,0001428336-26-000045,"5.02,7.01",1790773336,7.0,0,1
338adc199ac9ff583dd1e2ab,1791424971,0,,,,,0,0
339020d5df90511088f72145,1791424971,0,,,,,0,0
3390346e5743dd4b03fa8178,1791424971,0,,,,,0,0
33941da07fbb0319ef1a90e4,1791424971,0,,,,,0,0
3394fded2ca9808fafaddc2a,1791424971,1,0001477932-26-005971,7.01,1790935262,13.0,0,1
3397dce97b185fee3c19315b,1791424971,0,,,,,0,0
33995ac352488738e3384916,1791424971,1,0001104659-26-112420,"8.01,9.01",1790803628,5.5,0,1
339b01c6ab004cc2680af673,1791424971,0,,,,,0,0
339f02e7fba2819a8d1c3922,1791424971,0,,,,,0,0
33a1bbc8637f6a0e66f495a5,1791424971,0,,,,,0,0
33b11c51c10db37302e1502b,1791424971,0,,,,,0,0
33b73b49b561de18d9b88075,1791424971,0,,,,,0,0
33b9f634263f6af6430778a4,1791424971,0,,,,,0,0
33ba3f10af60961eb1a02c0b,1791424971,0,,,,,0,0
33ba6d9070fcc3d10af6c94c,1791424971,0,,,,,0,0
33bbbb4816e4bf5e6be3c274,1791424971,0,,,,,0,0
33bf7b7414f5365be5457535,1791424971,0,,,,,0,0
33c2cfbc9159ca19504c65bc,1791424971,0,,,,,0,0
33c785c175f990c60116c6e7,1791424971,0,,,,,0,0
33ce26bddeb95136c758188d,1791424971,0,,,,,0,0
33d2eb1f009b016673502114,1791424971,0,,,,,0,0
33d4c644506fddcc9e7f9dd1,1791424971,0,,,,,0,0
33e0aa59dddf420d0deb9696,1791424971,0,,,,,0,0
33e49c9fa45223983957dfc8,1791424971,0,,,,,0,0
33e8d8af1c925047564bf790,1791424971,0,,,,,0,0
33ea5e0729ca2c71f248350a,1791424971,0,,,,,0,0
33ed644fe61bacefde03e8db,1791424971,0,,,,,0,0
33eee1e3dc2e349b78c73693,1791424971,0,,,,,0,0
33effed7255040e33a189bbe,1791424971,0,,,,,0,0
33f3ea271229f12532d544f0,1791424971,0,,,,,0,0
33fc12ad5188c4ad4c980a16,1791424971,0,,,,,0,0
33fd2d541bb3a40cedcb514f,1791424971,0,,,,,0,0
34027b707a1e72c4428b6392,1791511133,0,,,,,0,0
3402d2086014052fa971bcbd,1791424971,0,,,,,0,0
34036169e3e8b93cf66208d2,1791424971,0,,,,,0,0
34048f9aec0b5236f41ad4c6,1791511133,0,,,,,0,0
34078cb8dfef79cbf45f1b4c,1791424971,1,0001628280-26-061217,"2.02,9.01",1789037849,0.5,1,0
340c1d65ea98c9ac2ac7e203,1791424971,0,,,,,0,0
341580d3556ce4eca97e796b,1791511133,0,,,,,0,0
341976ecc06d9fb29abf9326,1791424971,0,,,,,0,0
341d823f896716613bd5be05,1791424971,0,,,,,0,0
3421cb18aeb7a0dd6080d334,1791511133,0,,,,,0,0
3427b7fb1dbbd21c43ead5a2,1791511133,0,,,,,0,0
342ad689acfef5dcd87721bf,1791511133,0,,,,,0,0
343646bf58e5fcdec5f41979,1791424971,0,,,,,0,0
34365a15f27b02aff4259dd8,1791424971,0,,,,,0,0
343753cafae16dec80ab5e55,1791424971,0,,,,,0,0
3437851be9092b48d8a2076f,1791424971,0,,,,,0,0
3438f9931e1a79e282e0a675,1791424971,0,,,,,0,0
343bbd0fdac4f4100e795754,1791424971,0,,,,,0,0
343d694e98bb8fcddf7f2f8c,1791511133,0,,,,,0,0
343db8627de1506128cafc52,1791424971,0,,,,,0,0
3441e98eb319926c05c89be1,1791424971,0,,,,,0,0
34444d056ba91754036f1ec6,1791424971,0,,,,,0,0
3445f7baf97b0c54d6caea41,1791424971,0,,,,,0,0
344970f4ee63cc22f5469e9a,1791511133,0,,,,,0,0
344a1b9e3690f6f171db7589,1791424971,0,,,,,0,0
344c52745a7e215c5b32abb6,1791424971,0,,,,,0,0
34590527648b425143a9c227,1791424971,0,,,,,0,0
345c9be2963f84b8a5bddbf3,1791511133,0,,,,,0,0
345ee70b48e84e9faa4dddb6,1791511133,0,,,,,0,0
3461cef043c509bd130e1f55,1791424971,0,,,,,0,0
3465f4cc3fe371e5faa6ada0,1791424971,1,0000049196-26-000079,"8.01,9.01",1789761967,13.0,0,1
3466a56ec27ee0fc1548d06e,1791511133,0,,,,,0,0
3468360441ec2b437a6bbfe0,1791424971,0,,,,,0,0
346f0b8f000f9a19808f48e8,1791424971,0,,,,,0,0
34740695602cd7d654034a99,1791424971,0,,,,,0,0
347471f2c269d7f4c79cac34,1791424971,0,,,,,0,0
347861c7ebfc8420b72e8820,1791424971,0,,,,,0,0
3479b8cb150c3b6a38b13089,1791424971,0,,,,,0,0
347c3b18a549c98f575b97d4,1791424971,0,,,,,0,0
347d5d6f453837aef377e878,1791424971,0,,,,,0,0
347ea7cd335a9fda1feb7981,1791424971,0,,,,,0,0
3481455f52b5c7176154b605,1791424971,0,,,,,0,0
3482eb54b3343f6f050993d9,1791424971,1,0001193125-26-386510,"2.02,9.01",1788985817,1.5,1,0
3488b1b393e80580f70671ae,1791424971,0,,,,,0,0
348b86b54213ef326cf55caa,1791424971,0,,,,,0,0
34900dec930ed2a07719987b,1791424971,0,,,,,0,0
349496b71d3777f3eb8f0e71,1791424971,0,,,,,0,0
349855a588ed2a232ca402fc,1791424971,0,,,,,0,0
349a6b4f7aa6aedd6a426103,1791424971,0,,,,,0,0
34a2989392fe0d4d8df69bc7,1791424971,0,,,,,0,0
34a3b707d81795cbdaea66aa,1791424971,0,,,,,0,0
34a7ec2ff8794c67be7819fb,1791424971,0,,,,,0,0
34a9e1345bd15cf512f41f5e,1791424971,0,,,,,0,0
34a9ebd8c06cf3174f1fcc6d,1791424971,0,,,,,0,0
34aaeedd5d7110fb31a464f0,1791424971,0,,,,,0,0
34ab00037885d6f0ae28690a,1791424971,0,,,,,0,0
34ac1faf3208d4ab75129a4c,1791424971,0,,,,,0,0
34afd0162b70a6533597671c,1791424971,0,,,,,0,0
34b0e2ed2cbc5183b7d7ace8,1791511133,0,,,,,0,0
34b0ee425c95ecc84d4f3780,1791424971,0,,,,,0,0
34b20d36fbcb1700ac462e87,1791424971,0,,,,,0,0
34b81b11ce695a9f2ea6c95b,1791424971,0,,,,,0,0
34b974f1b95c462bb368e3e9,1791424971,0,,,,,0,0
34bb72ab2e99629374cc390b,1791424971,0,,,,,0,0
34bd415597bcb318edab268b,1791424971,0,,,,,0,0
34bfe18acfd96da01e51ad5b,1791424971,1,0001193125-26-397219,"8.01,9.01",1790075179,1.5,0,1
34c0f3d6df38ffd0d54f991d,1791424971,0,,,,,0,0
34c2b573d76b0c583e26ffe8,1791424971,0,,,,,0,0
34c96ef0264ff483c0aaed6f,1791424971,0,,,,,0,0
34c9de3a7f6c4f39e2333308,1791424971,0,,,,,0,0
34d0f89602f75c390eb7fd6e,1791511133,0,,,,,0,0
34d819c6a3c824fef5721f08,1791424971,0,,,,,0,0
34daa6bde67d2894923d8e89,1791424971,0,,,,,0,0
34db1bcf1e60e088515139fa,1791424971,0,,,,,0,0
34e1b39763cfd46266cc2fb1,1791424971,0,,,,,0,0
34f4c4cd8b7e20fa63fee84d,1791424971,0,,,,,0,0
34fbb4fedd8a7acd0e8c10ce,1791424971,0,,,,,0,0
34fc90f46a325e7c4a612fa9,1791424971,0,,,,,0,0
35041dc555769f1e5b0f74e6,1791424971,0,,,,,0,0
3505fda9cec9d05993da8f74,1791424971,0,,,,,0,0
35095ac14916e6e8be1f3936,1791424971,0,,,,,0,0
3509dd14529f374a80a17138,1791424971,0,,,,,0,0
350ca0278623abd9c732785f,1791424971,0,,,,,0,0
350dd73946b461c0088c1836,1791424971,0,,,,,0,0
351756366958a0f55ffc933f,1791424971,1,0001628280-26-060438,"2.02,9.01",1788466223,0.5,1,0
351cc2e304c096c095a09268,1791511133,0,,,,,0,0
351cfb5e25f7e2f452e16db8,1791424971,0,,,,,0,0
35203673a80b65ebb81884e0,1791424971,0,,,,,0,0
3522d2536291f3f1edd4fbb4,1791424971,0,,,,,0,0
35234194ec3b74c62598710a,1791424971,0,,,,,0,0
35270c53909fa5c3edc5e39b,1791424971,0,,,,,0,0
352eef912c7c1bdd09233e3b,1791511133,0,,,,,0,0
352efcb83e312e9b642a17fb,1791424971,0,,,,,0,0
352fa08e0a407e609d12ab8c,1791424971,0,,,,,0,0
3531e73a3bfe53a4257bed4c,1791424971,0,,,,,0,0
3533cd62b2b44afe16e6a318,1791424971,0,,,,,0,0
35365fa8db135a3470d1aafa,1791424971,0,,,,,0,0
35376676c8f5543e77b757f0,1791424971,0,,,,,0,0
3542a49861ed9bb8014ce9d0,1791424971,0,,,,,0,0
3545537c0449ff0790a92ebd,1791424971,0,,,,,0,0
3549db4c995508dc2b7d13a0,1791511133,1,0001193125-26-415015,"2.01,7.01,9.01",1791292458,0.5,0,1
354b85c1eb0f944d3a971805,1791424971,0,,,,,0,0
354be1c9789ab6f0f2efb305,1791424971,0,,,,,0,0
354d99047c866d1c077116aa,1791424971,0,,,,,0,0
3554c254eccbb0bd669d4d87,1791511133,0,,,,,0,0
355585739407f101e8a5e12c,1791424971,0,,,,,0,0
35590082396e5b9568a1a8f5,1791424971,0,,,,,0,0
3559e82659bec7df8ad205c8,1791424971,0,,,,,0,0
355b68a75697551b5353f78d,1791424971,0,,,,,0,0
355d626f430d0d2a17d6e12b,1791424971,0,,,,,0,0
3565b8b41c968c3f950628f2,1791511133,0,,,,,0,0
356ef21a84cc69b716fa14f7,1791424971,0,,,,,0,0
356f38ebe5ef38f229f632b0,1791424971,1,0001104659-26-111917,"5.02,9.01",1790712114,0.5,1,1
3576d5a66163a8f887094672,1791424971,0,,,,,0,0
357a6db229774f1a6ada23db,1791424971,1,0002071876-26-000219,1.01,1790371678,11.0,0,1
357d53d0bd5916d70fd39980,1791511133,0,,,,,0,0
357da0cd9ef8caa68359cf87,1791511133,0,,,,,0,0
357ea9ce07679bc23e8c5bf6,1791424971,0,,,,,0,0
35805c057aa8420651b3b965,1791511133,0,,,,,0,0
3582d89923f6e69816be7eca,1791424971,0,,,,,0,0
3582dbbe370d9f8aadfd779d,1791424971,0,,,,,0,0
35850cab200861f440e7e2b7,1791424971,0,,,,,0,0
35866a93e9648beb2574afb4,1791424971,1,0000849399-26-000071,"7.01,9.01",1790626851,6.5,0,1
358d6a0a8283e505b2232b26,1791424971,0,,,,,0,0
358ead8d2fbe08013bf6f073,1791424971,0,,,,,0,0
3591117355ddba282874574b,1791424971,0,,,,,0,0
359c161464fc76bba58b7d2d,1791424971,0,,,,,0,0
359dc2c2b7b37c49ef612bfe,1791424971,0,,,,,0,0
359fda499d93c207ce1133d8,1791424971,0,,,,,0,0
35a24bc6a77ebc76bec78e97,1791424971,0,,,,,0,0
35a604399cc5197f12d55784,1791511133,0,,,,,0,0
35a64bf93604e89859961c78,1791424971,0,,,,,0,0
35aab4de57b62d36059df223,1791424971,0,,,,,0,0
35b33d384ed20c5b09e684e1,1791424971,0,,,,,0,0
35b87829b23d64b3250a0410,1791511133,0,,,,,0,0
35bf942267729f1ab05d21dd,1791424971,0,,,,,0,0
35bf9f894a7b80ec62b49d57,1791424971,0,,,,,0,0
35c03f790aa8c85bae349618,1791424971,0,,,,,0,0
35c1a0d3ed0a35c133337e83,1791424971,0,,,,,0,0
35cc0cc1ee33725f3ca55ff7,1791424971,0,,,,,0,0
35d019beb2a46af93d59fd0f,1791424971,0,,,,,0,0
35d02ce76b06a46c082de242,1791424971,0,,,,,0,0
35d07c48f6b1653971d2e934,1791424971,0,,,,,0,0
35d76282e6a48cbab1ccc7f4,1791424971,0,,,,,0,0
35de2ae006b25ec674d610ea,1791424971,0,,,,,0,0
35de6032e9fff0a5a860d1f8,1791511133,0,,,,,0,0
35e125d81879ff241c681459,1791424971,0,,,,,0,0
35e7f95355755061af2eb9b0,1791424971,0,,,,,0,0
35f3dd3c9946fbb181c65e86,1791424971,0,,,,,0,0
35f57b385bb636070f2cfab8,1791424971,1,0001193125-26-392188,"7.01,9.01",1789509480,6.5,0,1
35fa913cd593ef11d5dbdc4f,1791424971,0,,,,,0,0
35fb0c32bebd8a0c5634fdac,1791424971,0,,,,,0,0
35fe6742fc811c252f639dfe,1791424971,0,,,,,0,0
35feacd9d32397070faa545c,1791424971,0,,,,,0,0
360c2b283df146d95353842a,1791424971,0,,,,,0,0
361a7c3b5f7f309a943e91f2,1791511133,0,,,,,0,0
361aa4eb8ac7596537c34b1e,1791424971,0,,,,,0,0
361b0fab927f6d42d01f8317,1791511133,0,,,,,0,0
361d1c714ecbc9acfa40a3e6,1791424971,0,,,,,0,0
361f6b35e395b797e11008b9,1791424971,0,,,,,0,0
36235a9de24b07c032da7bb6,1791424971,0,,,,,0,0
3623fc8bf3ccd46ae852a4bb,1791424971,0,,,,,0,0
36270786a07f445ac002e14f,1791424971,0,,,,,0,0
36309dd3db746ef754da4dba,1791424971,0,,,,,0,0
36315d04024ee7936fad008d,1791424971,1,0001660280-26-000039,"1.01,1.02,2.03,3.02,8.01,9.01",1789503792,7.0,0,1
3631691f73396a076044d1a2,1791424971,1,0001562762-26-000117,"5.07,9.01",1790971212,12.0,0,0
36336e2c7efc721356a9758c,1791424971,0,,,,,0,0
36374ee15100120e0e6b1e6d,1791424971,0,,,,,0,0
3638326fe34265eda07081cf,1791424971,0,,,,,0,0
363d869b4ce7648dc32e2618,1791424971,1,0000887343-26-000181,"7.01,9.01",1790802429,8.0,0,1
36403a10c06d3116bd1e43d7,1791424971,0,,,,,0,0
36496698ede6a2b77edcbe3c,1791424971,0,,,,,0,0
364adfc2f260c7f06a6cd021,1791424971,0,,,,,0,0
364ba31dec667a038411e56d,1791424971,0,,,,,0,0
3650024c16a6d6a9f873c73e,1791424971,0,,,,,0,0
36504817b270aa63357ff9f1,1791424971,0,,,,,0,0
3654e1812f7325c8cf7f76d9,1791424971,0,,,,,0,0
3656f2cf3aabd6dde7cedb4a,1791424971,0,,,,,0,0
36585dd1ea70dbecbea593b8,1791424971,0,,,,,0,0
36587d6bd83441c36b5166ee,1791424971,0,,,,,0,0
366b5cb1d04824660befa3fb,1791424971,0,,,,,0,0
366d94041c4f90f26f64c392,1791511133,0,,,,,0,0
366f09b36888d1487d3d0f7d,1791511133,0,,,,,0,0
367edac54a929acf141f9e62,1791424971,0,,,,,0,0
367f727205fdcd27abc8fde6,1791424971,0,,,,,0,0
3680714ac362a02da23cd538,1791424971,0,,,,,0,0
36821ec208312efe926f1eaf,1791424971,0,,,,,0,0
36870f82343128822a455444,1791424971,0,,,,,0,0
368ad5097031b532b2969c08,1791424971,0,,,,,0,0
369031a2f22437757d1211eb,1791424971,0,,,,,0,0
369e1f29e9a7de8841e1055f,1791424971,0,,,,,0,0
369f6e211b7f2f8579c7a056,1791424971,0,,,,,0,0
36a4bf11d486d63d69c0ff18,1791424971,0,,,,,0,0
36a812ae415d1355754af1f7,1791424971,0,,,,,0,0
36a9f25bd4ff8c0dcfe32902,1791424971,0,,,,,0,0
36ad1ac40e0375f05c1ccf91,1791511133,0,,,,,0,0
36af08ab0547c85620b2de6c,1791424971,0,,,,,0,0
36b29a0d5edef792ff149481,1791424971,0,,,,,0,0
36b601fbec7e692c0306def5,1791511133,0,,,,,0,0
36b65624ce805715126079be,1791424971,0,,,,,0,0
36bd4a442bc43eaf2abba4e1,1791424971,0,,,,,0,0
36c38d1798298bd140dad096,1791511133,1,0001071739-26-000186,8.01,1791469287,9.8575,0,1
36c669b5bdf3deafba037db6,1791424971,0,,,,,0,0
36c948aaee3a08c5a473ec03,1791424971,0,,,,,0,0
36cbc32115ba0ff827242831,1791424971,0,,,,,0,0
36cc1511b0d5e6497f5f9737,1791424971,0,,,,,0,0
36cc5c2ca74d20f8b25d5a81,1791424971,0,,,,,0,0
36d6e2a031360036e68f4ee7,1791424971,0,,,,,0,0
36d6ec3da0c6e3dfabb5463e,1791424971,0,,,,,0,0
36d9a137eade286686114084,1791424971,0,,,,,0,0
36da62801c2c7ba66e03eb4f,1791424971,0,,,,,0,0
36db23186c6734c150e859ef,1791424971,0,,,,,0,0
36dc4228621d2e5a307dfd76,1791511133,0,,,,,0,0
36e2fec85dc4036b34ec2444,1791424971,0,,,,,0,0
36e319c9d7483b905f1291a2,1791424971,0,,,,,0,0
36e4696f4637dd465cc00d85,1791424971,0,,,,,0,0
36e491c12f40a593a457dd45,1791424971,0,,,,,0,0
36e5651664fcdd989b779a88,1791424971,0,,,,,0,0
36e576a9a0417a0cfb8f15eb,1791424971,0,,,,,0,0
36e78a4948f16f40769bc211,1791424971,0,,,,,0,0
36f00eca2415d67749d95b8a,1791424971,0,,,,,0,0
36f408c229b4ce24a1b42d7b,1791424971,0,,,,,0,0
36f617bbd77f40605340cdbc,1791424971,0,,,,,0,0
36fa693623320585f83f7b56,1791424971,0,,,,,0,0
36fb5c0a1e61f6a2eab02f65,1791424971,0,,,,,0,0
36fce67a0b5cecbdf397fa52,1791511133,0,,,,,0,0
36ff1b7305fb63920f8f7f95,1791424971,0,,,,,0,0
3702bef273df3bbce127c65d,1791424971,0,,,,,0,0
3704806b612b5c88db8f8dc8,1791424971,0,,,,,0,0
3709d6fdd7d29e53b7cd32d3,1791424971,0,,,,,0,0
370fec9644c698a045adeb3a,1791424971,0,,,,,0,0
37131aa84622aa96f1db5267,1791424971,0,,,,,0,0
371f580621d5d4efe0b2504c,1791424971,0,,,,,0,0
3725ab48c92da4347187d5e4,1791424971,0,,,,,0,0
37270cb277c12bcd4925dc92,1791511133,0,,,,,0,0
372cee1dbaa1f7b0ccc76091,1791424971,0,,,,,0,0
372eb96e7f9cba65d32c0e50,1791424971,0,,,,,0,0
3731cf3995153528923f98ff,1791424971,0,,,,,0,0
373221aa38f5592f15fdea82,1791424971,0,,,,,0,0
3736f56f8aad70d753adcf26,1791511133,0,,,,,0,0
373bcf17ee03481874a4360b,1791424971,0,,,,,0,0
373c1bd15ef9b13507439b0a,1791511133,0,,,,,0,0
373d9d53b5e4f8f4d7e803f4,1791424971,0,,,,,0,0
37423cb0a6bbc75980c2d6f0,1791424971,0,,,,,0,0
3743c6da5a60bf520f5f2355,1791424971,0,,,,,0,0
374966b4f17d550d5092cfee,1791511133,0,,,,,0,0
37560f1b47356b8a423e13de,1791424971,0,,,,,0,0
375afbc540c179ad73cd45c1,1791424971,0,,,,,0,0
375d99bb469a71f0a54d6997,1791424971,0,,,,,0,0
375da6daf78e0572921a6be2,1791424971,1,0000864749-26-000111,"1.01,2.03,9.01",1790971687,7.0,0,1
3764220f470207ce2598cd82,1791424971,0,,,,,0,0
3766ae1fa833f9f1891868fb,1791424971,0,,,,,0,0
376a5319267f6e8972ca52a4,1791511133,0,,,,,0,0
376ccf911d2eecac7138ce22,1791424971,0,,,,,0,0
376d4be67a3f31877f1a8219,1791424971,0,,,,,0,0
37717b7957b20ec9e7433e26,1791424971,0,,,,,0,0
3771953baff5fbc77c40019b,1791424971,0,,,,,0,0
377ce7d961f7170ad60cb8eb,1791424971,0,,,,,0,0
377ef23c239972be33cda22c,1791511133,0,,,,,0,0
378711d646f37d34aeaa7d62,1791424971,0,,,,,0,0
378a34f72278f672a5471a70,1791424971,0,,,,,0,0
378b191907b5dccd0baecd41,1791424971,0,,,,,0,0
379100b94da3098af137ccb7,1791424971,0,,,,,0,0
3799cccd17c475156e9a40ba,1791424971,0,,,,,0,0
379c442e18a62813f639fe35,1791424971,0,,,,,0,0
37a97ce95b6d880540127ef8,1791424971,0,,,,,0,0
37acf1d49a7e2af983c4dff6,1791424971,1,0001437749-26-031113,"2.02,9.01",1790254300,1.5,1,0
37ae16a99aeb716c77414f01,1791424971,0,,,,,0,0
37ae4a798c92c6494f3e6cd0,1791424971,0,,,,,0,0
37af3c0d07230a024bfb0948,1791424971,0,,,,,0,0
37b0c54afa0acc16d5d2136b,1791511133,0,,,,,0,0
37b15008f6d45be3aaf978af,1791511133,0,,,,,0,0
37b37127039c7f390c7e04bb,1791424971,0,,,,,0,0
37b3a21ed04acf3143670374,1791424971,0,,,,,0,0
37b67ed3333274e60495f971,1791511133,0,,,,,0,0
37b76737e784ca18ea80c067,1791424971,0,,,,,0,0
37c06c920303703165112bef,1791424971,1,0001524472-26-000132,"1.01,1.02,2.03,9.01",1788911848,0.5,0,1
37cae167066e19a0fc64c74f,1791424971,0,,,,,0,0
37d1356fa0ab2277dc442058,1791424971,0,,,,,0,0
37d5eae72c48fa53c56a6a26,1791424971,0,,,,,0,0
37d76c8062907cb879c254f8,1791424971,0,,,,,0,0
37d7aed2f4b71025d25a78bc,1791424971,0,,,,,0,0
37e46307b0fab3e52d8354f3,1791424971,1,0001331875-26-000087,"7.01,9.01",1789591203,12.0,0,1
37ea131741b0333f6fd81813,1791424971,0,,,,,0,0
37ee9077bc13df09d6fdebeb,1791511133,0,,,,,0,0
37ef771819965db367144411,1791424971,0,,,,,0,0
37f57cac8ff7a49a7dfc9d86,1791424971,0,,,,,0,0
37fbc4d3cffb87be821833e5,1791424971,0,,,,,0,0
37fe482f14af125b41076cf0,1791511133,0,,,,,0,0
37ff2248c148d95dddd3974c,1791424971,0,,,,,0,0
3800cfc48cd6a7f381e69baf,1791424971,0,,,,,0,0
380dc8917d6544d21cf20ec0,1791424971,0,,,,,0,0
3811b829cdff6d65b82ea231,1791424971,0,,,,,0,0
38154c19cb40d243673a0f7d,1791424971,0,,,,,0,0
3815a4236a0d66b4414e89ba,1791424971,0,,,,,0,0
3819b3fd01b57fe5fe52986c,1791424971,0,,,,,0,0
381a9228b22fa71b7784a20b,1791424971,0,,,,,0,0
381cbbf0f30ba387ae178e91,1791424971,0,,,,,0,0
381fdcb1bac834f7956bebff,1791424971,0,,,,,0,0
3820ad01fde710a09ebaf7a0,1791424971,0,,,,,0,0
3821a6e0227c78c63eab2330,1791424971,0,,,,,0,0
382a83a3e390978b4bb2099e,1791511133,0,,,,,0,0
382ae116def53358f63643af,1791424971,0,,,,,0,0
382b88d09b87f711d1ad2741,1791424971,0,,,,,0,0
382cec747131d90e5dca4531,1791424971,0,,,,,0,0
382def5c7ad4d6b3fe22a550,1791424971,0,,,,,0,0
3832157e1e40034ce673fc60,1791424971,0,,,,,0,0
38371f512f105200df6ce7c4,1791424971,0,,,,,0,0
38445482fa591783dad9a962,1791424971,0,,,,,0,0
3845a5b1a0b9ffc23064a917,1791424971,0,,,,,0,0
384a7c1beb66d3b72c998ac7,1791424971,0,,,,,0,0
384cd9975f9ed7ffa748fb37,1791424971,1,0000832988-26-000227,"1.01,2.02,9.01",1788951344,0.5,1,0
384d9f166f7520069d7be172,1791424971,0,,,,,0,0
385835c477e015b2b6bfd367,1791511133,0,,,,,0,0
3858b5fb954ceed02141c0f3,1791424971,0,,,,,0,0
385c24e3f38a47387f099bc7,1791424971,0,,,,,0,0
3860c90c6a391a2ac4c6bf5c,1791424971,0,,,,,0,0
386c1c700d931eddb6c301c0,1791424971,0,,,,,0,0
3870e1ad2a8a2c9fbe0830fe,1791511133,0,,,,,0,0
3872f4d3cba842bd2b48b4de,1791511133,0,,,,,0,0
387c137d88a0d6f706a86cfd,1791424971,0,,,,,0,0
387e2d14b1f734c5c9398842,1791424971,0,,,,,0,0
387fd8fdd7297846c97b9c82,1791424971,0,,,,,0,0
3892948f883d9cd85a760aaf,1791424971,0,,,,,0,0
389a40d98d00059c6cf7e2e4,1791424971,0,,,,,0,0
389a72851549b2f83f68197a,1791424971,0,,,,,0,0
389f129972a792d89bbec3ba,1791424971,0,,,,,0,0
38a39af08b76d74f3f393ead,1791424971,0,,,,,0,0
38b532ab9cfb7dad87b954a8,1791424971,0,,,,,0,0
38b73c036d5ccb1de8edbdb0,1791424971,0,,,,,0,0
38b76c38e64bdec7db71a823,1791424971,1,0001086222-26-000089,"5.05,9.01",1790366670,6.5,0,1
38bef5615d7e72143a29a104,1791424971,1,0001817358-26-000146,"2.02,7.01,9.01",1788955361,0.5,1,0
38c03a8e4070ecd1966de347,1791511133,0,,,,,0,0
38c2c5c850736b3bf976d6f8,1791424971,0,,,,,0,0
38c41591bc9355cee2b4f5b7,1791424971,0,,,,,0,0
38c506fe566c26ca00d2e10f,1791424971,0,,,,,0,0
38c74daff562de56b6602afb,1791424971,0,,,,,0,0
38c8b565bc1fc30bbc6ccdd4,1791511133,0,,,,,0,0
38d224bf5bdf1d9858eb5ee6,1791511133,0,,,,,0,0
38d5f60c2ba917a0062b96bb,1791424971,0,,,,,0,0
38db30eb30a311767409d182,1791424971,1,0001104659-26-104725,"2.03,9.01",1788379280,13.0,0,1
38df69ce66e4bcd64e4da953,1791424971,0,,,,,0,0
38ed7d46964066a3cfc88668,1791511133,0,,,,,0,0
38f0ee8e1bdd96cfe5c5a0a5,1791424971,0,,,,,0,0
38f266a78c43e833d243396c,1791424971,0,,,,,0,0
38f3fdd5d71165f2984f10a8,1791424971,0,,,,,0,0
38fe51313fc1e7c987dc8a13,1791424971,0,,,,,0,0
38ffbeea40e06b382466d8b3,1791511133,0,,,,,0,0
3905803b6ed2a5b865483c06,1791511133,0,,,,,0,0
39073e80f4d4b1d573441752,1791424971,0,,,,,0,0
390a24192b84b6e25e6172aa,1791424971,0,,,,,0,0
390a781b6da842857b6ffbff,1791424971,0,,,,,0,0
390bfc935d8093ef20a8b2f9,1791424971,0,,,,,0,0
391372901923ce8d1c93774a,1791511133,0,,,,,0,0
3913df310d20a651f7e970e7,1791424971,0,,,,,0,0
3913f72037b8cb75f812ad70,1791424971,0,,,,,0,0
39156bdd4c909e8220002774,1791424971,0,,,,,0,0
391601fa087bfb4f39dd3098,1791424971,1,0001104659-26-108859,"8.01,9.01",1789751271,3.6308333333333334,0,1
391c042dc53abd72dee71199,1791424971,0,,,,,0,0
3924d8ca5f88b7c2ef4bd887,1791424971,0,,,,,0,0
3926f761831f372aa0c2aced,1791424971,0,,,,,0,0
39273087161fec14868c1351,1791424971,0,,,,,0,0
392cd8fafaa4b28f45607d20,1791424971,0,,,,,0,0
39309395bd597c7b5e059bbb,1791424971,0,,,,,0,0
393175e89e39945aeb936514,1791424971,0,,,,,0,0
39381dd9a77b045233b30e5e,1791424971,0,,,,,0,0
394496b78c4a96db53c755dc,1791424971,0,,,,,0,0
3946b1cdc11cc037a342df93,1791424971,0,,,,,0,0
394a6e3437b87167f54179db,1791424971,0,,,,,0,0
394e24f36bf1f194e9702ab4,1791424971,1,0001193125-26-409787,"1.01,2.01,2.03,7.01,9.01",1790852398,7.0,0,1
3953b3b34473f5012d696a94,1791424971,1,0001104659-26-112836,"5.07,9.01",1790885727,7.0,0,0
39583320b3494459c7e9459a,1791511133,0,,,,,0,0
395ff948b4d97a36d60e9d41,1791511133,1,0001679273-26-000053,"5.02,9.01",1791320492,6.5,0,1
3966c8eeac3be1371b193b9b,1791511133,0,,,,,0,0
396d5fabdd3544e8ca5c00ed,1791424971,0,,,,,0,0
397044dc8c411e6345f34227,1791424971,0,,,,,0,0
3972ee13533d12f1e7bbe58c,1791424971,0,,,,,0,0
3978f5f9cec75996567e0d2b,1791424971,0,,,,,0,0
397997c6b213e78dc23b17b5,1791427778,1,0001628280-26-065292,"2.05,2.06,9.01",1791374472,9.0,0,1
397a33c63c1ea28ce7222223,1791424971,0,,,,,0,0
397a35d53e580468522fbe43,1791424971,1,0001552781-26-000492,8.01,1789656615,8.3375,0,1
397c3fa5ed5f17df22093946,1791424971,0,,,,,0,0
3981d29831cb99aa5a310971,1791424971,0,,,,,0,0
398ce6b9bcb9591f6ec61780,1791424971,1,0001104659-26-112847,"5.02,9.01",1790886647,0.5,0,1
398ef47fd8248de10f01e514,1791424971,0,,,,,0,0
398ef580ec6bd8dac8d63ae7,1791424971,0,,,,,0,0
398f44a817369d2f98519bcb,1791424971,0,,,,,0,0
398fddb6a4034692e34e81c7,1791424971,1,0001104659-26-104725,"2.03,9.01",1788379280,13.0,0,1
3993d3369862146fba4fa3a0,1791424971,0,,,,,0,0
3993d4ab2b4193570a94d42e,1791424971,0,,,,,0,0
39940661f6559c39a54dde0e,1791424971,0,,,,,0,0
39947b589deea3418cbdbca2,1791511133,1,0000950103-26-015293,8.01,1791321723,7.0,0,1
399cae9556b9460b99c32a5a,1791511133,1,0001104659-26-114359,"1.01,2.03,9.01",1791403961,8.0,0,1
399dbdfd39b135fda59e7e88,1791424971,0,,,,,0,0
39a5ccc56d9a670e56932ebc,1791424971,0,,,,,0,0
39a6d7a53568b301d87b9838,1791424971,0,,,,,0,0
39a7e08093558d8644ac021e,1791424971,0,,,,,0,0
39ab0ec357334dabe0a60e73,1791424971,0,,,,,0,0
39ab1a2822ba0576b8838068,1791424971,0,,,,,0,0
39ae634b4457f9895c902d11,1791424971,0,,,,,0,0
39b053ebea4befa766352e64,1791424971,0,,,,,0,0
39b2654cfc6e8f489a287e2c,1791424971,0,,,,,0,0
39bd54080728bf3240c472f5,1791424971,0,,,,,0,0
39be83914fbefc9a101561d5,1791424971,0,,,,,0,0
39c24623c5b689443e62b124,1791424971,0,,,,,0,0
39c285ab72b0fec39f221fc6,1791424971,0,,,,,0,0
39c5b5e18d5c027b75aed1be,1791424971,0,,,,,0,0
39c691e14fe44aeb06556e6c,1791424971,0,,,,,0,0
39c8e8979b4e1594101f06c6,1791424971,1,0001104659-26-109755,"8.01,9.01",1790157698,0.5,0,1
39c9bb5eb9cca2c76098ec37,1791424971,0,,,,,0,0
39d6f9763e940b0d591061d2,1791424971,0,,,,,0,0
39dc875b3ea1f2d5e6f51ebc,1791424971,0,,,,,0,0
39e03f41f64ada568b5104cc,1791424971,0,,,,,0,0
39e068c9a5b8b58393428ca3,1791424971,0,,,,,0,0
39e11f3932d46b0cea2f50c0,1791424971,0,,,,,0,0
39e30e204a561305a604276f,1791424971,0,,,,,0,0
39e4d5534f554da437a49fe9,1791424971,0,,,,,0,0
39ebd1522216e8ba30586627,1791424971,0,,,,,0,0
39ef1461c9d7b57d6bf96f14,1791424971,0,,,,,0,0
39ef17cdbce5df9dcdb591c5,1791424971,1,0001104659-26-108285,"8.01,9.01",1789590990,7.0,0,1
39f356ca37e1f70e22cd2308,1791424971,0,,,,,0,0
39f727791b07e32c458f396f,1791424971,1,0000826675-26-000104,"1.01,7.01,9.01",1790367359,7.0,0,1
3a00b968db609e07dc1917f2,1791424971,0,,,,,0,0
3a022e018241b02fce279b2a,1791424971,0,,,,,0,0
3a04afab723fa67d77116b66,1791424971,0,,,,,0,0
3a060237e018d8f6bfe0321e,1791424971,0,,,,,0,0
3a06438bcaeacf5cfd53eb79,1791424971,0,,,,,0,0
3a08acddef75c389eb3a16da,1791424971,0,,,,,0,0
3a09dea12188692398433361,1791424971,0,,,,,0,0
3a0edcd8dcb7901bab850bcc,1791424971,0,,,,,0,0
3a1360273cfdbbba2f5499e9,1791424971,0,,,,,0,0
3a1e05f4e4f0fb9b708e301b,1791511133,0,,,,,0,0
3a1f98ed7a6401a8ea49652c,1791424971,0,,,,,0,0
3a233da9824ba62f34596bab,1791424971,0,,,,,0,0
3a26bb4ca6af45d89b6c2a3c,1791424971,0,,,,,0,0
3a27ce5e97c4d1109dd71f14,1791424971,0,,,,,0,0
3a28e057911510def1d3772f,1791424971,0,,,,,0,0
3a318a9b2c04ef4ca99c93d5,1791511133,0,,,,,0,0
3a3af8514e3cb813e46926aa,1791424971,0,,,,,0,0
3a3d9eede7e83796eb473302,1791424971,0,,,,,0,0
3a3fd59df975fff75b29df22,1791424971,0,,,,,0,0
3a40a5f78354330648fd5467,1791424971,0,,,,,0,0
3a43624bc2a8ea45869b2a40,1791424971,0,,,,,0,0
3a44d1d31ee3eb678a808162,1791511133,0,,,,,0,0
3a46aef44b629d9fd1fa1782,1791511133,0,,,,,0,0
3a4c2a1ae8094ad2ac123b7c,1791424971,0,,,,,0,0
3a567d2d0885ed1ad52d91ee,1791424971,0,,,,,0,0
3a56b194f5112db32a955c7c,1791511133,0,,,,,0,0
3a577d1ddfdfff607c78788c,1791424971,0,,,,,0,0
3a5cd606bd6e8d88f49aa4c7,1791511133,0,,,,,0,0
3a5dd6a0190878860d5ffd9c,1791424971,0,,,,,0,0
3a5df6e9cdaa5a75bd1d909f,1791424971,0,,,,,0,0
3a6808fd91c088962a5485c2,1791424971,0,,,,,0,0
3a6a81140ce391f3d66e4aa4,1791424971,0,,,,,0,0
3a6bd2b8d04e895002df09f6,1791424971,0,,,,,0,0
3a765399a46a15173c28a381,1791511133,0,,,,,0,0
3a7f3bb29f75ac2838b22b66,1791424971,0,,,,,0,0
3a82c565e36e8e837b5a17f5,1791424971,0,,,,,0,0
3a8375ab326d64ba12cce938,1791424971,0,,,,,0,0
3a8b3081e37d8215f35ee7b8,1791511133,0,,,,,0,0
3a8dd957cf2d3ac8eacdab1a,1791511133,0,,,,,0,0
3a8e3a9cca25ee2ca63b71a0,1791424971,0,,,,,0,0
3a8e5a9a3e8b9be1bc97d9f3,1791424971,0,,,,,0,0
3a94b9e90d99f65df87a1dc6,1791424971,0,,,,,0,0
3a9bc0541f3b3c50fec658ec,1791511133,0,,,,,0,0
3a9bfd1dee372f765b2cdc53,1791511133,0,,,,,0,0
3aa17ad54a9cb253b5c13744,1791424971,0,,,,,0,0
3aa2cd15e6e0d9dd6b7082f4,1791424971,0,,,,,0,0
3aa4c4cc6f6bd49dea2e72a1,1791424971,0,,,,,0,0
3aa76754487048e365e47c9b,1791424971,0,,,,,0,0
3aa7b6438b6c6775db6be861,1791424971,0,,,,,0,0
3aa94ada374e0a5a64bdab29,1791424971,0,,,,,0,0
3ab099ecbc27241814ced510,1791424971,0,,,,,0,0
3abd5970fc1f7e95cca85684,1791424971,1,0001043219-26-000070,"3.03,5.03,9.01",1790972129,0.5,0,1
3abf457927252599626e6caa,1791511133,0,,,,,0,0
3ac0814a9d8cea86088257c1,1791424971,0,,,,,0,0
3ac3ec5df842672da2884c57,1791424971,0,,,,,0,0
3ac571be79fa4457cc78eddf,1791424971,0,,,,,0,0
3ac895399e56b0e8b0224ae4,1791424971,0,,,,,0,0
3acb0c9de317a237c8075857,1791424971,0,,,,,0,0
3acd3aa8944bebb51bdec4b3,1791424971,0,,,,,0,0
3ace641c4894fe80d6dab2eb,1791511133,1,0001104659-26-114388,"1.01,9.01",1791405935,9.0,0,1
3ad5e0910c5d5420643ae051,1791424971,0,,,,,0,0
3adb57bd64a5dc71fbbfc0cc,1791424971,0,,,,,0,0
3ade11e323f3a1b48be38567,1791511133,0,,,,,0,0
3ae1cfc718de72c0c30b539e,1791424971,0,,,,,0,0
3ae2fc097d18b13f24d59243,1791424971,0,,,,,0,0
3ae8421f4ca8cf85555c558e,1791424971,0,,,,,0,0
3ae9fdde887a5fdb2c5d99b0,1791424971,0,,,,,0,0
3aed18227c122894a9dbf208,1791424971,0,,,,,0,0
3af4cb86bd039e47cf67ec2d,1791424971,0,,,,,0,0
3af76a0680ac0af8106fdf25,1791424971,0,,,,,0,0
3af7dd2fdfee40396ade3f3f,1791424971,0,,,,,0,0
3afaf9427b4cadc0b71a9a37,1791424971,0,,,,,0,0
3aff548a7dd4fac0c46ed747,1791424971,0,,,,,0,0
3b05b96f96b47f1a338d9753,1791511133,0,,,,,0,0
3b0d2a6a10b4a914884ff4a6,1791424971,0,,,,,0,0
3b0db75e0d55d305fd7ce170,1791424971,0,,,,,0,0
3b0e5014c535cb1343ba9038,1791424971,0,,,,,0,0
3b105730ea1f4346ee9b3d8c,1791424971,0,,,,,0,0
3b12b29d6bd9cd5ef3902bf0,1791424971,0,,,,,0,0
3b145b5dbc90094cf42398ad,1791424971,0,,,,,0,0
3b1667ee01496793bd17083f,1791424971,0,,,,,0,0
3b189ffda7f589c4f5849561,1791424971,0,,,,,0,0
3b19e09480576423e7a7fc8b,1791424971,0,,,,,0,0
3b1a9d6e36d6eead63668508,1791424971,0,,,,,0,0
3b1e1d822e51f4f193fa5dbe,1791424971,0,,,,,0,0
3b210ba101c673db5224f59c,1791511133,0,,,,,0,0
3b2121f9d57b03c1a22dfcfc,1791424971,0,,,,,0,0
3b2147ab19780f9a43b28a12,1791511133,0,,,,,0,0
3b2447e2806eb97b226042f4,1791424971,0,,,,,0,0
3b295fb39dd9777ecc268d05,1791511133,0,,,,,0,0
3b29ed55dc3d696744467d60,1791424971,0,,,,,0,0
3b2b14353ecd3a3be16b6573,1791424971,0,,,,,0,0
3b2be5c491574ae111e6d742,1791424971,0,,,,,0,0
3b2c78344c1bab8dde19e53b,1791424971,0,,,,,0,0
3b2cd548e7100ca47d7f13e2,1791424971,0,,,,,0,0
3b2d4149c2571820718fba96,1791424971,0,,,,,0,0
3b3067d2085b6d9786471f4b,1791424971,0,,,,,0,0
3b360b190472e256adb31df2,1791424971,0,,,,,0,0
3b3ace00b19fa6817a934ee3,1791424971,0,,,,,0,0
3b3b98c4c5d2247f1f151f9e,1791424971,0,,,,,0,0
3b3d59735baa528f39028472,1791511133,0,,,,,0,0
3b41c2c41658f6abdc1c4b2d,1791424971,0,,,,,0,0
3b454dfeeea3157a1f6d7f5c,1791424971,0,,,,,0,0
3b463ec84fbadc618716317d,1791424971,0,,,,,0,0
3b4b0fc984dd1abdae73d632,1791424971,0,,,,,0,0
3b4cddd8a06cf4cef7ec614b,1791424971,0,,,,,0,0
3b502d5e7a110c00e7e52bd4,1791424971,0,,,,,0,0
3b51a67bbd072cc658d2a448,1791424971,0,,,,,0,0
3b526aa820c64c50148674fd,1791511133,0,,,,,0,0
3b5327ba5cb0c75ab7976c33,1791424971,0,,,,,0,0
3b5745c640826c9c36d8b3fe,1791424971,0,,,,,0,0
3b58a46fbac81ad0386f095b,1791424971,0,,,,,0,0
3b6ab401fd33cab41fd214ef,1791424971,0,,,,,0,0
3b6e9be7ed79d27d0ae35514,1791424971,0,,,,,0,0
3b6fc384bdbdb1f07c2ed205,1791511133,0,,,,,0,0
3b703919722f6c75f1b36189,1791424971,0,,,,,0,0
3b7881073fc31475907fdcf5,1791511133,0,,,,,0,0
3b7d7360238abaab7e312731,1791424971,0,,,,,0,0
3b7edfa0f1e30a169ca4f196,1791424971,0,,,,,0,0
3b8a93d43f75a8293647bb63,1791424971,0,,,,,0,0
3b8aef7e08ff5371792679ef,1791424971,0,,,,,0,0
3b9e41c3f6e6437cb55bf927,1791424971,0,,,,,0,0
3b9f3fa297522aa136c95d75,1791511133,0,,,,,0,0
3baa109f925ea635134271ed,1791511133,0,,,,,0,0
3baaecc57851db739e144f3d,1791511133,0,,,,,0,0
3bae361afae259fb00fca5c0,1791424971,0,,,,,0,0
3bb3343805079bffed0f0997,1791424971,0,,,,,0,0
3bb35f9d872bb5e866b8483c,1791511133,0,,,,,0,0
3bb875f4f4fbf701c67e8309,1791424971,0,,,,,0,0
3bb9a2a0da2f6ee578e78b8d,1791511133,0,,,,,0,0
3bbaeb00fbd576f7eff017ab,1791424971,1,0001628280-26-063850,"7.01,8.01,9.01",1790716525,11.0,0,1
3bbb8240345276e29aca6753,1791424971,0,,,,,0,0
3bc34e53f985a1558a6ab406,1791424971,0,,,,,0,0
3bc4467dac7bf4136d92b880,1791424971,0,,,,,0,0
3bccadc129625b7a07681725,1791424971,1,0001193125-26-409792,"7.01,9.01",1790852669,0.5,0,1
3bcf82f21439487f7713a480,1791424971,0,,,,,0,0
3bd42c6abf171011ed36a0bf,1791424971,0,,,,,0,0
3be289675efe9002ab920aca,1791424971,0,,,,,0,0
3be5c45bf0d187733a3523d2,1791424971,0,,,,,0,0
3beba02dc77c7f04004df27b,1791424971,0,,,,,0,0
3bee18b72163764466d5403d,1791424971,0,,,,,0,0
3bf45f00c46dbbb11f462a1a,1791424971,0,,,,,0,0
3bf5d2063a8b143309aa2bd4,1791511133,0,,,,,0,0
3bf6e9a7394555d300343fd4,1791424971,0,,,,,0,0
3c07141508d8ea880c547e1c,1791424971,0,,,,,0,0
3c08bbaffbc2586527124c17,1791424971,0,,,,,0,0
3c0a7ec2b7d11190d711977b,1791424971,0,,,,,0,0
3c0b4698a8944edf62e6b822,1791424971,0,,,,,0,0
3c0f401dc904e77413603497,1791424971,0,,,,,0,0
3c0f7f9ab43a90887f922edb,1791424971,0,,,,,0,0
3c1191f47836ca7228c8726f,1791511133,0,,,,,0,0
3c23e33c4af369a03e39e148,1791424971,0,,,,,0,0
3c25ea896db51a02bfbf6fdb,1791511133,0,,,,,0,0
3c278949b6c9174356fdff18,1791424971,0,,,,,0,0
3c27c2886cfe0a36daa446ab,1791424971,0,,,,,0,0
3c29d566471b1f5df93da5b0,1791511133,0,,,,,0,0
3c2d05dfabb52c0dc654246e,1791424971,0,,,,,0,0
3c3315014c1052fb9a3f048b,1791424971,0,,,,,0,0
3c3ae31d255d0fa6fac234c4,1791424971,0,,,,,0,0
3c3cb9ff933c463f9e60041c,1791424971,0,,,,,0,0
3c3f9e9496bb1c530564f7b9,1791424971,0,,,,,0,0
3c49c0eeab46bb21cea94715,1791424971,0,,,,,0,0
3c4b471ca44d42950e126b44,1791424971,0,,,,,0,0
3c4bcc0125dc1f31545de450,1791424971,0,,,,,0,0
3c54feb6bb97e995bd584368,1791424971,0,,,,,0,0
3c575a2b57213ff7b0a40701,1791511133,0,,,,,0,0
3c65e36b41778f121e657d6c,1791424971,0,,,,,0,0
3c692f48a1bc1df002ef0bfd,1791511133,0,,,,,0,0
3c6cf1c5529124aac9a2b08e,1791424971,0,,,,,0,0
3c6df2b55b1287dd12acbea6,1791424971,0,,,,,0,0
3c6e298469d2252edd07fe2c,1791424971,0,,,,,0,0
3c6e59096e379f7f8558c811,1791424971,0,,,,,0,0
3c7350d7a17e977d1bf7abb1,1791424971,0,,,,,0,0
3c73973c300ab9884e673bb3,1791511133,0,,,,,0,0
3c74a0dd2eb72ba248fc89d7,1791424971,0,,,,,0,0
3c77e0207154a31165d760cc,1791424971,0,,,,,0,0
3c791563696b8e4f916f5d1d,1791424971,1,0001628280-26-062287,"2.02,9.01",1789591379,6.5,1,0
3c7af716bf7aebd39c2692bf,1791424971,0,,,,,0,0
3c850e547478bf8e5c90e683,1791424971,0,,,,,0,0
3c8e2fdaba0eae74d4195293,1791511133,0,,,,,0,0
3c8fd320d12c8e66b9e7a704,1791424971,0,,,,,0,0
3c91bd669305b80e4ca5eede,1791424971,0,,,,,0,0
3c932a084565fc421e9bc2bb,1791424971,0,,,,,0,0
3c98524da10347c2082eca4a,1791511133,0,,,,,0,0
3c9979fae36589bc00b0f9ad,1791424971,1,0001193125-26-391228,"1.01,2.02,5.02,7.01,9.01",1789466565,5.5,1,0
3c9d00d47e7fb2ab330c0f50,1791511133,0,,,,,0,0
3c9f1e786563cc01e8430196,1791424971,0,,,,,0,0
3c9fb21d861040150e5a863c,1791511133,0,,,,,0,0
3ca169adce696a9f2b28ecfc,1791424971,0,,,,,0,0
3ca3aee1f5694b7adc1cfe87,1791424971,0,,,,,0,0
3ca426783ee3e651fd174754,1791424971,0,,,,,0,0
3ca563f4bcf2131257a08833,1791424971,0,,,,,0,0
3cab78257c7f23ba13f61088,1791424971,0,,,,,0,0
3caeab09342abc3ed52f5f0f,1791424971,0,,,,,0,0
3caef5e167a4cf095cfc5397,1791511133,0,,,,,0,0
3cb2b25b54356df45e030856,1791424971,0,,,,,0,0
3cb7f45f4ecc700ebf5c10ed,1791424971,0,,,,,0,0
3cbc2d71ccb09454b63faf07,1791424971,1,0001515673-26-000006,8.01,1789674937,2.4269444444444446,0,1
3cc2cf48f29dc9d1f2d3918e,1791424971,0,,,,,0,0
3cc32ce6fd2d466692481b6e,1791424971,0,,,,,0,0
3cc5586f557275a088a3d3e1,1791424971,0,,,,,0,0
3cd8d765b523c561f6f25d80,1791511133,0,,,,,0,0
3ce28f4e7dd585577ec5c5df,1791424971,0,,,,,0,0
3ce8959161b8b1d8facdf162,1791424971,0,,,,,0,0
3cebdef0049e87cd501db26c,1791424971,0,,,,,0,0
3cef416e410e6ac89acf1481,1791424971,0,,,,,0,0
3cf2ee7ff8dcad04bb750e3a,1791511133,0,,,,,0,0
3cf81e844fb97999cbe77a43,1791511133,0,,,,,0,0
3d013c716b4fa72c88693404,1791424971,0,,,,,0,0
3d06b1a2413324191d6945e6,1791424971,0,,,,,0,0
3d0e1efeefa6cde2581fb530,1791424971,0,,,,,0,0
3d0e28e8eaf61f2ddd7c58ba,1791511133,0,,,,,0,0
3d0e6199b7da16f95ea11a20,1791424971,0,,,,,0,0
3d1095df959244d7b58b2583,1791424971,0,,,,,0,0
3d11a80642f48477c94871b6,1791511133,0,,,,,0,0
3d16775a6cae9901e627a5e2,1791424971,0,,,,,0,0
3d175836e0c6e8a5f428f507,1791427778,0,,,,,0,0
3d18e194f8617cf5ba45d6ef,1791424971,0,,,,,0,0
3d202e1660c79de6d475acfd,1791424971,0,,,,,0,0
3d27bd589dd4eb42bf58195a,1791511133,0,,,,,0,0
3d2c5a234d891cb3dbfd5e8d,1791424971,0,,,,,0,0
3d2d44c8537cea0035b454d0,1791424971,0,,,,,0,0
3d2d961fd43e1dfc79fd0060,1791424971,0,,,,,0,0
3d2fbb263c0d574b97e98cfa,1791424971,0,,,,,0,0
3d31305fed69678edf907327,1791424971,0,,,,,0,0
3d31d734d41c6b745f7368e4,1791424971,0,,,,,0,0
3d31e1c8bab69fa7be8e0e5e,1791424971,1,0000065984-26-000312,8.01,1788382143,0.5,0,1
3d3cc7d5715b4a0cfd47878c,1791511133,0,,,,,0,0
3d3f0f47ff51b534bc9b9a17,1791511133,0,,,,,0,0
3d43bdd1ca90c0c500f85afc,1791424971,0,,,,,0,0
3d49cdb4b025718c6a34e16d,1791424971,0,,,,,0,0
3d4d159382f02ab73eb7d754,1791424971,0,,,,,0,0
3d554ce070a0e114eb2c5525,1791511133,0,,,,,0,0
3d56f3a03722d88c512e7d6c,1791424971,0,,,,,0,0
3d578149f19c361b5bfb75b5,1791424971,0,,,,,0,0
3d5a1aeb5d5cf2b115292176,1791424971,1,0001104659-26-104395,"8.01,9.01",1788308890,0.5,0,1
3d5e44881dc6b8f72f451fae,1791511133,0,,,,,0,0
3d671c6079d454cae9f2e669,1791424971,0,,,,,0,0
3d6c832f8921635c571dae4e,1791424971,0,,,,,0,0
3d742768b2ce693de3e1a6f1,1791424971,0,,,,,0,0
3d746ddd6990c07312c2d5ec,1791424971,0,,,,,0,0
3d7e41672d02afe3ef0c0e8c,1791424971,0,,,,,0,0
3d8ef1ca9f04c85edd2afb70,1791511133,1,0001628280-26-065252,"5.02,9.01",1791319479,4.5,0,1
3d9025bccb4966128b658156,1791424971,1,0000917251-26-000066,8.01,1790938829,7.0,0,1
3d93fee547a9bc725bfdcea3,1791511133,0,,,,,0,0
3d97508a15269b019b131c7b,1791424971,0,,,,,0,0
3d993a7901070f806f348813,1791424971,0,,,,,0,0
3d995e3d3156f674f996a8ca,1791424971,0,,,,,0,0
3d99e5b5bc8b6e8216d47136,1791424971,0,,,,,0,0
3da02c9c4b8ac4718b5a2c18,1791424971,0,,,,,0,0
3da0975a30dc2cbc16c099c5,1791424971,0,,,,,0,0
3da3b805c3091d537ec9b980,1791424971,0,,,,,0,0
3da46f9c9cfd1a0fbecaa288,1791511133,0,,,,,0,0
3da88f60b37979c5c7ab2b71,1791424971,0,,,,,0,0
3dabc0d153a919df26a4de1b,1791424971,0,,,,,0,0
3dada6827aa51a6b16251b1f,1791424971,0,,,,,0,0
3db386057bf0dd907b9ebdb9,1791424971,0,,,,,0,0
3dbf0c7d6871ee2bde07c2d0,1791424971,0,,,,,0,0
3dc6779536a30e5ceac359aa,1791424971,0,,,,,0,0
3dc93c4763a3650e993da39d,1791424971,0,,,,,0,0
3dc93f1e78f9597a0225eab5,1791511133,0,,,,,0,0
3dce438f7f2770b58dd75b2a,1791424971,0,,,,,0,0
3dcf9b026e4c6448d67f5bf9,1791424971,0,,,,,0,0
3dd05940653c43ca606873c7,1791424971,0,,,,,0,0
3dd4669439b2066805578bf3,1791424971,0,,,,,0,0
3dd49ec0ae58cad32d95f292,1791424971,0,,,,,0,0
3dd91bae31718417195e3c34,1791424971,0,,,,,0,0
3de0a405da44a01aca16906e,1791424971,0,,,,,0,0
3de5828ac7c3fc710b4109ac,1791511133,0,,,,,0,0
3dec3049d8e771657d76b73d,1791424971,0,,,,,0,0
3df573e0a73b2e69fe96c1c9,1791424971,0,,,,,0,0
3df87d4a43fc7009710a23b5,1791424971,0,,,,,0,0
3df890020ecfe432eeb31be9,1791424971,0,,,,,0,0
3df9c3bb682560e2bf1a02ac,1791424971,0,,,,,0,0
3dff0baa1e177187cb2053fb,1791424971,0,,,,,0,0
3e000d3a66dac2e25e49c7e6,1791424971,0,,,,,0,0
3e007add60ac5c36a2376bc3,1791424971,1,0001193125-26-366694,"1.02,2.01,3.01,3.03,5.01,5.02,5.03,9.01",1787765221,0.9502777777777778,0,1
3e03b0c1ef457c7774e359a1,1791424971,0,,,,,0,0
3e0c45a33b1a52c25bac4c1b,1791424971,0,,,,,0,0
3e0ca9072cfc03ba1c2f7819,1791424971,0,,,,,0,0
3e0e89dd7d8b1cdc26d3e1d7,1791424971,0,,,,,0,0
3e0ef23fe1eeac8f893fd499,1791511133,1,0001193125-26-415597,"7.01,9.01",1791317953,7.0,0,1
3e141886efa9a48f51ca5860,1791424971,1,0001193125-26-357758,"2.01,3.01,3.03,5.01,5.02,5.03,9.01",1787222033,6.5,0,1
3e14a26c6cdee103a74eda70,1791424971,0,,,,,0,0
3e1a84a52927688f8e02a2b1,1791424971,0,,,,,0,0
3e1b53b69e822099b1ed20f3,1791511133,1,0001193125-26-415055,"1.01,1.02,2.01,2.03,3.01,3.03,5.01,5.02,5.03,8.01,9.01",1791295387,1.0519444444444443,0,1
3e1f5211cd0d5268f46187ef,1791424971,0,,,,,0,0
3e23050c7daceafebebda779,1791424971,0,,,,,0,0
3e236c878416082d11a5d45a,1791424971,0,,,,,0,0
3e269e1d8c65003325bfac08,1791424971,0,,,,,0,0
3e2c078a0ede794ef4314ac9,1791424971,0,,,,,0,0
3e2e1ca3d4efadc4cbe1146b,1791511133,0,,,,,0,0
3e304c398a1f049309ab58f3,1791424971,0,,,,,0,0
3e36b2363ee3168e826eba37,1791424971,0,,,,,0,0
3e3fbdc682758c7adff7a03b,1791511133,0,,,,,0,0
3e4b3e365b1fa8350de86258,1791424971,0,,,,,0,0
3e4b7583587b15869268e966,1791424971,0,,,,,0,0
3e50bf70d71f4572f4eb20c2,1791424971,0,,,,,0,0
3e552bca20c8f8dd3864f560,1791511133,0,,,,,0,0
3e6133f72505d57f0193fdd2,1791424971,0,,,,,0,0
3e6237ce5bd0f377ad322263,1791424971,0,,,,,0,0
3e653ddc43c93c880af41b38,1791424971,0,,,,,0,0
3e6bac9547aa68203341fa1c,1791424971,0,,,,,0,0
3e6d142bd520bebb9f7a6834,1791424971,0,,,,,0,0
3e70813455c55a376d2fd436,1791511133,0,,,,,0,0
3e718c3269889da827f06494,1791424971,0,,,,,0,0
3e75ff943f7962830192bd04,1791424971,1,0000917251-26-000066,8.01,1790938829,0.5,0,1
3e779b20e5704b5241ac5f91,1791424971,0,,,,,0,0
3e77f7503598595398fc7368,1791511133,0,,,,,0,0
3e7845706687310a4f9d784d,1791511133,0,,,,,0,0
3e8125f501f78ec5e330bbb9,1791424971,0,,,,,0,0
3e85d67d7e63631322b8e44c,1791424971,1,0001728951-26-000064,"7.01,9.01",1789590971,5.5,0,1
3e8c4b8bf02d6ecd3a3de5cc,1791424971,0,,,,,0,0
3e9bad9b8dc69c586f056376,1791424971,1,0001193125-26-391976,"1.01,2.03,9.01",1789504005,6.5,0,1
3eaa69141472499bc5d78bbb,1791424971,0,,,,,0,0
3eaba3277d94d90485f6af65,1791424971,0,,,,,0,0
3eba1b8aa5689d41c52e1e0f,1791511133,0,,,,,0,0
3ec27f53c92fe6b63b03e126,1791511133,0,,,,,0,0
3ec3703b466af52f03d88d99,1791424971,0,,,,,0,0
3ec640eb336844925c95a846,1791511133,0,,,,,0,0
3ecbfa00cc05cc3aaf6af4ce,1791424971,0,,,,,0,0
3ed0bdb50d57ab0155740b66,1791424971,0,,,,,0,0
3ed72d9ea8413a4dd40b26ae,1791424971,0,,,,,0,0
3ee101d6848787314ab12107,1791424971,0,,,,,0,0
3ee67b201df78569641da36d,1791424971,0,,,,,0,0
3eeeba7a83fba307b3c64ea7,1791424971,0,,,,,0,0
3ef14e33e40869b5c7d23eae,1791424971,1,0000849399-26-000071,"7.01,9.01",1790626851,0.5,0,1
3ef24075c02114fd6e5911cc,1791424971,0,,,,,0,0
3ef5256cef1bce34faa32ad8,1791424971,0,,,,,0,0
3ef61f73038813c39167b655,1791511133,0,,,,,0,0
3ef636b1c6586ead581a915f,1791424971,0,,,,,0,0
3ef8dafc9dba596f2d73fd8f,1791424971,0,,,,,0,0
3efe1d51c35ca767439ef208,1791424971,0,,,,,0,0
3efeec753ddfdd415ab48236,1791424971,0,,,,,0,0
3f00a876050b564ccce52a43,1791424971,0,,,,,0,0
3f088d4cfe3da8b62f80208a,1791424971,0,,,,,0,0
3f0a3ce7dbe51bed4c0b942b,1791424971,0,,,,,0,0
3f0c5a46613ecdda53e9aa4e,1791424971,0,,,,,0,0
3f0dea08ca3f44ae4bd72ab1,1791424971,0,,,,,0,0
3f1510f84ceb4d09b904ae31,1791511133,0,,,,,0,0
3f1526e47905f18b5ae5d237,1791424971,0,,,,,0,0
3f1ca425b859bfcf97e200a5,1791424971,0,,,,,0,0
3f1f8b43a9de60e15d2e7e55,1791424971,0,,,,,0,0
3f20f565055758c7abe33efd,1791511133,0,,,,,0,0
3f22a6871ef5a784fc5b4843,1791511133,0,,,,,0,0
3f2318c4e78a9c62f91b4ef1,1791511133,0,,,,,0,0
3f241af0503cf45787dac279,1791424971,0,,,,,0,0
3f25060408815c6a5a3da182,1791424971,0,,,,,0,0
3f271ac8e3587fdaf8c5fd92,1791424971,0,,,,,0,0
3f2debbe2fd72a0b606e8871,1791424971,0,,,,,0,0
3f316fa61fb5fa27fa2a9e3b,1791424971,0,,,,,0,0
3f3418c2efdb4d1f30e962fc,1791424971,0,,,,,0,0
3f34dd71b62a751cbfe9f48e,1791424971,0,,,,,0,0
3f36c619a073ea4cf58254ee,1791424971,0,,,,,0,0
3f373976c8987a45bf374a8b,1791424971,0,,,,,0,0
3f39cbc670c46544cc7ddb9c,1791424971,0,,,,,0,0
3f3a5c4b4e5d3b4ba1919fd6,1791424971,0,,,,,0,0
3f3eab397c1bfb247d00f133,1791511133,0,,,,,0,0
3f435c7c12ac3262fa51552c,1791424971,0,,,,,0,0
3f44f1a918e44d683ef84e19,1791424971,0,,,,,0,0
3f46a692bb359d875a3d2314,1791424971,0,,,,,0,0
3f46adf5061c8e4bc82bd445,1791424971,0,,,,,0,0
3f5358f645b4c5fa018f5adc,1791424971,0,,,,,0,0
3f55613e9798b67b679575ed,1791511133,0,,,,,0,0
3f56a9acc8fc8b3268f702a7,1791424971,0,,,,,0,0
3f58a5520968461f2d8d6ad8,1791511133,0,,,,,0,0
3f5e8939c110e90756e201e2,1791424971,0,,,,,0,0
3f67420a30dafe4e599a9571,1791424971,0,,,,,0,0
3f68d0873072414e69b6b502,1791424971,0,,,,,0,0
3f6b26578c2b564bb6930e1f,1791511133,0,,,,,0,0
3f74afcfece85222a829fcdc,1791424971,0,,,,,0,0
3f78e7bb591ebcd1392d9108,1791424971,0,,,,,0,0
3f7b3b74365d7865803e78a1,1791424971,0,,,,,0,0
3f7c4b84320b4662478c55bc,1791424971,0,,,,,0,0
3f80408fe5b609b2966ae197,1791424971,1,0000914475-26-000045,5.02,1790626824,0.5,0,1
3f84da16c23a7511d7e6255a,1791511133,0,,,,,0,0
3f87f651e75ab86f8c46d462,1791424971,0,,,,,0,0
3f8a6f482868b84111143cbd,1791424971,0,,,,,0,0
3f9be5ce653b336c3dd47dfe,1791424971,0,,,,,0,0
3f9efc00feb7f29c6b9f5d8f,1791424971,0,,,,,0,0
3f9f514474fead8a5075c4ab,1791424971,0,,,,,0,0
3fa1a83b51d865ae0bad0e0d,1791424971,0,,,,,0,0
3fa3e78e0b1f6437ff4bc1d6,1791424971,0,,,,,0,0
3fa630f53b38d9af4a576656,1791424971,0,,,,,0,0
3fa7fa1dfc464fd993ada078,1791424971,0,,,,,0,0
3fada621ece606c322a5ea9c,1791511133,0,,,,,0,0
3faddb9e8a510202ea55b399,1791424971,0,,,,,0,0
3faeb88abe0170010057a959,1791424971,0,,,,,0,0
3faefee166d0a5c4e5144a21,1791424971,0,,,,,0,0
3faf9c9bcbcba661c8d14f4a,1791424971,0,,,,,0,0
3fb05de34d87a96341352817,1791424971,0,,,,,0,0
3fb4d5c0aa29cb163009f0b4,1791424971,0,,,,,0,0
3fb55753d72e3b9c695d11fb,1791424971,0,,,,,0,0
3fb6636490ded3966bd92bb7,1791424971,0,,,,,0,0
3fb7e61a121ff52413d7f834,1791424971,0,,,,,0,0
3fc12c5fd6f11288bc392e40,1791424971,0,,,,,0,0
3fc1a4dcf5b182b22955de41,1791511133,0,,,,,0,0
3fc333a18ed7aed03b6bce9c,1791424971,0,,,,,0,0
3fc85856a0433d49d1473ace,1791424971,0,,,,,0,0
3fcbc521f38cf7721a27bd3b,1791424971,0,,,,,0,0
3fd208780837d14c0f7d61dc,1791424971,0,,,,,0,0
3fd3c6dec957631f76f948fd,1791424971,1,0001193125-26-401157,"7.01,8.01,9.01",1790284267,0.5,0,1
3fd655ae92557f51ba775b2b,1791424971,0,,,,,0,0
3fe525f5dde22e6613c7aac5,1791424971,0,,,,,0,0
3fe5303a9578c122c07ee2e1,1791424971,0,,,,,0,0
3fe8a03ef7ca4a4599c65f61,1791424971,1,0000950157-26-001058,"1.01,8.01",1790946977,1.5,0,1
3fe8f6cc263f1aedd54c1535,1791424971,0,,,,,0,0
3fea4ff7478062742d8ffbb6,1791511133,0,,,,,0,0
3fef962b85ce0c991ff4308c,1791424971,0,,,,,0,0
3ff3f33c6200006f5f0ac91a,1791424971,0,,,,,0,0
3ff5a1e38842d11f770e0923,1791424971,0,,,,,0,0
3ff7472c7b99701bc8a1c27e,1791424971,0,,,,,0,0
3ff9179ab2cac79cba03c259,1791424971,0,,,,,0,0
3ffd67457e5101dc20bb2d29,1791511133,0,,,,,0,0
3fff1108a2bc1ff98190eba7,1791511133,0,,,,,0,0
400065af36c81e5b1474a7bf,1791424971,0,,,,,0,0
40032a4c929c2c8e5fbf42f6,1791424971,0,,,,,0,0
4004ceb5a107b5ebe688bf2d,1791424971,0,,,,,0,0
4006543c921d2c31ce5e5b1d,1791511133,0,,,,,0,0
4006b3e36c17b4f3199c3f64,1791424971,1,0001193125-26-392151,"7.01,9.01",1789507287,2.5,0,1
4006e79af7356cd8440abbd7,1791424971,0,,,,,0,0
401276c22d08da6bcd1bf35e,1791511133,0,,,,,0,0
4017ab02fe92f9669c6295f6,1791424971,0,,,,,0,0
401f439b3e2265b25c747c1d,1791511133,0,,,,,0,0
4021739b77da47208fcbf07b,1791424971,0,,,,,0,0
4022e53f77c707d3d0796fe8,1791424971,0,,,,,0,0
4022fa10d9efc2cf1aa7ac52,1791424971,0,,,,,0,0
40288820fdf5910af55d520b,1791424971,0,,,,,0,0
402e57d9fa580d4adfbd3244,1791424971,0,,,,,0,0
4036ca4538d706c663f46ed1,1791424971,0,,,,,0,0
40387928e2e0924426ac5dfb,1791424971,0,,,,,0,0
40389331848854cf464b73ac,1791424971,0,,,,,0,0
4038af087bdec5196c4b9e22,1791424971,0,,,,,0,0
403dcd6ec5b954346f76f4d2,1791424971,0,,,,,0,0
404288290e814a6a79749ef8,1791424971,1,0001552781-26-000492,8.01,1789656615,8.3375,0,1
40452233873629b39ffadf1d,1791424971,0,,,,,0,0
40462553e4c114738c9deb72,1791424971,0,,,,,0,0
4046913266efc529574776ba,1791424971,0,,,,,0,0
404933e47e2a1d549510d922,1791424971,0,,,,,0,0
404a0ff30bbf6149287e36dc,1791424971,0,,,,,0,0
404be0728d70dac24c940784,1791424971,0,,,,,0,0
405711623ccfa106920c4e48,1791424971,0,,,,,0,0
405a4a6d502ab11983cbe825,1791424971,0,,,,,0,0
405e770eb79914ee686712e8,1791424971,0,,,,,0,0
4060e2326ddade2ecbe5862b,1791511133,0,,,,,0,0
40623c7f38f0b0524d662790,1791424971,0,,,,,0,0
40718720ff18d06f185c8b5b,1791424971,0,,,,,0,0
40756c072f925c2b8dcbd879,1791424971,0,,,,,0,0
407678400d23acc9ba7fa45f,1791424971,0,,,,,0,0
408662ba6cf008fc1f5307e0,1791424971,0,,,,,0,0
408828a967cc9cf7f4bb9682,1791424971,0,,,,,0,0
408862f99679fde7f505a779,1791511133,0,,,,,0,0
408a5b2bddd4a6fe704be9d7,1791424971,0,,,,,0,0
408c40bdaab38cddb806c892,1791424971,0,,,,,0,0
4092ccbddff570b4b25dc90b,1791424971,0,,,,,0,0
4096d2cd974e88e2a29200ae,1791424971,0,,,,,0,0
409eb11f3e5dfb8dc749eebe,1791424971,0,,,,,0,0
40a2f1db2e031a7c4b240a6d,1791424971,0,,,,,0,0
40a9ca06f0bbacda5b9a9ae5,1791424971,0,,,,,0,0
40abe3ced8ed352a0c2677b3,1791424971,0,,,,,0,0
40ac9be61bb3810698c2337d,1791424971,1,0001193125-26-357758,"2.01,3.01,3.03,5.01,5.02,5.03,9.01",1787222033,1.5,0,1
40b2f80f93a1b31787526bda,1791424971,0,,,,,0,0
40b4ff218f421f659a4d1f06,1791427778,0,,,,,0,0
40b543c8d0ad275c4e9952cb,1791511133,0,,,,,0,0
40b7ec82a0653848512e99f1,1791424971,0,,,,,0,0
40b8859862c4c2c53a73f5e9,1791424971,0,,,,,0,0
40c130ad4d0d0fbd895c37f7,1791424971,0,,,,,0,0
40c1db8771f2b5bd18a7716e,1791424971,0,,,,,0,0
40d20a026b784715034c4e54,1791424971,0,,,,,0,0
40d4ea1fcb9617305c28aa3e,1791424971,0,,,,,0,0
40d527ff5b88f9d689a002d5,1791424971,0,,,,,0,0
40d5c2ffd7c4606800805949,1791424971,0,,,,,0,0
40d88b3567c9359cdc557c43,1791424971,0,,,,,0,0
40da31b5950dc5d2fb5122cf,1791424971,0,,,,,0,0
40dfd9453b4d9ebab5c33423,1791424971,0,,,,,0,0
40e381934388905c7773e314,1791424971,0,,,,,0,0
40e3bbdb01d7bfa688e5b039,1791424971,0,,,,,0,0
40e5cb79d77e84dd75765b3e,1791511133,0,,,,,0,0
40e9031f1932f4791766219d,1791424971,0,,,,,0,0
40ebb74bb6238ab450925074,1791424971,0,,,,,0,0
40ed8b2ddf299abac0ffd1df,1791511133,0,,,,,0,0
40ee9fc2b2c997c624654d19,1791424971,0,,,,,0,0
40f132d93ac9b03ef98bd6fa,1791424971,0,,,,,0,0
40f4bcc4bc0a1bf975c62a4b,1791424971,0,,,,,0,0
40f5c3667a573c5e88bec0c2,1791424971,0,,,,,0,0
41005a2f9628bafa376ebfb0,1791424971,0,,,,,0,0
410151e77dd5234008e6bc4c,1791424971,0,,,,,0,0
4101ce9a21cd3f74f7aec3b8,1791424971,0,,,,,0,0
4106d6194e8ae31b1232a773,1791424971,0,,,,,0,0
4107769f1b85c4ac64323821,1791424971,0,,,,,0,0
41091eb7ec38df4f5a3aab53,1791424971,0,,,,,0,0
4116113bc2551a18e66976d1,1791424971,0,,,,,0,0
41183f5363b72fcfb75fa6e4,1791424971,0,,,,,0,0
411b16522928432c293276a8,1791424971,0,,,,,0,0
41236d22804b2df197d7d755,1791424971,0,,,,,0,0
41237e2b72335b954e1fd1f8,1791424971,0,,,,,0,0
4128a7ae314593e541e94e05,1791424971,0,,,,,0,0
412e4386a3e9af1ca10c745f,1791424971,0,,,,,0,0
4132637df960bda0dcd22cf8,1791424971,0,,,,,0,0
4133bb848aa1817e0ad7ef9d,1791424971,0,,,,,0,0
413716bb83c727dd263f6c54,1791424971,0,,,,,0,0
413c48f48789cc32df992483,1791424971,0,,,,,0,0
413d99fe7fdcb46a487acae0,1791424971,0,,,,,0,0
4156e64f15e51a3b472cd365,1791424971,0,,,,,0,0
4157ddffd3b2ab9850ccecc5,1791424971,0,,,,,0,0
415f19ef86b8cade998c1a7b,1791424971,0,,,,,0,0
41615dbf0752d45241381cb9,1791424971,0,,,,,0,0
41621d5ff83938305f618fc1,1791511133,0,,,,,0,0
41635114ed27ad2a1870b94d,1791424971,0,,,,,0,0
41697733c7890bc0e2f73024,1791424971,0,,,,,0,0
416bd3b97d4282036831d280,1791424971,0,,,,,0,0
416c27bd4c32eae364e15e70,1791511133,1,0001104659-26-114220,9.01,1791378015,3.5,0,0
41771b6966abc902f6c111e3,1791424971,0,,,,,0,0
41775e7e7982001af8375224,1791424971,0,,,,,0,0
417b75bbc9dd0e7ff4ead8f3,1791424971,0,,,,,0,0
417eb6d5697fb242f0e268c7,1791511133,0,,,,,0,0
417ebac8a1654859665c3f73,1791424971,0,,,,,0,0
4182891eb7c22eab7e17a4a6,1791511133,0,,,,,0,0
4185266a0035046048c5a838,1791424971,1,0001628280-26-063314,"2.02,9.01",1790247785,5.5,1,0
41865e972e462ef227e6eb43,1791511133,0,,,,,0,0
4186e99c9efbf2979320ccd6,1791424971,0,,,,,0,0
418a30229576b0ce45262d82,1791511133,0,,,,,0,0
418ce3d63c742d3f9682d176,1791424971,0,,,,,0,0
4190bfe1a322b65c4b99226d,1791424971,0,,,,,0,0
419266b7d92aefbe86581f4f,1791424971,0,,,,,0,0
419311bee7ea6d27d5814780,1791424971,0,,,,,0,0
4195e2ac78daea8984d2eb04,1791424971,0,,,,,0,0
4199d051dd2f3ccc09a52551,1791511133,0,,,,,0,0
419a29ae4a6b4fb51e8c6737,1791424971,0,,,,,0,0
41a31ce7490e757357545c91,1791424971,0,,,,,0,0
41a51bdb7cbbdde184d9cf26,1791424971,0,,,,,0,0
41a6ff08b04828bfccaaedce,1791424971,0,,,,,0,0
41ab54cc4e91cc137a75960c,1791424971,0,,,,,0,0
41af4d043f8f3377526011a5,1791424971,0,,,,,0,0
41b1b303420b8e223b209bdb,1791511133,0,,,,,0,0
41b47bbcae241d985f84ff34,1791424971,0,,,,,0,0
41b643ed6d954f3246806498,1791424971,0,,,,,0,0
41bcc41b2bfb2fa0946ccfaa,1791424971,0,,,,,0,0
41c34e3cf37132f17871d984,1791424971,0,,,,,0,0
41c9abafc963d0bbf01a4893,1791511133,0,,,,,0,0
41d37d958e81069fb5955b95,1791424971,1,0001564708-26-000208,"8.01,9.01",1790208173,4.5,0,1
41e2abf3e1a6ef0abbffafc7,1791424971,0,,,,,0,0
41e47c63213037da22944678,1791424971,0,,,,,0,0
41e8b18edb6a0f2b3a68649f,1791424971,0,,,,,0,0
41ea5a4c53e30eaf65ffde02,1791424971,0,,,,,0,0
41efeba139a3f6a843f97fc5,1791511133,0,,,,,0,0
41f7754f7929915b0605b96a,1791511133,0,,,,,0,0
42011666a2769572c8050070,1791424971,0,,,,,0,0
42071704aa15133c4a36d4d4,1791424971,0,,,,,0,0
420c2f909a68c7ec0fd0985c,1791424971,0,,,,,0,0
42161f8ed092e9798463510a,1791424971,0,,,,,0,0
421946ae23864cbf0d888e48,1791424971,0,,,,,0,0
42289ed9000d3d5e2303b147,1791424971,0,,,,,0,0
422a177f4f3875fc7b394599,1791424971,0,,,,,0,0
423233ef6f9178a7dca860a3,1791424971,0,,,,,0,0
42327808f45adb654465a848,1791424971,0,,,,,0,0
4234cbc22878ed3db885ee80,1791424971,0,,,,,0,0
4234e6f7b14a5b7338532dad,1791424971,0,,,,,0,0
42371d0749be5f990c0e35d3,1791511133,0,,,,,0,0
423fdf082d3a335c21b4605d,1791424971,0,,,,,0,0
424314fcb29bdf79f7933ff1,1791424971,0,,,,,0,0
424f8f39fa1564b37bd370dc,1791424971,0,,,,,0,0
42562dc56d9a2cbeb1110f9f,1791511133,0,,,,,0,0
42579beb85e004553919ae78,1791424971,0,,,,,0,0
4258a9be3dc631e06c0faf8c,1791511133,0,,,,,0,0
425ec3b7a15f1fbc0339cf3e,1791424971,0,,,,,0,0
425f6fece28839ac9b89a3b2,1791424971,0,,,,,0,0
4261c6f76545947330f75028,1791424971,0,,,,,0,0
42689f8946bbdf09609ac755,1791424971,0,,,,,0,0
4269752be7934ccc2399e049,1791424971,0,,,,,0,0
42699e9269e0e379ecfa4930,1791424971,0,,,,,0,0
4269fdd23278c066b6abc88c,1791424971,0,,,,,0,0
426db364738093ed9311481a,1791424971,0,,,,,0,0
42774dcb3f4fab3a18dc2843,1791424971,0,,,,,0,0
4277d52d90a954c95f07c472,1791424971,0,,,,,0,0
427edca79c5ffb3efed5a08b,1791424971,0,,,,,0,0
428167058716a4e8799253e6,1791511133,0,,,,,0,0
42868f04e80404368c3d9468,1791424971,0,,,,,0,0
428a90042931e87fdc52ab11,1791424971,0,,,,,0,0
428af01d126bcd51c3b9974a,1791424971,0,,,,,0,0
428b0f338df4c3eb57655fab,1791511133,0,,,,,0,0
428cb095a666e9146d0e5c52,1791424971,0,,,,,0,0
428ce6fcd19ce4f7a24b5cea,1791424971,0,,,,,0,0
4296270359bd886730f328fa,1791424971,0,,,,,0,0
42967816307f04a78d35d6d1,1791424971,0,,,,,0,0
429746ddf463d8e7066d2312,1791424971,0,,,,,0,0
4298bc6689ff13559e579745,1791424971,0,,,,,0,0
429c33a6b6c3713868a1e7c9,1791424971,0,,,,,0,0
42a0ecb637ca3b44cb086941,1791424971,0,,,,,0,0
42a411a34557ed46c2debef1,1791424971,1,0001193125-26-397219,"8.01,9.01",1790075179,0.5,0,1
42a413ffce05886c6eb61c2c,1791424971,0,,,,,0,0
42baf4e920b274b62dea5342,1791424971,0,,,,,0,0
42be5701c0ef99cb6611c5af,1791424971,0,,,,,0,0
42c1ed7beec648c43dd7882a,1791424971,0,,,,,0,0
42c7e5ca886a327d87bf7b29,1791424971,0,,,,,0,0
42c8d7af0006be17fbdf8165,1791511133,0,,,,,0,0
42ccfac4401307181efdad59,1791424971,1,0001524472-26-000132,"1.01,1.02,2.03,9.01",1788911848,6.5,0,1
42d21484aa7918959b4d604f,1791424971,0,,,,,0,0
42d384a8ff3ff52f40eff911,1791424971,1,0001628280-26-064413,"5.03,5.07,9.01",1790954717,3.421388888888889,0,1
42d3e4d5a136f1611db19328,1791424971,0,,,,,0,0
42d42d8177cb5cc0487fe464,1791511133,0,,,,,0,0
42d90d0892026e553e00d536,1791424971,0,,,,,0,0
42d9b8ba7bc18511132a84e3,1791424971,0,,,,,0,0
42dc3f6dc6126f9afb8ccf47,1791424971,0,,,,,0,0
42e87747db954ef0a0607cf1,1791511133,0,,,,,0,0
42edc19310af7d126ffd7775,1791424971,0,,,,,0,0
42f195afb4c3a9afaca653f3,1791424971,0,,,,,0,0
42f77a298d6baeb18b4160fb,1791424971,0,,,,,0,0
42fa13d5bf7fdfcf71dee3bd,1791424971,1,0001728951-26-000064,"7.01,9.01",1789590971,5.5,0,1
42ffe00996486845b4d7761d,1791424971,0,,,,,0,0
43011b550fb54a699b8e8803,1791424971,0,,,,,0,0
430f285433b08e8ede4d9c12,1791424971,0,,,,,0,0
430fef52db906acbf3ea0a87,1791424971,0,,,,,0,0
43170610c261f6cdccce9ab4,1791511133,0,,,,,0,0
43178aef2d8f25121475aec1,1791424971,0,,,,,0,0
4317adbf17f8b4c54b098e1e,1791511133,0,,,,,0,0
431df10bb9a6bcf8c5a81197,1791424971,0,,,,,0,0
431edfb269adfa292712d29e,1791424971,0,,,,,0,0
43208aa18ea281ec3115a0e8,1791424971,0,,,,,0,0
4325727202b47b4e5fb96cc9,1791424971,0,,,,,0,0
4327c028394510ff49a7257f,1791424971,0,,,,,0,0
4331147673b22bea71b05937,1791511133,0,,,,,0,0
433143fb94d81bdb985f0584,1791424971,0,,,,,0,0
43335a86957c82a9724cef34,1791424971,1,0001086222-26-000089,"5.05,9.01",1790366670,5.5,0,1
43378d7a320fa3b60444f459,1791424971,0,,,,,0,0
4339068c6c741d3ce2335924,1791424971,1,0001104659-26-112420,"8.01,9.01",1790803628,4.5,0,1
4341741b89ad256d17c3a68c,1791424971,0,,,,,0,0
4346c1369aa603c517e988a7,1791424971,1,0001728951-26-000064,"7.01,9.01",1789590971,12.0,0,1
43474c0307037aac04b5bb19,1791424971,0,,,,,0,0
4347e9f4c9d9280227ca48be,1791424971,0,,,,,0,0
43484d94632951888059c933,1791511133,0,,,,,0,0
434de110954def25c3e7b981,1791424971,0,,,,,0,0
434e1b6264a7cd3563a07415,1791424971,0,,,,,0,0
4350556e99f4dc41759059da,1791424971,0,,,,,0,0
43539dd9db96497a32380fa8,1791424971,0,,,,,0,0
4355bd76e83b98a80a559f0e,1791511133,0,,,,,0,0
43589bd4fb0b66d1a598af4e,1791424971,0,,,,,0,0
435ff77ca14ca6da4441054a,1791424971,0,,,,,0,0
4362c7bb32c7b12b50fa3379,1791424971,0,,,,,0,0
436529aac16a10c36cac4085,1791424971,1,0000920522-26-000027,"1.01,2.03",1790366780,7.0,0,1
43670fa3917d7acb5900dc49,1791511133,1,0000016918-26-000039,"2.02,7.01,9.01",1791317934,5.5,1,0
4367ecc1e4ee092cbc847af5,1791424971,0,,,,,0,0
436aade74b8cc6a8ea69123b,1791424971,0,,,,,0,0
436d58d04441cb20cb76e4ea,1791424971,0,,,,,0,0
436fd129b879a482cd0eeca4,1791511133,0,,,,,0,0
437035228940f24b08966837,1791511133,0,,,,,0,0
4372f30cbe94bfabfbc0313f,1791424971,0,,,,,0,0
43778567fa4ca5f8d93480d3,1791424971,0,,,,,0,0
437a0b8dcd6fe1649ea44495,1791511133,0,,,,,0,0
437da6e5c2b417e3f1ba06fb,1791424971,0,,,,,0,0
4381a875e154b843b60cf8c0,1791424971,0,,,,,0,0
43831cf838f716b4ef401d72,1791424971,0,,,,,0,0
4388dc79480c58ea0be686db,1791424971,1,0001104659-26-109755,"8.01,9.01",1790157698,2.5,0,1
439b11defd38c4172c51dbda,1791424971,0,,,,,0,0
439f7509d04b66bfd76337ad,1791424971,0,,,,,0,0
43a1f5abcd9d8c6c5280635b,1791424971,1,0001193125-26-391405,"8.01,9.01",1789476709,5.5,0,1
43a639d5bf2efeef7a079912,1791424971,0,,,,,0,0
43a7b23763a260a9dbfecace,1791424971,0,,,,,0,0
43ab0dc36cf61eaa325ba57c,1791424971,0,,,,,0,0
43ab485b0a7b0ef18a4a820d,1791511133,0,,,,,0,0
43abcdf181431fe3d255e53a,1791424971,0,,,,,0,0
43ac1d1b860e4acd68cac35a,1791424971,0,,,,,0,0
43ae166eac60578198b381d4,1791424971,0,,,,,0,0
43b1f4de86d437032925fcca,1791424971,0,,,,,0,0
43b6194e15292ebfd41bf836,1791424971,0,,,,,0,0
43c09c7a8aef3002286eb87e,1791424971,0,,,,,0,0
43c119e1a570493415592f68,1791424971,0,,,,,0,0
43c86f31d492e2570104e9ea,1791424971,0,,,,,0,0
43c8ab264e700b89f90fb307,1791424971,0,,,,,0,0
43cd34c28572adae889aced3,1791424971,0,,,,,0,0
43d0e6dce179beb1b8f60c32,1791424971,0,,,,,0,0
43d2f973aa7623415350c84b,1791424971,0,,,,,0,0
43d785ac8b1581b151e0f87b,1791424971,0,,,,,0,0
43d962f4b7a0a48dec66baa3,1791424971,0,,,,,0,0
43daf8a6e3164fdfac07802b,1791424971,0,,,,,0,0
43dd53954625cac5fb5afaf0,1791424971,0,,,,,0,0
43e0910a4ec85921f672871e,1791424971,0,,,,,0,0
43e2a43e3b2ea85c1e0abca1,1791424971,0,,,,,0,0
43e44af6040b114f18519e0d,1791424971,0,,,,,0,0
43e53720a6a0fdc1d584c8a3,1791424971,0,,,,,0,0
43ee86ccc0053f84e0f0a460,1791424971,0,,,,,0,0
43f0990b650e8c28737b1ed9,1791424971,0,,,,,0,0
43f4455133ed5ec8c9ee102f,1791424971,0,,,,,0,0
43f4eb872f7e42479450f127,1791424971,1,0000920522-26-000027,"1.01,2.03",1790366780,7.0,0,1
43f5b0f5db2d4f651960a5d6,1791424971,0,,,,,0,0
43f6c511282d947d4c3e8489,1791511133,0,,,,,0,0
43f7fcb2581e18bd17f82bde,1791511133,0,,,,,0,0
43f8121d54b5316909c7ed31,1791424971,0,,,,,0,0
43f8ae70e2d9d68ad69e341d,1791511133,0,,,,,0,0
4406222fe358d729b6397bc5,1791424971,0,,,,,0,0
440a613dbd071c6db7ff5bc8,1791424971,0,,,,,0,0
4410bf53d499c562868b0bfa,1791424971,0,,,,,0,0
4412b65c7c34c63b36868abf,1791424971,0,,,,,0,0
441393b5538d6a4e22ad8377,1791424971,1,0001170010-26-000102,"2.02,9.01",1790679630,0.5,1,0
441515af28cc6662de022d47,1791424971,0,,,,,0,0
4416fc77cc8d24f794e20f90,1791424971,1,0000720005-26-000077,"7.01,9.01",1790195034,0.5,0,1
4417db115cccf98d047ccfdf,1791424971,0,,,,,0,0
441827516db6a89f5b7dd46d,1791511133,0,,,,,0,0
441de8acd32a0ffef9bda780,1791511133,0,,,,,0,0
4421ea315894a29902990df2,1791424971,0,,,,,0,0
442557917e45b159143b41e9,1791424971,0,,,,,0,0
44258b77773c3a6609aa4267,1791424971,0,,,,,0,0
44270a60433e343f14811a99,1791424971,0,,,,,0,0
4427effc020544452b70cf28,1791424971,0,,,,,0,0
4427fc898aee17bb5f5cde58,1791424971,0,,,,,0,0
442b573d9ec7c36630e08cdd,1791424971,0,,,,,0,0
442b6c094410d3c9a772cb96,1791424971,0,,,,,0,0
4430fd856064b7f7a07c4adf,1791424971,0,,,,,0,0
4436203a87c1127633d977ca,1791424971,0,,,,,0,0
44395712ed1f7a3f2be8be18,1791424971,0,,,,,0,0
443c4f16738b95aa1937fead,1791424971,1,0001437749-26-031416,"2.02,7.01,9.01",1790676058,6.5,1,0
444096b9840fd760a8872b47,1791424971,0,,,,,0,0
44473c710fe84147fac942b5,1791424971,0,,,,,0,0
4448482d4a0a9e694f695572,1791424971,0,,,,,0,0
445142309ec63fe0768c67e0,1791424971,0,,,,,0,0
4453ad7ee944c860c588fa9f,1791511133,0,,,,,0,0
44545baa3a5dea109c162814,1791424971,0,,,,,0,0
4456ff010832dac28978e221,1791424971,0,,,,,0,0
445b89dd93865ea57edaed95,1791424971,0,,,,,0,0
445c872b2f9ed7245dabc7d9,1791424971,0,,,,,0,0
4461d590a574181b9d60567f,1791424971,0,,,,,0,0
4464b5685dc77cd770e84a02,1791424971,1,0001171843-26-006074,"8.01,9.01",1789588817,0.5,0,1
446941096877f28a95b933b9,1791424971,1,0001037976-26-000173,5.02,1790801155,7.0,0,1
446b41de61ee5eb25bfb235f,1791424971,0,,,,,0,0
446f0416b2dde01e6e29d678,1791424971,0,,,,,0,0
446fa9754e0709689e4dc778,1791511133,0,,,,,0,0
44714ed4dfaca84aece9c9bb,1791424971,0,,,,,0,0
4480007daecfc6d521c4e2dc,1791424971,1,0002071876-26-000221,1.01,1790371721,11.0,0,1
4486cbe668e856b9604ed3f5,1791511133,0,,,,,0,0
449f3ede5a458e1c09d1012a,1791424971,0,,,,,0,0
44a7e765843e258bce4f810b,1791424971,0,,,,,0,0
44afce1a68ea6a6fe291b000,1791424971,0,,,,,0,0
44b0704ac3701babf7868771,1791424971,0,,,,,0,0
44b702eb1b6396d7a45e39a2,1791424971,0,,,,,0,0
44bbe7764ea5db7544561133,1791424971,0,,,,,0,0
44bead4badfdd714e49b394b,1791424971,0,,,,,0,0
44bf606c84be936b897e7f56,1791424971,0,,,,,0,0
44c184af0381f81ff2e672ad,1791424971,1,0001104659-26-106344,"7.01,9.01",1788985401,1.5,0,1
44c6b27ab6d4a9e22b684f19,1791424971,0,,,,,0,0
44cadb69123a3d5896793fd8,1791424971,0,,,,,0,0
44cb1cf0b673a0c8ae5df372,1791424971,0,,,,,0,0
44d381125273d968504ef306,1791424971,0,,,,,0,0
44d6567d8ba32f6b1c5eb953,1791424971,0,,,,,0,0
44dbda45069e0bf90e11ee2d,1791424971,0,,,,,0,0
44ddd8de2c8aac41e9ec2513,1791424971,0,,,,,0,0
44e29722dba7d49c84526add,1791424971,0,,,,,0,0
44e370b3ab4111d2c04e9747,1791424971,0,,,,,0,0
44e802635d081aa6f467c882,1791424971,0,,,,,0,0
44e88d1e19a0afe48a81cc7a,1791424971,0,,,,,0,0
44e99ebedc5b70097d505ca4,1791424971,0,,,,,0,0
44ea50906ddd4e3f48a06242,1791424971,0,,,,,0,0
44eb1ab67f2e86e0aafdd8d6,1791424971,0,,,,,0,0
44ef6169b34960141d5430e7,1791424971,0,,,,,0,0
44f4b05f666996b16950ae22,1791424971,1,0001193125-26-409792,"7.01,9.01",1790852669,0.5,0,1
44fc7a76d29dc576453b8017,1791424971,0,,,,,0,0
4506032646a45d6d92db17b3,1791511133,0,,,,,0,0
4510fd17bfd4a9f87dce9717,1791424971,0,,,,,0,0
45127cc1f7436e01676ee93b,1791424971,0,,,,,0,0
4513510c4b7121ca7bdaf809,1791424971,0,,,,,0,0
4521af2a392a78fd2c3873e7,1791424971,0,,,,,0,0
452251191ff51d919e21adb6,1791424971,0,,,,,0,0
452d41856a87a14878e72251,1791424971,0,,,,,0,0
453106b7a4fe89ff93a7cca4,1791424971,0,,,,,0,0
4531808a548c35f3923a1264,1791424971,0,,,,,0,0
4537a865afeacf35ae8d62a8,1791424971,0,,,,,0,0
453984d49afa6fa159796b24,1791424971,0,,,,,0,0
453f06721d1209be2e75cf1c,1791424971,0,,,,,0,0
45423a4b40236ff68fbf481a,1791424971,0,,,,,0,0
45483689fd642bff02e03e3c,1791424971,0,,,,,0,0
454d2a6c5d758853f53e90c4,1791424971,0,,,,,0,0
45516334f9de5d0c58a3d75e,1791424971,0,,,,,0,0
45520055467ac0037b7ef0db,1791424971,0,,,,,0,0
455a6f1272d20015ff2f3f8d,1791424971,0,,,,,0,0
45603a9be814244734b8fdea,1791424971,0,,,,,0,0
45620ff1c351904d8cf92556,1791424971,1,0000063754-26-000326,"2.02,9.01",1790854271,0.5,1,0
45630742af70e1a8819b9940,1791424971,0,,,,,0,0
4567930dd677f0047aafe921,1791424971,0,,,,,0,0
4567df55a2d5377d030b5af6,1791424971,0,,,,,0,0
4569792ce176e188b8bbe481,1791424971,0,,,,,0,0
456e638c104d618bb24ed93f,1791424971,0,,,,,0,0
457071edcaf02ed6929e0d25,1791424971,0,,,,,0,0
45733e1f321da97d8fcbefbc,1791424971,0,,,,,0,0
457a440ea54c5143e450af63,1791424971,0,,,,,0,0
457a6396d958e622e6c25ae6,1791424971,0,,,,,0,0
457b047a3ce9670acfce29d4,1791424971,0,,,,,0,0
457ce28eb5a4f5120706b2ae,1791424971,0,,,,,0,0
458357fcf6a5ed33f3519d8d,1791424971,0,,,,,0,0
458d95954fab9dba7ae02654,1791424971,0,,,,,0,0
459bef327f7695ce6ef5eee4,1791424971,0,,,,,0,0
459cd4c50bcfc6648dadb6bd,1791424971,0,,,,,0,0
45aff23299558dba66b7aeac,1791424971,0,,,,,0,0
45b501ee39502da1f952e619,1791424971,0,,,,,0,0
45b6e74af2138dc8938766c6,1791424971,0,,,,,0,0
45b71409708a2192f5acfbe8,1791424971,0,,,,,0,0
45b77d38fd6bb5732d7710cb,1791511133,0,,,,,0,0
45b89d3dd237011769776666,1791424971,0,,,,,0,0
45c0fac438e6e38cb2b68102,1791424971,0,,,,,0,0
45c18deb353d8a37d2a46200,1791424971,0,,,,,0,0
45c57227c070d0c91c2e4e81,1791424971,0,,,,,0,0
45ce9fc7f01d5bacded259b8,1791424971,0,,,,,0,0
45e207ce65010b64ef0801b7,1791424971,0,,,,,0,0
45e531461aa440022e144242,1791511133,0,,,,,0,0
45e6aed1ad62ac84acd1a538,1791424971,0,,,,,0,0
45ea6fa1d8286aa1a0142976,1791424971,0,,,,,0,0
45eaf2d74a2d71a307c1ace4,1791511133,0,,,,,0,0
45eb202d79927c0ce6e9ddf4,1791424971,0,,,,,0,0
45eb253c99702e87b4da1b08,1791424971,0,,,,,0,0
45ed19fb0f88344b0a32cb32,1791424971,0,,,,,0,0
45f3b76ae2c0e63f34d35f54,1791424971,0,,,,,0,0
45f5ca19623fb4e5bd91f455,1791424971,0,,,,,0,0
45f616969a542984a7838ffe,1791424971,0,,,,,0,0
45f74e7d4ac3e58759ee536c,1791424971,0,,,,,0,0
45fb46c7d7bb2e89af0e10ee,1791511133,0,,,,,0,0
45fda470a4bffd4b46099a52,1791424971,0,,,,,0,0
45fecc2319688437fef52598,1791424971,0,,,,,0,0
4603f8143922570b2cad7e35,1791424971,0,,,,,0,0
460409639408113afb85d736,1791511133,0,,,,,0,0
46080a46b236cc39c45cc18a,1791424971,0,,,,,0,0
4608829ff9f7fa12292d627f,1791424971,0,,,,,0,0
460938884439be264a327709,1791511133,0,,,,,0,0
460a1768589bdbccbc030ad0,1791424971,0,,,,,0,0
460f15a0139ba51a563e75bb,1791424971,0,,,,,0,0
461072a137008d595abe8e79,1791424971,0,,,,,0,0
4614f67aa0481ba72b87f55e,1791511133,0,,,,,0,0
4615b2b49d5348e1ac764321,1791424971,0,,,,,0,0
4625574a43f859ed4b60d0d9,1791424971,0,,,,,0,0
462ec7ea22da70edb78d3dd7,1791424971,0,,,,,0,0
462f9bb6b4fe0aae38a6d501,1791424971,0,,,,,0,0
46302a356edd2a8568695a29,1791424971,0,,,,,0,0
4632f4b1b712e28e521babd7,1791424971,0,,,,,0,0
463446511a15a670572f8b3f,1791424971,0,,,,,0,0
463678fb06a77c84d95cc28d,1791424971,0,,,,,0,0
463cf37d9671d412279369a5,1791511133,0,,,,,0,0
46401bfb767c0231a2f030a1,1791424971,0,,,,,0,0
464046c844097496ffb730d4,1791424971,0,,,,,0,0
46425259efb9916a90a6723e,1791424971,0,,,,,0,0
4642a651ed3ea71a5d5e9240,1791424971,0,,,,,0,0
464e980dcf9b0a84b8ef91e5,1791424971,0,,,,,0,0
46501dd7e5e263a5fb90d21a,1791424971,0,,,,,0,0
465e963845424d4766f9f4fe,1791424971,0,,,,,0,0
466a36cfb4f0939c03e168d4,1791511133,0,,,,,0,0
466c24bf9c227a070405603d,1791511133,0,,,,,0,0
46746cd94db11de61c524130,1791424971,0,,,,,0,0
467dde0f1979ae13edb412c7,1791424971,0,,,,,0,0
467e535f0b0e634f934ea312,1791511133,0,,,,,0,0
4683f9b3a1b743fa61f9a561,1791424971,0,,,,,0,0
46846e72b9ed825027a76d96,1791511133,0,,,,,0,0
4687549b36684c7efed1e5a9,1791424971,0,,,,,0,0
468949a8684b8a6e1b7d701f,1791424971,0,,,,,0,0
4689d1d57adf49f871be25d8,1791424971,0,,,,,0,0
468bd6a01df037cb343764a3,1791427778,0,,,,,0,0
468bfb725e6c75c1fc1bf2e7,1791424971,0,,,,,0,0
468e06118e0c2a029356f285,1791424971,0,,,,,0,0
468eaa8d5401cea2d7932dd3,1791424971,0,,,,,0,0
469bfaa51c33f82474c0c67b,1791424971,0,,,,,0,0
469d14408db9c3bdf9e62aa4,1791424971,0,,,,,0,0
469d1705e39e4b819c4eff22,1791424971,0,,,,,0,0
469eca31cca1c73cfaab485a,1791511133,0,,,,,0,0
46a082801d0bd0f67ffa213d,1791424971,0,,,,,0,0
46a199f35222f4b1fd6b66ba,1791424971,0,,,,,0,0
46a1ee3a0550643288445360,1791424971,0,,,,,0,0
46a37afe52d3ae7dc86b3111,1791424971,0,,,,,0,0
46aa48e3b935cfbdc6a0393a,1791424971,0,,,,,0,0
46aa810a8f423e013016355a,1791424971,1,0001628280-26-063850,"7.01,8.01,9.01",1790716525,1.5,0,1
46ad0a620c8f8f650515905a,1791511133,0,,,,,0,0
46b1626e001bd16d04cf8c8d,1791424971,0,,,,,0,0
46ba40ec92d9c37e60d19837,1791424971,0,,,,,0,0
46beb5acdf35456ef4204f61,1791424971,0,,,,,0,0
46c58a987246633a45a39f40,1791424971,0,,,,,0,0
46c7a2fa88810f346875150f,1791424971,0,,,,,0,0
46cb86a46e4a279cebcd25b0,1791424971,0,,,,,0,0
46ced69f63be30ce0d869f50,1791424971,0,,,,,0,0
46d25374e8bfab2b894b4745,1791424971,0,,,,,0,0
46d5eb417531b7d350cce9a6,1791424971,0,,,,,0,0
46d65198bc86893c4f701d23,1791424971,0,,,,,0,0
46d69654fd5e3512787fc1cc,1791424971,0,,,,,0,0
46d8fbdd35572fb303ff005a,1791424971,0,,,,,0,0
46d9aad3549d639355d91042,1791424971,0,,,,,0,0
46dca5110488fe1113afc3ce,1791424971,0,,,,,0,0
46e0565de0bd15b692dcf947,1791424971,0,,,,,0,0
46e2010db6265676ef428146,1791424971,0,,,,,0,0
46e3b4fc37b3a0d02095eae0,1791424971,0,,,,,0,0
46ec0b932ec70b761a67dabc,1791424971,0,,,,,0,0
46ef595617f32e0ba087f667,1791424971,0,,,,,0,0
46f4dc626ca7b0ecbcd6906d,1791424971,0,,,,,0,0
46f5a3f98b6afbaca7dfbc4d,1791511133,0,,,,,0,0
46f855a077da0882fa261f10,1791424971,1,0001171843-26-006315,"8.01,9.01",1790812794,1.5,0,1
46fa1f73dc77d714596edc71,1791424971,1,0001660280-26-000039,"1.01,1.02,2.03,3.02,8.01,9.01",1789503792,11.0,0,1
470150777eb0e3e8367d1aac,1791427778,0,,,,,0,0
4702fd4f95ea9b83fe2f16c2,1791424971,0,,,,,0,0
4703cb38f9759edc4c004ece,1791424971,0,,,,,0,0
4704a7d19588fa2e70eaed2c,1791424971,0,,,,,0,0
4704f6e4d515286c2a68e5c6,1791424971,0,,,,,0,0
47059f5cbd50fa208ed4ba0f,1791511133,0,,,,,0,0
470bf341ee77067fb0570046,1791511133,0,,,,,0,0
4714906e3e09ff63d084a1dd,1791424971,0,,,,,0,0
4714e46484ced293640251ac,1791424971,1,0000899051-26-000135,"7.01,9.01",1789644999,0.5,0,1
47170a4d6ffd4eff0747a905,1791424971,0,,,,,0,0
4717c3aaa5ef1f8816fd73f8,1791424971,0,,,,,0,0
471827d85f450d6f5329859d,1791424971,0,,,,,0,0
4719f0cae914f9b4425bde87,1791424971,0,,,,,0,0
471f0d33c7cc51f8582697cb,1791424971,0,,,,,0,0
4722f9c5f1b3a388e08dd9bf,1791424971,0,,,,,0,0
472c53a9fd3944bbac86ae6d,1791424971,0,,,,,0,0
472f8e77893c7f0cd288e306,1791424971,0,,,,,0,0
4731e097eed77a846c2eb720,1791424971,0,,,,,0,0
473ce62803df2e334bf8af4e,1791424971,0,,,,,0,0
473d1aa6614a276ff4af1e2e,1791424971,0,,,,,0,0
473fe4423438951014ea837a,1791424971,0,,,,,0,0
47411bbc8891f934595d503e,1791424971,0,,,,,0,0
4746777f662d6241a21226b2,1791424971,0,,,,,0,0
474a1ea5d04394a2f8b20a8c,1791424971,0,,,,,0,0
474a56a48888b6bf34419040,1791424971,0,,,,,0,0
474d16e2896853443bbc317c,1791511133,0,,,,,0,0
474dc07ca183c5a000e09600,1791424971,0,,,,,0,0
474f8465029ab7fd378cc74f,1791424971,0,,,,,0,0
4750f7730038abb8f6d95ef9,1791424971,0,,,,,0,0
4751f029bdadfe03a863d349,1791424971,0,,,,,0,0
475372ec06cab49ff8b7476c,1791424971,0,,,,,0,0
475a2b83a4b1041e925cb82c,1791424971,0,,,,,0,0
475bd1d5ab069bbe87d5f2d2,1791511133,0,,,,,0,0
475d7ca46d865f0c332a3216,1791424971,0,,,,,0,0
47620913446067b380c86fb1,1791424971,0,,,,,0,0
476a587983b8997ec54f07fb,1791424971,0,,,,,0,0
476ad081252d616cefc4463c,1791511133,1,0001144879-26-000057,"2.02,9.01",1791405811,13.0,1,0
477033df0cdda003feae3c2d,1791424971,0,,,,,0,0
4771bbdf5efb64c0029b578d,1791424971,0,,,,,0,0
4771bbe9cc84693d619ae49c,1791424971,0,,,,,0,0
47760eb9cca283c4c474e795,1791424971,0,,,,,0,0
47775370c404d54cced87acf,1791424971,0,,,,,0,0
47789ebcec57b00e411b6390,1791424971,0,,,,,0,0
477aaae092dcd1738dcb0450,1791424971,0,,,,,0,0
477d0de17bd24326ca62fe01,1791424971,0,,,,,0,0
47813e66da7abeea7edd20b3,1791424971,0,,,,,0,0
478170cdbb467bc5519bdec3,1791424971,0,,,,,0,0
47840f72ddf092f80c7eab8f,1791424971,1,0000096223-26-000028,"2.02,9.01",1790626738,0.5,1,0
47856c20a9f48f71c2a8a486,1791424971,0,,,,,0,0
478a414d0c45c236047ce45b,1791511133,0,,,,,0,0
478e07182705e748af6f0de1,1791424971,0,,,,,0,0
4796a10839dc862d67cd1efe,1791424971,0,,,,,0,0
47a869f538f67c6a568cdf3f,1791424971,0,,,,,0,0
47b1b72421d43e1f5d101786,1791511133,0,,,,,0,0
47b2b2ead175b7f39c8ae6b3,1791424971,0,,,,,0,0
47b3890fa34e936c74232825,1791424971,0,,,,,0,0
47b405270f79f24db13aa73c,1791511133,0,,,,,0,0
47b730c9303b4fad14e7281a,1791424971,0,,,,,0,0
47b790930eec6ceb05898948,1791424971,0,,,,,0,0
47b9d5966e4970d4fb5432f8,1791511133,0,,,,,0,0
47bccdaf3de874e7cabf178a,1791424971,0,,,,,0,0
47bdd98871cf3749d41598af,1791424971,0,,,,,0,0
47c028cc52c4178e079fbbe2,1791511133,0,,,,,0,0
47c20d3de5c091b4add70419,1791511133,0,,,,,0,0
47c44d19941737584392ca80,1791424971,1,0000920148-26-000205,7.01,1790109818,0.5,0,1
47cac1c1e2160674a8c56ab6,1791424971,0,,,,,0,0
47cd1e08bf7893ade09d420a,1791511133,0,,,,,0,0
47d43ebfd40aa134b57715d5,1791511133,0,,,,,0,0
47da0cd3abd79b741ffca8ea,1791424971,0,,,,,0,0
47db45b1b5789d8352cf480f,1791424971,0,,,,,0,0
47e0dddd76e201e21cc4dea9,1791424971,1,0001104659-26-110464,"8.01,9.01",1790284962,0.5,0,1
47e27923620b4754c583e978,1791424971,0,,,,,0,0
47f273c6f4ee57d617c1468f,1791424971,0,,,,,0,0
47f99f1fbc10ae15e39496c5,1791424971,0,,,,,0,0
48083c076432c7af78c682c3,1791424971,0,,,,,0,0
4808e2a49eaf81df888ee425,1791424971,0,,,,,0,0
4811d67f048ef5a90535ac3d,1791424971,0,,,,,0,0
48120ff393ab2f0e5be1d9fb,1791511133,0,,,,,0,0
481428db2dbce4b4ebe4e96e,1791424971,0,,,,,0,0
481700e550df811643a94d9e,1791424971,0,,,,,0,0
4817b29d357d9cf48133746a,1791424971,0,,,,,0,0
4819b7e45e85f66249d3ea2a,1791424971,0,,,,,0,0
481b805395c8028acf4fad01,1791424971,0,,,,,0,0
481e42fe50698ee43427df69,1791424971,0,,,,,0,0
481fae451dcb0234ed8abd6f,1791424971,0,,,,,0,0
4820487b7eb49985de0f9893,1791424971,0,,,,,0,0
482ac7b99f6957e1e700295a,1791424971,0,,,,,0,0
482f30badbd8a4026d76e466,1791424971,1,0001108426-26-000058,"7.01,8.01,9.01",1788381301,13.0,0,1
4835bb01e67571e3f22b28d9,1791424971,0,,,,,0,0
483612a10180fc8d7aabce44,1791424971,0,,,,,0,0
4839ee88413408034f943968,1791424971,0,,,,,0,0
483bf6e14a2f46a53b219f3c,1791511133,1,0000016918-26-000039,"2.02,7.01,9.01",1791317934,1.5,1,0
483e4dae4b1f8d5d8e68abcd,1791424971,0,,,,,0,0
483ed6da1d982e902309d2fe,1791511133,0,,,,,0,0
48401bf531659a6df57c3e45,1791424971,1,0001728951-26-000064,"7.01,9.01",1789590971,1.5,0,1
4842c587eabaea81b5fe6f9f,1791424971,0,,,,,0,0
484655998e04ab39d9b2bf8d,1791424971,0,,,,,0,0
4848b54c0bec10b3dabe8a80,1791424971,0,,,,,0,0
484d26b6377b5dfe64d83947,1791424971,0,,,,,0,0
484dc1e4c0a219f8569849b5,1791424971,0,,,,,0,0
4850ac63c25e30b980e4abd8,1791424971,0,,,,,0,0
485704de934f0c25847dd011,1791424971,0,,,,,0,0
48580afe7ce915cbfdb7eba1,1791424971,0,,,,,0,0
485ca4cc0501a23c3dd48325,1791424971,0,,,,,0,0
485d9201c76b0e03c9ca4c53,1791424971,0,,,,,0,0
485fb12403ee80836dd7939b,1791424971,1,0000849399-26-000071,"7.01,9.01",1790626851,1.5,0,1
486214d78021b49a2d0c49ef,1791424971,1,0001043219-26-000070,"3.03,5.03,9.01",1790972129,12.0,0,1
486edbac43f9c2fb9a011083,1791424971,1,0001437749-26-031113,"2.02,9.01",1790254300,0.5,1,0
4872f80268ba1383c0838234,1791424971,0,,,,,0,0
4874627808e01718766f0d5a,1791424971,0,,,,,0,0
48782eeeb1bcf48ac1c8e708,1791511133,0,,,,,0,0
487defc0f00d58c7b249839c,1791424971,0,,,,,0,0
4887ae97b0d70536c2104ac2,1791424971,0,,,,,0,0
488b3b8681e34678e0bbb028,1791511133,0,,,,,0,0
488cae5f81cb0f77cd0c99ee,1791424971,0,,,,,0,0
488f42124ab014179596da0e,1791424971,1,0001171843-26-006315,"8.01,9.01",1790812794,5.5,0,1
48909e8c8587ec719cb8a3d9,1791424971,1,0001104659-26-105498,5.02,1788552340,7.0,0,1
489614fdcaf6e75920bef8c9,1791424971,0,,,,,0,0
48989f0636e79ac6857aa41f,1791424971,0,,,,,0,0
489dfd263d96900475c02333,1791424971,0,,,,,0,0
48a45d031d29648f4004522e,1791424971,0,,,,,0,0
48abc47f07e832fbeba3f439,1791424971,0,,,,,0,0
48b10ea51585b2c037e60306,1791424971,0,,,,,0,0
48b53fdc321643ffc53c7156,1791511133,0,,,,,0,0
48b616dd4ebf709090948b4f,1791424971,0,,,,,0,0
48b6a5c9cfe43e182b082722,1791424971,0,,,,,0,0
48b6f339c5e61272aea28fc8,1791424971,0,,,,,0,0
48b81d111b5a5ee72d224cc6,1791511133,0,,,,,0,0
48b83b58d035acc4b3641eda,1791424971,0,,,,,0,0
48c0bd15d4360b70259590c7,1791424971,0,,,,,0,0
48c2ac0671e041b734cf7e45,1791424971,0,,,,,0,0
48cfe043325859bc07ef5920,1791424971,0,,,,,0,0
48d00500528133ffd7f04ecd,1791424971,0,,,,,0,0
48d6d589eb56060eaf756649,1791424971,0,,,,,0,0
48db276d6fa8ebfc112d75cd,1791424971,0,,,,,0,0
48e35f00083e0a5364c25e17,1791424971,0,,,,,0,0
48e3c11b895de9d0be120afa,1791424971,0,,,,,0,0
48e486dd77f205437ca8b1e5,1791424971,0,,,,,0,0
48e5cf9e8ccc8a470281d02e,1791424971,0,,,,,0,0
48e8f3e241ba111853843a02,1791424971,0,,,,,0,0
48ec0b89bdf4dc3d247fa7c5,1791424971,0,,,,,0,0
48ed0e5b2d55d85a8178f750,1791424971,0,,,,,0,0
48f14496e4a543c80dec510a,1791424971,0,,,,,0,0
48f54f3e09f5e8b74683bbd0,1791424971,1,0001628280-26-061531,"8.01,9.01",1789156878,7.0,0,1
48f88cd0d911e76f9a931a73,1791424971,1,0001628280-26-063314,"2.02,9.01",1790247785,3.5,1,0
48f9e6839f9ac825e2ceae47,1791424971,0,,,,,0,0
48faadddc56de038821bec72,1791511133,0,,,,,0,0
48fcf7e87e51f0e6276d8b36,1791424971,0,,,,,0,0
49062649156f1f761c114eb9,1791511133,0,,,,,0,0
4909cb51c5c5b8f833163675,1791424971,0,,,,,0,0
490cdede082ea58473022440,1791424971,0,,,,,0,0
4918d10ca3e7d70e69025101,1791424971,0,,,,,0,0
49211735e90e38d9742d2bce,1791511133,0,,,,,0,0
4921d6c665c6e1cad86c65ff,1791424971,1,0001090872-26-000062,"2.02,9.01",1787774785,0.5,1,0
4922310965e22a83ea8919de,1791424971,0,,,,,0,0
4927feafc3447834ae24c882,1791424971,0,,,,,0,0
492c57bb9f8ee72f13f330d3,1791424971,0,,,,,0,0
492e52de0315ca5469bc14f4,1791424971,0,,,,,0,0
4930d69858365de055b5d090,1791424971,0,,,,,0,0
49359af73d56ead9fd6feee4,1791424971,0,,,,,0,0
493bf29b4e705851a73353f3,1791424971,0,,,,,0,0
493dc59d9e67de4f2ea6febb,1791424971,0,,,,,0,0
493e4aff04ca045dcedbf436,1791424971,0,,,,,0,0
49407b9fc8650c7b4b73354f,1791424971,1,0001104659-26-112565,"2.01,7.01,9.01",1790851889,0.5,0,1
4947944d1f62b626e7faf01f,1791424971,0,,,,,0,0
4950bffb0f0bc880a736d050,1791424971,1,0001193125-26-394108,"1.01,2.03,3.02,9.01",1789666178,10.99388888888889,0,1
49511394d02cabb96c9138d2,1791424971,0,,,,,0,0
495a631ef5212243d543cf3a,1791424971,0,,,,,0,0
496666580919d2b6a5a2235c,1791424971,0,,,,,0,0
49785739e66a2b7619227691,1791511133,0,,,,,0,0
497a154e3755d06dbe41dc23,1791424971,0,,,,,0,0
497fece186e4fd221a371370,1791424971,0,,,,,0,0
4983c291b9c4b7e850196b38,1791424971,0,,,,,0,0
4990a447f0805f35ea1e7795,1791424971,0,,,,,0,0
499297bba87f9a8b7ede5010,1791424971,0,,,,,0,0
499929921933ee21c1b890ab,1791424971,0,,,,,0,0
499a9cc78e08de6b460ed339,1791424971,0,,,,,0,0
499d7dc5a9ab3201a8148208,1791424971,0,,,,,0,0
49a25f55266585586b6abde6,1791511133,0,,,,,0,0
49a8d5dc43394b6264479669,1791424971,0,,,,,0,0
49bc43001accead53a176617,1791511133,0,,,,,0,0
49be2bcddf7ea8f6f5b8e5be,1791511133,0,,,,,0,0
49be4fb32adf516c275b0d33,1791424971,0,,,,,0,0
49c0a22b82b5f9fe3a00fd16,1791424971,0,,,,,0,0
49c0f182665f9d646c4c4414,1791424971,0,,,,,0,0
49c4b127cb189ed1b16c67d8,1791424971,0,,,,,0,0
49c666ca818e57b0ab491620,1791511133,0,,,,,0,0
49cc81c8cd01b36388955d34,1791424971,0,,,,,0,0
49cdf4102cdb2f53e9276398,1791424971,0,,,,,0,0
49d6819f1736e30d7ff28241,1791424971,0,,,,,0,0
49deeb9d9db58991c40138c9,1791424971,0,,,,,0,0
49efc5d8ec395860d70381d5,1791511133,0,,,,,0,0
49f80bad2fe78d18c5ab1238,1791511133,0,,,,,0,0
4a058f79c59bfa7ee87e83a2,1791424971,0,,,,,0,0
4a0f11178eff7026672cb599,1791511133,1,0000950103-26-015293,8.01,1791321723,7.0,0,1
4a1252377d34efcb6bf04858,1791424971,0,,,,,0,0
4a148309807795cfc9c9b881,1791424971,0,,,,,0,0
4a14c9214be61421b5437d1c,1791424971,0,,,,,0,0
4a152f0bd1381824e182648d,1791424971,0,,,,,0,0
4a157447afbec0ef287e5422,1791511133,0,,,,,0,0
4a165d7e86b17b68959bef8d,1791424971,0,,,,,0,0
4a1891f59dcceb7c239e07ae,1791424971,0,,,,,0,0
4a1b5c16576266d4e62d4f01,1791424971,0,,,,,0,0
4a2176e5904faa2f8aaa6031,1791424971,0,,,,,0,0
4a2af74ece645d92526f1572,1791511133,0,,,,,0,0
4a2cbab8d031923e4a97ddc8,1791424971,0,,,,,0,0
4a2d01052228f72822fd9889,1791424971,0,,,,,0,0
4a312423ae56b947bfb7f4ef,1791424971,0,,,,,0,0
4a3591ddcc5a2e9e2a59ab22,1791424971,0,,,,,0,0
4a37f16fcdd8a79c081c163a,1791424971,0,,,,,0,0
4a38accaea2ba31dcf6a1094,1791511133,0,,,,,0,0
4a3e2c485f92dd5ef99ebef3,1791511133,0,,,,,0,0
4a3f56a4a38f61a9e16a67be,1791424971,0,,,,,0,0
4a46eab539903a711225b70a,1791424971,0,,,,,0,0
4a47b3c057ae43c1d1e155a3,1791424971,0,,,,,0,0
4a514fb5813e7660d0dbf293,1791424971,0,,,,,0,0
4a51cd5d2c2c6c98519b8c46,1791511133,0,,,,,0,0
4a544127dfa5035d0f55a914,1791424971,0,,,,,0,0
4a57b8fd5f2af96c1518e6e7,1791427778,1,0001679273-26-000051,"2.02,9.01",1791288121,2.5,1,1
4a592c733424b5f013145f5c,1791424971,1,0001564708-26-000208,"8.01,9.01",1790208173,4.5,0,1
4a5b7660963ace67360329db,1791424971,0,,,,,0,0
4a5cb5262e26b5da6bdbb67e,1791511133,0,,,,,0,0
4a61066ba9ea7db98c6b6c3e,1791424971,0,,,,,0,0
4a6357890dcf16f4705fa31d,1791511133,0,,,,,0,0
4a65d42c59216482269acd05,1791424971,0,,,,,0,0
4a69407849ac038d1857a043,1791424971,0,,,,,0,0
4a6ef064ffc819ef540368c7,1791424971,0,,,,,0,0
4a76013fbc3426ef31f32af7,1791424971,0,,,,,0,0
4a76efa04145d626a54075e7,1791511133,0,,,,,0,0
4a7b4e983b047d1296de2077,1791424971,0,,,,,0,0
4a7d8455ccc4cf650ef52a24,1791424971,0,,,,,0,0
4a7e031b920e15bc45e96d37,1791424971,0,,,,,0,0
4a7ee015f745dcfe1abf20f1,1791511133,0,,,,,0,0
4a7f3a629c68fb5fa60e7a43,1791424971,0,,,,,0,0
4a80e73367b75e646c3a1301,1791424971,0,,,,,0,0
4a87b3a73b1cc5a81d9f729a,1791424971,0,,,,,0,0
4a8cff3f24a906b9d38e3e18,1791424971,0,,,,,0,0
4a8e053667f7c85a1a0259fe,1791424971,0,,,,,0,0
4a8ef883af413339adb93bad,1791424971,0,,,,,0,0
4a8f99adac89027b88e71b57,1791511133,0,,,,,0,0
4a945cd18436acc70d80b521,1791424971,0,,,,,0,0
4a959a4a66d469e6331d72d7,1791511133,0,,,,,0,0
4a97a87991490f2a98e17a8d,1791424971,0,,,,,0,0
4aa0c0ecde180957d31cd950,1791424971,0,,,,,0,0
4aa37eef056013fa5d4ca1f2,1791424971,0,,,,,0,0
4aa9fd9948d33a6aa7f27fde,1791424971,0,,,,,0,0
4ab5efb6852b89e5d2dd4eb0,1791511133,0,,,,,0,0
4ab62e159a1d0b9e7947af76,1791424971,0,,,,,0,0
4ab71006e0ed14b9047c6a02,1791424971,0,,,,,0,0
4ab7b831107e89050640be75,1791424971,0,,,,,0,0
4ac09a39e5e60c95d476593a,1791424971,1,0000950157-26-001024,"1.01,9.01",1789589482,7.0,0,1
4ac2c40fd8d14747494bbc0e,1791424971,0,,,,,0,0
4ac83fb3333d829ce12fc81b,1791424971,0,,,,,0,0
4aca33bbe51841b87a0fbfd6,1791424971,0,,,,,0,0
4acba8fd7796c8a03e3a90bf,1791424971,0,,,,,0,0
4acc13e89db377a9b3b1853f,1791424971,0,,,,,0,0
4ace09d53672846d8ebed531,1791511133,0,,,,,0,0
4ace0d4257912cb8058f79bb,1791424971,0,,,,,0,0
4acf8e8041c8813924a280ca,1791424971,0,,,,,0,0
4ad25612d5b3a1ca1959d0a2,1791424971,0,,,,,0,0
4ad4dca2d14ea1089d19fb12,1791424971,0,,,,,0,0
4ad67d5ee7744b42d449cd35,1791424971,1,0001628280-26-064586,"5.02,9.01",1790973993,7.0,0,1
4ad73a2de7113fddc0b56933,1791424971,0,,,,,0,0
4adc8acf1464e768c2fac72b,1791424971,0,,,,,0,0
4addcc255f7d5108c3626589,1791424971,0,,,,,0,0
4adddaa26f6807b622e915fa,1791424971,1,0001476204-26-000048,"7.01,8.01,9.01",1790892713,13.0,0,1
4adfd7b5b4a2db09a4deb178,1791424971,0,,,,,0,0
4ae3594f2d7c32ac53cd8f28,1791424971,0,,,,,0,0
4ae35bd77478575eb5cc2929,1791424971,0,,,,,0,0
4ae5ad81ac8ed6a823b816d5,1791424971,0,,,,,0,0
4ae66efb11a499522786ef65,1791424971,0,,,,,0,0
4ae78c3978006131670ecc87,1791424971,0,,,,,0,0
4ae8147fea4c8d8834741bab,1791424971,0,,,,,0,0
4aead6c1d540f9c71e59fc1e,1791511133,0,,,,,0,0
4af114755e74e61dbc06a09d,1791424971,0,,,,,0,0
4b010ecfd95b3bbaa886c531,1791424971,0,,,,,0,0
4b046c10ab66e311256913e2,1791424971,1,0001077428-26-000063,5.02,1789588881,1.5,0,1
4b08c0d5e2944d1e86632de0,1791424971,0,,,,,0,0
4b0d8398b6477fdb8f016799,1791424971,0,,,,,0,0
4b0fbd2abacf31f2cff88416,1791511133,0,,,,,0,0
4b1253aec692f27906dc5e83,1791511133,0,,,,,0,0
4b13a2cacab3fdebf1e6bb37,1791424971,0,,,,,0,0
4b13c2d6bd1b0484cf79ce9b,1791511133,0,,,,,0,0
4b168b501030a7b44e1422a6,1791424971,0,,,,,0,0
4b1bd0b23c0dd85212a9fa4f,1791424971,0,,,,,0,0
4b1c3464cfff88b769b61e6e,1791511133,0,,,,,0,0
4b1cc530887f633aa0ec347f,1791424971,0,,,,,0,0
4b204d20e47e101e023b7af5,1791424971,0,,,,,0,0
4b219e497504853f3ed157b9,1791424971,0,,,,,0,0
4b24b91e8c0c44c3fbabcafe,1791424971,0,,,,,0,0
4b27ff9bf50e7b02dc2dabef,1791424971,0,,,,,0,0
4b2af4c9fa490da9f4e09ac3,1791511133,0,,,,,0,0
4b2b108d02f846357c1ad305,1791424971,0,,,,,0,0
4b2e3dc95ed8721c9a7e99f2,1791424971,0,,,,,0,0
4b30da73073e23eff63e5804,1791511133,0,,,,,0,0
4b31e74fbbb5385e7afbf957,1791424971,0,,,,,0,0
4b325f02411748f91c95abb3,1791424971,0,,,,,0,0
4b38dbd72ac82a2c9701771b,1791424971,0,,,,,0,0
4b39a0e2e8713ea9c8891f88,1791424971,0,,,,,0,0
4b39c984ef4cfef982aae0c6,1791424971,0,,,,,0,0
4b3e1c8e83d28ec9eff10515,1791424971,0,,,,,0,0
4b44786bc7989f323d3c57d1,1791424971,0,,,,,0,0
4b46c4c96efa86225bc46cc0,1791424971,0,,,,,0,0
4b484a355cebd6453b456476,1791424971,0,,,,,0,0
4b4b58ac3d832918b8dea7e5,1791511133,0,,,,,0,0
4b50c48ae1e40827990333e4,1791511133,0,,,,,0,0
4b51327e83f00771aa9d6e2b,1791424971,0,,,,,0,0
4b52938b3597f7457ef2626c,1791424971,0,,,,,0,0
4b5cb004a7fa1a918fffe397,1791424971,1,0001803599-26-000147,"2.02,9.01",1790712645,7.0,1,0
4b5e49ab6c872660ae9da164,1791424971,0,,,,,0,0
4b5fdc35fe31b3a189ba136c,1791511133,0,,,,,0,0
4b61ea74592a16a254f751b3,1791424971,0,,,,,0,0
4b63f441bc4cb7b63141f4ee,1791424971,0,,,,,0,0
4b6718b37572399acfc6ad6d,1791511133,0,,,,,0,0
4b6b19fc4b60921299f66d4f,1791424971,0,,,,,0,0
4b70ca98a2f03ad37e8cb7bd,1791511133,0,,,,,0,0
4b84bca7f2693821211ddf8b,1791424971,0,,,,,0,0
4b8a0fd2a852763dcb2b7731,1791424971,0,,,,,0,0
4b8a2ddb5fd71dd01ad0925f,1791511133,0,,,,,0,0
4b8b384f10aec32e170dd381,1791424971,0,,,,,0,0
4b9203e7c3dbd243a6ba39d8,1791424971,0,,,,,0,0
4b92f60240d604f6621c2eb8,1791424971,0,,,,,0,0
4b9329df1df72b722baeee1a,1791424971,0,,,,,0,0
4b997797835d9596f3fd01b5,1791511133,0,,,,,0,0
4b99ff6f1a1af62a4d053684,1791424971,0,,,,,0,0
4b9b55dc2c7715f009b5d171,1791424971,0,,,,,0,0
4ba5705975c45a356fe79cec,1791511133,0,,,,,0,0
4bb7947835151a9a346b36ba,1791424971,0,,,,,0,0
4bb810e730e9ef33e1cc2ef5,1791424971,0,,,,,0,0
4bbc01492c3df2f61900f259,1791511133,0,,,,,0,0
4bbc8f5f96423f9984cc5efd,1791424971,0,,,,,0,0
4bbd71c27e98189a6c2728a4,1791424971,0,,,,,0,0
4bc469097a0620b4fcf0cf3f,1791511133,0,,,,,0,0
4bc65601098b8076dd4f8bea,1791424971,0,,,,,0,0
4bc749d1c2758008d604bba1,1791424971,0,,,,,0,0
4bc7f04d628fbf4426b62d5e,1791424971,0,,,,,0,0
4bc8803ddb4884d1ad9b054d,1791424971,1,0001477932-26-005971,7.01,1790935262,13.0,0,1
4bd673e492009e16da5a8872,1791424971,0,,,,,0,0
4bd6e70c709e31337b5bb99e,1791424971,0,,,,,0,0
4bd91376b462bf78b7b0fbe7,1791424971,0,,,,,0,0
4bdbf08d53484a2f106c2ed5,1791424971,0,,,,,0,0
4bdd77a35e8a38224cc5627e,1791424971,0,,,,,0,0
4bee1fed195592b0a1c3bf4f,1791424971,0,,,,,0,0
4bf9e7a4632e9a0edc0210ac,1791424971,0,,,,,0,0
4c01030161a66ce47ecb9d2f,1791424971,0,,,,,0,0
4c0b8c8186c43a0f47199087,1791424971,0,,,,,0,0
4c0ed1ac36e4c1ee078fae5d,1791424971,0,,,,,0,0
4c11553141a946af721140c0,1791511133,0,,,,,0,0
4c13cfd0802b14cb05dbb468,1791424971,0,,,,,0,0
4c1fd037bdbb13caa70f6587,1791424971,1,0001104659-26-112836,"5.07,9.01",1790885727,11.0,0,0
4c25e76c4c002abe7ed39c70,1791424971,0,,,,,0,0
4c2fa1f1996ac57d81d8eee3,1791424971,0,,,,,0,0
4c3535e280b637ca650848e9,1791511133,0,,,,,0,0
4c38777e64ec9ac97c85c7a2,1791511133,0,,,,,0,0
4c4118e4d4a8254b6c35a960,1791424971,0,,,,,0,0
4c425f79f300b489035dff6e,1791424971,0,,,,,0,0
4c44ef02c63fde77ed128483,1791424971,0,,,,,0,0
4c57598b5249e5cfb99e97b2,1791424971,0,,,,,0,0
4c6740bd384619f49d80b65f,1791424971,0,,,,,0,0
4c674d8bd1c26369c3bd7078,1791424971,0,,,,,0,0
4c67fd49ab844e679fc7a0fa,1791511133,1,0001637459-26-000067,5.02,1791321644,6.5,0,1
4c6a2d9652b84c0b549a6385,1791424971,0,,,,,0,0
4c6a5033f6b28830540b60d1,1791424971,0,,,,,0,0
4c6dbfee0c5afdd622117172,1791424971,1,0000320187-26-000184,"2.02,2.05,9.01",1790885715,1.5,1,0
4c6fb98c1996c88e7ff1af9f,1791424971,0,,,,,0,0
4c7235d065c494d7cb072fa3,1791424971,0,,,,,0,0
4c7746309f849d58c93ae94c,1791424971,0,,,,,0,0
4c774d274dae92f8c709cfcb,1791424971,0,,,,,0,0
4c7aef4912b2ea914e8079d8,1791424971,0,,,,,0,0
4c7ed9874f6818f46f67be30,1791424971,0,,,,,0,0
4c8185a1233992c7e91c21e4,1791424971,0,,,,,0,0
4c8368a3b3387fe391d10e1d,1791424971,0,,,,,0,0
4c866bc90452cdbf45c0559d,1791424971,0,,,,,0,0
4c8a7dfc755c681d006bd89d,1791424971,0,,,,,0,0
4c90f07a94ad593a6ca0fed9,1791511133,0,,,,,0,0
4c9633b1b9a48fe74fbf6ec0,1791424971,0,,,,,0,0
4c99c4f9aaaeb110c93bc4f6,1791424971,0,,,,,0,0
4c9cb24d2f7c6a4dcf0a5469,1791424971,0,,,,,0,0
4c9d6a41650b2db6104dd8dc,1791511133,0,,,,,0,0
4c9d77918e0de3e10b3b3c52,1791424971,0,,,,,0,0
4c9e77f4d30ec3f5efc6398c,1791424971,0,,,,,0,0
4ca7cf950085d9b8f129c237,1791424971,0,,,,,0,0
4caf53f00159cc249dd898e6,1791424971,0,,,,,0,0
4cb36fc4f104d01eb25fa365,1791424971,0,,,,,0,0
4cb52c05aae5d1be33720fb5,1791424971,0,,,,,0,0
4cb5a5a1934bdea5f13cc40a,1791424971,0,,,,,0,0
4cb86a2744267e1a29c3bff4,1791424971,0,,,,,0,0
4cbb3f5280365f83fb65e94f,1791424971,0,,,,,0,0
4cbb4bd5849da7d536309b8c,1791424971,0,,,,,0,0
4cbd0457cc088b6bbce447bb,1791424971,0,,,,,0,0
4cc0a39be4ff79ebf21bde91,1791424971,0,,,,,0,0
4cc0f8292ce553eb47cf64d9,1791424971,0,,,,,0,0
4cc414e4d119afe466d96eef,1791424971,0,,,,,0,0
4ccb097e932672da492285d8,1791424971,0,,,,,0,0
4ccc73be32e978d4f322543c,1791424971,0,,,,,0,0
4cce21c7ae4b2be800176f61,1791424971,0,,,,,0,0
4cd46e9fad6c510d78cd47b6,1791424971,0,,,,,0,0
4cd4aa716db4788e794d5a42,1791424971,0,,,,,0,0
4cdbf02b58e6f50f1dc9eb47,1791424971,0,,,,,0,0
4cdd74ebdc45fb4ba308b9a8,1791424971,0,,,,,0,0
4cdf3265bc3b24b8a39ed2c7,1791424971,0,,,,,0,0
4ce6d4ea905901fa36fc5b3c,1791424971,1,0001628280-26-062997,"5.02,9.01",1790098873,4.186944444444444,0,1
4ceeed2338a52ff7c45791d9,1791424971,0,,,,,0,0
4cefca7a57bb6f482d0cc081,1791424971,0,,,,,0,0
4cf2b4acfae8f1c4d4c3d2f3,1791424971,0,,,,,0,0
4cf6eaa865cfb0e341c53325,1791511133,0,,,,,0,0
4d007f523d2a6a94b16b0eed,1791511133,0,,,,,0,0
4d0222a555a910f1f67f2897,1791424971,0,,,,,0,0
4d033c7f0ae2400bfd7b7c59,1791424971,0,,,,,0,0
4d2351baa530fee75b94824b,1791424971,1,0001104659-26-110218,"7.01,9.01",1790251489,0.5,0,1
4d2b58ef96f66f043545a5d2,1791424971,0,,,,,0,0
4d2d26dcfc732371883c3a32,1791424971,0,,,,,0,0
4d30fcd2b750ee20ed095608,1791424971,0,,,,,0,0
4d3318da8638712f2a848222,1791424971,0,,,,,0,0
4d33c5a6be5c30e9bc85c8c0,1791424971,0,,,,,0,0
4d38a6e0669fbf04b4c35b7d,1791424971,0,,,,,0,0
4d3c573ba1460f45acf5e27b,1791424971,0,,,,,0,0
4d3c9a7fbf28abbd98b0bd22,1791424971,0,,,,,0,0
4d407ce55aaec3658f7575f8,1791424971,0,,,,,0,0
4d4a851d8fdafe9baa4ac5f6,1791424971,0,,,,,0,0
4d50ec986b179c4d9f6fef67,1791424971,0,,,,,0,0
4d597c8fcc91843a754dd8fb,1791424971,0,,,,,0,0
4d5cbe292662f779d1f1bb07,1791424971,0,,,,,0,0
4d5d5a7ddca35432d3b374d4,1791424971,0,,,,,0,0
4d6079e87f28b71b3379aa0d,1791424971,0,,,,,0,0
4d6488a3d03e12a2c3025d89,1791424971,0,,,,,0,0
4d66d5c06e12a1231540d22c,1791424971,0,,,,,0,0
4d6b30304b78647bcc493e31,1791424971,0,,,,,0,0
4d6c12d5ceb70b286828a2a2,1791424971,0,,,,,0,0
4d6cfe6273568b33a71e37f0,1791511133,0,,,,,0,0
4d6d078fd270b073307b6983,1791424971,1,0001679788-26-000113,5.02,1790971464,6.5,0,1
4d6ea6f2e49f13bb9e96171b,1791424971,0,,,,,0,0
4d701f28b55a12a74d80a7c1,1791424971,0,,,,,0,0
4d73f791a724c15452d08aa6,1791424971,0,,,,,0,0
4d76679de96fefca9a514641,1791424971,0,,,,,0,0
4d79df99ab852e23170ae504,1791424971,0,,,,,0,0
4d823ac4141df0e1cd0dfaa3,1791511133,0,,,,,0,0
4d85b8089f1dbb62356b9c80,1791424971,0,,,,,0,0
4d86267cc734105b6b7dac4e,1791424971,0,,,,,0,0
4d892c989260981ef6406b5f,1791424971,1,0001193125-26-381874,"2.02,9.01",1788465915,4.5,1,0
4da2b0a457d4fddc144728bc,1791424971,0,,,,,0,0
4da592afaff17c50f1ae1031,1791424971,0,,,,,0,0
4daa02c3da103832d7a05a1b,1791424971,0,,,,,0,0
4dabcc58b32fa55add76f6d7,1791424971,0,,,,,0,0
4db154b7478a7b4ae6adb0de,1791511133,0,,,,,0,0
4db184a1203892f0c4bf5ab5,1791424971,0,,,,,0,0
4db1f799a7418839a6f360e9,1791424971,0,,,,,0,0
4db2ac7cbf3b5b5bae170507,1791424971,0,,,,,0,0
4db95e8c1b308c060a76f9bf,1791424971,0,,,,,0,0
4dbde557573690b4529a5861,1791511133,0,,,,,0,0
4dd42c2f058b94e01fa824a7,1791424971,0,,,,,0,0
4dda249d3a2235829a348d40,1791424971,0,,,,,0,0
4dda90991d9e78c936b271b5,1791424971,0,,,,,0,0
4ddcaf8472884ed629caf386,1791511133,0,,,,,0,0
4de1aa75d47469389d30886f,1791424971,0,,,,,0,0
4de853eb4308ace9fd31cf3b,1791511133,0,,,,,0,0
4df04f544273402a99c665e7,1791511133,0,,,,,0,0
4df15de86091f8178a14ad82,1791424971,0,,,,,0,0
4df18ef3ef2bd26ac1efb6f8,1791424971,0,,,,,0,0
4df362f9575bb58808c7d6e7,1791424971,0,,,,,0,0
4df3c673affca5edf0ce36a5,1791511133,0,,,,,0,0
4df473e8de62e7d11b6282c6,1791424971,1,0001331875-26-000087,"7.01,9.01",1789591203,0.5,0,1
4df4b745b36885087d39be3d,1791424971,0,,,,,0,0
4df51daee418312681b28068,1791424971,0,,,,,0,0
4dfc0d02f18bc847a5bc80bb,1791424971,0,,,,,0,0
4e0035e7e5e23fa7754865c8,1791424971,0,,,,,0,0
4e0505392eb14130d61201e2,1791424971,1,0001655888-26-000063,"2.02,9.01",1790885782,0.5,1,0
4e06381023acc09b0c117efb,1791424971,0,,,,,0,0
4e064f3b2931c42238101c60,1791424971,0,,,,,0,0
4e0938aeb66b631e32c20197,1791424971,0,,,,,0,0
4e0be16cb97e8b4cdcb48cf2,1791424971,0,,,,,0,0
4e1092951c591818ee74eefb,1791511133,0,,,,,0,0
4e16b1f4c3be052ea81a3187,1791424971,0,,,,,0,0
4e172404e6dfdbdc97f8e0d4,1791424971,0,,,,,0,0
4e1ea55dfd65f86bd9e8797f,1791424971,1,0001760965-26-000061,"7.01,9.01",1788383161,0.5,0,1
4e256136249aacb9333a7c62,1791511133,0,,,,,0,0
4e29cd4de4e54d4e1cb47a37,1791424971,0,,,,,0,0
4e2a7ba2d4e246a79080ef47,1791424971,0,,,,,0,0
4e30198801b9989f3df61ad5,1791424971,0,,,,,0,0
4e31bdc5192143a3f88d4dc4,1791424971,0,,,,,0,0
4e3515d92f0e93bc52e6f829,1791424971,0,,,,,0,0
4e354e2cf9aaa760071dca9d,1791511133,0,,,,,0,0
4e38782c722ff42282dd1a35,1791424971,0,,,,,0,0
4e39d2f0086aa4711b399d2b,1791424971,0,,,,,0,0
4e493a42aa6d185c7b840859,1791511133,0,,,,,0,0
4e4962445ea84942d29fa296,1791424971,0,,,,,0,0
4e4963c7f87173e27bd42748,1791424971,0,,,,,0,0
4e51b2dad12cd899a439ba6e,1791424971,0,,,,,0,0
4e53a23d5febf897a394d8bb,1791424971,0,,,,,0,0
4e576dfbca0a7c3203b137e9,1791424971,0,,,,,0,0
4e66c37346dc26243d2cccbb,1791424971,0,,,,,0,0
4e6b22af053d507a7bcee8d4,1791424971,0,,,,,0,0
4e6c5a49cb99fb255d29ca50,1791424971,0,,,,,0,0
4e7b465f64137987bdc1df28,1791424971,0,,,,,0,0
4e7cd7ab1e7f59e985240d75,1791424971,0,,,,,0,0
4e84abed81836bef00879779,1791424971,0,,,,,0,0
4e86952e90e0e9aa574506f2,1791424971,0,,,,,0,0
4e87ce8123fdcdb6fc1501e9,1791424971,1,0001628280-26-063314,"2.02,9.01",1790247785,0.5,1,0
4e935fe5fcf2aefc5ce1923a,1791424971,0,,,,,0,0
4e946781d783b1b29b994a20,1791424971,0,,,,,0,0
4e98605c98393808fa73e3e8,1791424971,0,,,,,0,0
4e9881d02fc76ae3f8ecc20d,1791424971,0,,,,,0,0
4e9df9217cf12c7d6631b54b,1791424971,0,,,,,0,0
4e9e5a7b4ad3d2dbdb4a2703,1791424971,0,,,,,0,0
4e9f7b45fcb930d5c027a2cf,1791511133,0,,,,,0,0
4ea9bbe10e11f9e2a7977dc4,1791424971,0,,,,,0,0
4eac869d9afbb058fad888e5,1791424971,0,,,,,0,0
4eb1bc851a9f43925cabbf30,1791424971,0,,,,,0,0
4eb72c251490657929b0c16d,1791424971,0,,,,,0,0
4ebc798e8694d0b6d2a430d8,1791511133,0,,,,,0,0
4ebd957d0eeebf092af5b3b3,1791424971,0,,,,,0,0
4ec66656ab3f056d728457b9,1791424971,0,,,,,0,0
4ec6fce6a03c6a8715a6b176,1791424971,0,,,,,0,0
4ecb9e1a60ce055e2b73b347,1791511133,0,,,,,0,0
4ed172bba3901ad916fda331,1791424971,0,,,,,0,0
4eddad6b041f3e27f62f290c,1791424971,1,0000920148-26-000201,"7.01,9.01",1789073275,1.5,0,1
4ede0c29fa4247d6d3c9c60a,1791424971,0,,,,,0,0
4ee3424f0456268035afcfbd,1791424971,0,,,,,0,0
4ee35c547dfec50286d46125,1791424971,0,,,,,0,0
4ee3c84df3515525b34ee565,1791424971,0,,,,,0,0
4ee9931901b41b90e5dca092,1791424971,0,,,,,0,0
4eefa053a27835cbb45cdbb8,1791424971,0,,,,,0,0
4ef056c003f6925f4c6a9978,1791424971,0,,,,,0,0
4ef0a629cb8ef4de22fec9fc,1791424971,0,,,,,0,0
4ef214cb7ef034f0c9c38a2a,1791424971,0,,,,,0,0
4ef3e3b014179f15fb8d9575,1791511133,0,,,,,0,0
4ef7c66ec00d418546454dc8,1791511133,0,,,,,0,0
4ef9a8f8de2c0630db916857,1791424971,0,,,,,0,0
4eff12a2ca5408f2d4786f24,1791424971,0,,,,,0,0
4eff8e9548f2fbe0d9e1978e,1791511133,1,0000016918-26-000039,"2.02,7.01,9.01",1791317934,1.5,1,0
4f025fc88fd0112a822209ab,1791511133,0,,,,,0,0
4f0c10be898cd0fe4dba0ea9,1791424971,0,,,,,0,0
4f0f3b495b86b70ac921aba4,1791424971,0,,,,,0,0
4f10a035ec7ea9198ed0274d,1791424971,0,,,,,0,0
4f12fa75130c187614531614,1791424971,0,,,,,0,0
4f1fb5c70bca0721927c51d2,1791511133,0,,,,,0,0
4f21bcdce11442d51c81f972,1791424971,0,,,,,0,0
4f21d0bae29b021cd7af593b,1791424971,0,,,,,0,0
4f2805045a175b18dcdd9953,1791511133,0,,,,,0,0
4f28a88a2a349647ccd950a4,1791424971,0,,,,,0,0
4f2a9e9135293173d042f4d0,1791424971,0,,,,,0,0
4f2d5e7e55cb407add6d9db1,1791424971,0,,,,,0,0
4f37f59ebae087de8d51594b,1791511133,0,,,,,0,0
4f3b347b7162d7bb3b65799d,1791424971,0,,,,,0,0
4f3bc482dd7522cf68d5b93a,1791424971,0,,,,,0,0
4f3e69e5d2a13427f39d9018,1791424971,0,,,,,0,0
4f436c9abc70be965e17f88c,1791424971,0,,,,,0,0
4f47af9face6864dd61c45e2,1791511133,0,,,,,0,0
4f4d4cc54033985a1daf3595,1791424971,0,,,,,0,0
4f4db87fe4c95e5525880b50,1791424971,1,0001660280-26-000039,"1.01,1.02,2.03,3.02,8.01,9.01",1789503792,13.0,0,1
4f57305f95c4685163d1fd6d,1791511133,0,,,,,0,0
4f5fdd8ca9176e3f85b8a214,1791424971,0,,,,,0,0
4f62ade6dfc33c8b10cb11e9,1791424971,0,,,,,0,0
4f670db33c8baf5be00f1c73,1791424971,0,,,,,0,0
4f6833032ea4e5de81dfd192,1791424971,0,,,,,0,0
4f6eb8719ea9f6eebda2943d,1791424971,0,,,,,0,0
4f6ff1d082422c544c6c3385,1791424971,0,,,,,0,0
4f732cf288c421203c74a9e0,1791424971,0,,,,,0,0
4f762cea2ed5ad6ef78692dd,1791424971,0,,,,,0,0
4f7b0ac8f466adddb046cf01,1791424971,0,,,,,0,0
4f7b402bcb832e1469b3da23,1791424971,0,,,,,0,0
4f7f600b72f3c0e7db50f6cf,1791424971,0,,,,,0,0
4f852593a5221ff3f04aaf76,1791424971,0,,,,,0,0
4f85278e0defbd94140d343d,1791424971,0,,,,,0,0
4f85b3a010226b754380931e,1791424971,0,,,,,0,0
4f8a4c2314f59790a95d65b2,1791424971,0,,,,,0,0
4f8df8352a335048bbcf52d2,1791424971,0,,,,,0,0
4f8e7cd38576c2d3b9369fdc,1791424971,0,,,,,0,0
4f95e44690820eb6e292ce4a,1791424971,0,,,,,0,0
4f9accff0e72795a558ed101,1791511133,0,,,,,0,0
4f9cabd426b4723feed23335,1791511133,0,,,,,0,0
4f9d14f55af51c55634b1a13,1791424971,0,,,,,0,0
4fa063e5d8e580d1062e7609,1791424971,0,,,,,0,0
4fa0afb00f4150fda00cf770,1791424971,1,0001437749-26-030743,"1.01,1.02,2.03,3.03,9.01",1789761679,9.0,0,1
4fa21424e76db1ee1fd7b1cd,1791424971,0,,,,,0,0
4fa5b0a9c0b451151254ca72,1791424971,0,,,,,0,0
4fa5cd2f8efc381c89488861,1791511133,0,,,,,0,0
4fb13ed27d1f4519b9df3d50,1791424971,0,,,,,0,0
4fb1cdd4c13442e945ce8ccd,1791424971,0,,,,,0,0
4fb4bd723a4b7299c644467b,1791424971,0,,,,,0,0
4fbe7eadc3b0fdcedde76d57,1791424971,0,,,,,0,0
4fbe915539e834ee3478b481,1791424971,0,,,,,0,0
4fc1f73c7f26753daaf95792,1791511133,0,,,,,0,0
4fc3a86f523f727af48b686d,1791424971,0,,,,,0,0
4fc869bab62d842f43b0e89a,1791424971,0,,,,,0,0
4fcc00b7a365ef2b576453ef,1791424971,0,,,,,0,0
4fdb54b281ea77a35d6fdc19,1791511133,0,,,,,0,0
4fdbc9d4c1b5776bccbaf248,1791424971,0,,,,,0,0
4fdd95373b2e8c33f6c9b42e,1791424971,0,,,,,0,0
4fdfb382967d924e4ab7c33e,1791424971,0,,,,,0,0
4fe694808260f88fd4f1d879,1791424971,0,,,,,0,0
4fe853bae36334a6ddd21917,1791424971,0,,,,,0,0
4fe91b9d406fb8e7326fc430,1791424971,0,,,,,0,0
4ffa78b4908d641b43f51d24,1791424971,0,,,,,0,0
4ffab74e9fe0eb7c2f7b0e2a,1791424971,0,,,,,0,0
5005bbb6d102de265a13a0c4,1791424971,0,,,,,0,0
5005cb0b64999b2b9be60e0a,1791424971,0,,,,,0,0
500f13f2d018c99f601ed84a,1791424971,0,,,,,0,0
5016508cfd02e3e27fb83f7f,1791424971,0,,,,,0,0
5019a6b8601c05923106edf9,1791424971,0,,,,,0,0
501d4bc079a16375da118773,1791424971,0,,,,,0,0
501de0ad00b392e996f5d2e1,1791424971,0,,,,,0,0
5022aaf4fa2027d05c99123f,1791424971,0,,,,,0,0
502411258a5024e0051f0d96,1791424971,0,,,,,0,0
5025b0bc66049cd59d673ab7,1791511133,0,,,,,0,0
502dc01f59ab00043e99b1ae,1791424971,0,,,,,0,0
502f772858b2710f4d101e80,1791424971,0,,,,,0,0
50316e781aa70267e1b54712,1791424971,0,,,,,0,0
50397a23a55d55ced2c401c6,1791511133,1,0000078890-26-000063,"8.01,9.01",1791453654,9.0,0,1
503ecaee0a854c1dd4b927f5,1791424971,0,,,,,0,0
5040308f085d3798825b45e0,1791424971,0,,,,,0,0
50413fc45ddc217ebade0637,1791424971,0,,,,,0,0
5044dd797214eb273508c228,1791424971,0,,,,,0,0
504800941ae04634ccbfb11e,1791424971,0,,,,,0,0
504bbda64e752d6c08cf1759,1791424971,0,,,,,0,0
504d1b339ae7995257a6010e,1791511133,0,,,,,0,0
504f1b878172867db2aadca4,1791424971,0,,,,,0,0
5051e8a87515b35cf035849e,1791424971,0,,,,,0,0
50536ed83bbb2cb2fe68d2ca,1791511133,0,,,,,0,0
5057ad69245e25b8510a248c,1791424971,0,,,,,0,0
5058471950f6acea7a760c56,1791424971,0,,,,,0,0
505cd1362c8fbca027ed7c83,1791424971,0,,,,,0,0
505ee1516db44c2c959fa103,1791424971,0,,,,,0,0
505eed35a3465407de400958,1791424971,0,,,,,0,0
5062cbda99eed1a187d32091,1791424971,0,,,,,0,0
5063d3266c094520bd2cab07,1791424971,0,,,,,0,0
50652e3cd5574decc000be88,1791424971,0,,,,,0,0
5073cb8189571b2690b59f57,1791424971,0,,,,,0,0
5073cf77e31de6c14f64cda6,1791424971,0,,,,,0,0
507463406c65349f5f6f8df0,1791424971,0,,,,,0,0
5076133b3b73920f0ef14b89,1791511133,0,,,,,0,0
508343267275f41ecf668d5c,1791424971,0,,,,,0,0
508691d7cd55ab56a05626bc,1791511133,0,,,,,0,0
50872c24b45d6839ca60eec5,1791424971,0,,,,,0,0
5088db28bf2e3f5a6172e3f2,1791511133,0,,,,,0,0
508dbf266b0cff21154be63e,1791424971,0,,,,,0,0
50915dc0432eb595657c15af,1791511133,0,,,,,0,0
509286a3cd4229390fa44be4,1791424971,0,,,,,0,0
5095c94f5d6eda1af80ecf58,1791424971,0,,,,,0,0
509c3950fbf4554da3355ad2,1791424971,0,,,,,0,0
509c94ff08ad25de9cf79179,1791424971,0,,,,,0,0
50a265c6e750fe2d0266d5c8,1791424971,0,,,,,0,0
50a65ca8ae5fe339dcce25b8,1791511133,0,,,,,0,0
50a729e42d50d0f912257d29,1791511133,0,,,,,0,0
50a80327a2a5e73812149204,1791511133,0,,,,,0,0
50a950681638811d1a6bc022,1791424971,0,,,,,0,0
50abe78f12cadf9c3735a5aa,1791424971,0,,,,,0,0
50af0b6c8c2f4cca18b56ffa,1791424971,0,,,,,0,0
50b4a074413a01b7cefe6aa0,1791424971,0,,,,,0,0
50b7180a4925cb2edbc4d215,1791424971,0,,,,,0,0
50ba76a61512085ec46d066c,1791424971,0,,,,,0,0
50c0f6d99b9a9e71ac145131,1791424971,0,,,,,0,0
50c429b85733f1893d14afb3,1791424971,0,,,,,0,0
50c43153eed28c43e9176876,1791424971,0,,,,,0,0
50c741357b863d91b5bcfbc4,1791424971,0,,,,,0,0
50c88691db26af9800e0f5cc,1791424971,0,,,,,0,0
50caab137671c471afe0bbb3,1791424971,0,,,,,0,0
50d368c512ef620c1f706869,1791424971,0,,,,,0,0
50d3e1813d45bb5fcd6f8eb8,1791424971,0,,,,,0,0
50da3363d380f30777edf465,1791511133,0,,,,,0,0
50e6358fb020f8a70020ea71,1791424971,0,,,,,0,0
50e74fad850e4c90ebe5cd81,1791424971,0,,,,,0,0
50eabac1d1533b7a003a6015,1791424971,0,,,,,0,0
50ef3ea8ace8a654f68713fb,1791424971,0,,,,,0,0
50f20c474b8343d6062aa252,1791511133,0,,,,,0,0
50f5424bf93a6db0668bd1c5,1791424971,0,,,,,0,0
50f55ec11758d28441d4bf27,1791424971,0,,,,,0,0
50fa8d347b86bf959d8d87a2,1791424971,0,,,,,0,0
50fdb01fe5267ef652630b21,1791511133,0,,,,,0,0
50ff72186f27f00953c4dcab,1791424971,1,0001655888-26-000063,"2.02,9.01",1790885782,5.5,1,0
50fff6c7deb6e5bc415bd258,1791424971,1,0001628280-26-063850,"7.01,8.01,9.01",1790716525,8.0,0,1
510649c289aa52092655b9dd,1791424971,0,,,,,0,0
510b4e07e13451db0776075b,1791424971,0,,,,,0,0
510bc0669259cc10897bcbf8,1791511133,0,,,,,0,0
510df045db763c3f84f055fc,1791424971,1,0001043219-26-000070,"3.03,5.03,9.01",1790972129,7.0,0,1
510eefdf2fd91081bc2d7bcf,1791424971,0,,,,,0,0
5114bd44e29533bbffdcb703,1791424971,0,,,,,0,0
5116c1ae030c72561dd2b7c9,1791511133,0,,,,,0,0
51201899b84eb94620141dca,1791424971,0,,,,,0,0
512299faebff633c8435d5b7,1791424971,0,,,,,0,0
5122bdb4069364a3f0211542,1791424971,0,,,,,0,0
512395fdfbb3f06133ac7814,1791424971,0,,,,,0,0
5124ee1bab11b494b5d75172,1791424971,0,,,,,0,0
5125e38dad4b8ccd2030c26c,1791424971,0,,,,,0,0
51272300102abff8669433ab,1791424971,0,,,,,0,0
512a2ff1f4f4ca21b36c3901,1791424971,1,0001728951-26-000064,"7.01,9.01",1789590971,13.0,0,1
512afecb67c1bbef2541b70e,1791424971,0,,,,,0,0
512ddfcaf985cf3da232f0c5,1791424971,0,,,,,0,0
513f83ecaab7e180b7c88ad4,1791424971,0,,,,,0,0
514001f820247718a22583c7,1791424971,0,,,,,0,0
5146a725b0c71478f7a55e94,1791424971,0,,,,,0,0
514ffac5a296fc3b8cf87cb6,1791424971,0,,,,,0,0
51573e2a32a8ee1c6145cbea,1791424971,1,0000320187-26-000184,"2.02,2.05,9.01",1790885715,1.5,1,0
51627a47480a7d066251f964,1791424971,0,,,,,0,0
51649531588621add3a35c39,1791424971,0,,,,,0,0
5166e18cea0b93bcb60f71df,1791424971,0,,,,,0,0
5168ba1723e3e4800e1928d1,1791424971,0,,,,,0,0
5168ef5512f910bae337d56b,1791424971,0,,,,,0,0
5170a2a40a93322a199547b7,1791511133,0,,,,,0,0
51743d786d4ffd308ec711bd,1791424971,0,,,,,0,0
517754db2a5bde20afdf0fff,1791424971,0,,,,,0,0
5179179001c77d5247937d10,1791511133,0,,,,,0,0
517ac6d6ca840f69323dd1fa,1791424971,0,,,,,0,0
517c0304214fa96fd684d542,1791424971,0,,,,,0,0
517ec6b88f78d9c6c992a824,1791424971,0,,,,,0,0
517f2016f54554fcfbe1a0c3,1791424971,0,,,,,0,0
51821bc83c7efe75fccac7cc,1791424971,1,0001193125-26-401157,"7.01,8.01,9.01",1790284267,5.5,0,1
5186d021cf8e9e142de51349,1791424971,0,,,,,0,0
518d52de28f605ab5d82c81b,1791511133,0,,,,,0,0
519437045b6028f91f46fd2f,1791424971,0,,,,,0,0
51947dd82e4d1a904a2ede87,1791424971,0,,,,,0,0
5199c1e416914800f1c41c1c,1791424971,0,,,,,0,0
519d16156c76a9a4dbd609d3,1791511133,0,,,,,0,0
519fc3eaaec90b64f049ff88,1791511133,1,0001193125-26-417354,"7.01,9.01",1791453737,9.0,0,1
51a35cb6dec39018bdd4f8f5,1791511133,0,,,,,0,0
51a546f4faf638673f65a947,1791424971,0,,,,,0,0
51a611950266ef34c7ee6e84,1791424971,0,,,,,0,0
51a67a6288a2bc4dfa4df5ca,1791424971,0,,,,,0,0
51a993c13f9955889f71a6e5,1791424971,0,,,,,0,0
51b05a2897512a5abfe57dde,1791424971,0,,,,,0,0
51b091e01a108666c8e7f12c,1791424971,0,,,,,0,0
51b59388db2310a4d78079d6,1791424971,0,,,,,0,0
51ba2858cec7a8f8a77e4f81,1791424971,0,,,,,0,0
51bd113657b7376298b96309,1791424971,0,,,,,0,0
51c543831cb6d2545938f157,1791424971,0,,,,,0,0
51c959ba42d66eeb3dc00460,1791424971,0,,,,,0,0
51ca9e1a62380b440888b798,1791424971,0,,,,,0,0
51cad445625bed7f13257eac,1791424971,0,,,,,0,0
51d10c0de42b73f2362246e7,1791424971,0,,,,,0,0
51d1d13af587ce3f82509d29,1791424971,0,,,,,0,0
51d9150188ed468fe038285e,1791511133,0,,,,,0,0
51da7e5829e98dc499662b52,1791424971,0,,,,,0,0
51de81ca3c5a3fe2abd9b86f,1791511133,1,0001506293-26-000139,"5.02,7.01,9.01",1791231603,0.5,0,1
51df5ba52d026da2126ead84,1791424971,0,,,,,0,0
51dfce760f0fcfc4dfcfce5a,1791511133,0,,,,,0,0
51e229fe580f178f3d2a8e7d,1791511133,0,,,,,0,0
51e790ee99d2053442f904c4,1791424971,0,,,,,0,0
51f4b7612f89b788e2d15a56,1791511133,0,,,,,0,0
51fd8489ff1371e12dcb39c5,1791424971,0,,,,,0,0
51ffa769b3b0795671ec2416,1791424971,0,,,,,0,0
520218f845304f39c1c8ee4d,1791424971,0,,,,,0,0
520284199b838114b1f463c1,1791511133,0,,,,,0,0
520739f1464372a4d5a3cdd5,1791424971,0,,,,,0,0
520789d47708c4d8f635d218,1791424971,0,,,,,0,0
520aabc4d67edee9eeb2dea1,1791424971,0,,,,,0,0
520dec6e54c02ede7e15e92b,1791424971,0,,,,,0,0
520fd2db71d0c7bebc0cbdf7,1791424971,0,,,,,0,0
5211ba2aae4f8181f205a62b,1791424971,0,,,,,0,0
52164d846adf32626aaf45e0,1791424971,0,,,,,0,0
521c5a1b992fe2f01fa7419f,1791424971,1,0001390777-26-000097,"5.03,9.01",1790108490,2.5,0,1
521d6c098383b195cfaa6079,1791424971,0,,,,,0,0
521d6c2bd32b68438e759a6f,1791511133,0,,,,,0,0
521fa985c231e5117015abe1,1791424971,0,,,,,0,0
52248e34cf04b73eaecace00,1791424971,0,,,,,0,0
52284ef0769a0309bf7d00d5,1791511133,0,,,,,0,0
522bd494b6cfe4a9446cd0e2,1791424971,0,,,,,0,0
522d6ef62cdc64a773a80642,1791424971,0,,,,,0,0
5231cda2f87581bbd3ecaa8c,1791424971,0,,,,,0,0
523517993de15ba3b8124104,1791424971,0,,,,,0,0
523f21bf0c405f6202974b79,1791424971,0,,,,,0,0
523f99c4eb573125feb693dc,1791424971,0,,,,,0,0
5241c5d34b494513ce512808,1791511133,0,,,,,0,0
524416fa5c64d1a8a4905699,1791424971,0,,,,,0,0
5244b2ee061fab99884f93f4,1791424971,0,,,,,0,0
524752b0038f57e1f5c49ed4,1791424971,0,,,,,0,0
5248dad0f45aadc93c8d1d55,1791424971,0,,,,,0,0
5249b5b8b0538af1fdf5c80b,1791424971,0,,,,,0,0
5251280d55d159e1de0eca04,1791424971,0,,,,,0,0
525133442789f91f6f726bed,1791424971,0,,,,,0,0
525ae6825df2d249ee7db1f6,1791424971,0,,,,,0,0
525bf64f0836f6338cc8ffdb,1791511133,0,,,,,0,0
525bfa52e8bb50c7c34f5cd4,1791511133,0,,,,,0,0
525d90adc7de426d4bdfb704,1791424971,0,,,,,0,0
525ff636f29d76ca1fbed638,1791424971,0,,,,,0,0
52652bfc07179e35c0699af6,1791424971,0,,,,,0,0
526664433d93478a641e1023,1791424971,0,,,,,0,0
526b14217d46088fcf4e7486,1791424971,0,,,,,0,0
526eb56540e02cb44448a4d6,1791424971,0,,,,,0,0
5270ad7b4989183259ca2084,1791511133,0,,,,,0,0
527977ac1e6bc5002753e1ed,1791424971,0,,,,,0,0
527a09805e449b10517ee26b,1791424971,0,,,,,0,0
527c354c539b7c508c31583c,1791424971,0,,,,,0,0
527d900e76513f0634a85f03,1791424971,0,,,,,0,0
528419c91b52ff8dc6379008,1791424971,0,,,,,0,0
528e22f1cb676ca0bf87cda7,1791424971,0,,,,,0,0
5290eb227408ca416724b24f,1791424971,0,,,,,0,0
5294d20af353fc8132714c60,1791511133,0,,,,,0,0
52959078977f39b858877242,1791424971,0,,,,,0,0
5297074e27cc1af0e31cfef5,1791424971,0,,,,,0,0
529b67bf0c14c82e55b9979e,1791424971,0,,,,,0,0
529e1d8ad2f3f98cca2003b2,1791424971,0,,,,,0,0
529e412f078fe0cea3e1052b,1791424971,1,0001193125-26-401093,"7.01,9.01",1790281848,0.5,0,1
52a1485d4e7be935431b0bb1,1791424971,0,,,,,0,0
52a401e67b0d9880e26cb4e9,1791424971,0,,,,,0,0
52a948897dfccb82d2c829ab,1791424971,0,,,,,0,0
52aa9f76c01db0b550263dbc,1791424971,0,,,,,0,0
52af50c38093a9f7230c473a,1791424971,0,,,,,0,0
52b73d0d16ca6db6772ce6cc,1791424971,0,,,,,0,0
52bf79695676beb38f138cba,1791511133,0,,,,,0,0
52c4b53d4f347a4d8668e3a6,1791424971,0,,,,,0,0
52c688e830b23081c5918f1f,1791424971,0,,,,,0,0
52cacacd611d5f885ff2b6a7,1791424971,0,,,,,0,0
52cb31aed1c5139b5fbed245,1791424971,0,,,,,0,0
52ccf818d46aed77e3cad184,1791424971,0,,,,,0,0
52cde1764ee8e7e35ffd684a,1791424971,0,,,,,0,0
52d61c95859978e63d42d131,1791424971,0,,,,,0,0
52d6be6e2f51e3bdc5e3e5b8,1791424971,1,0001515673-26-000006,8.01,1789674937,0.42694444444444446,0,1
52d8de7740ffdeb764a4764e,1791424971,1,0001587732-26-000044,"7.01,9.01",1790368046,0.5,0,1
52d9df4a571cd8ee627aafd9,1791424971,0,,,,,0,0
52d9f00c642080e207cff120,1791427778,0,,,,,0,0
52dd588fde02d847d78ffc54,1791424971,0,,,,,0,0
52df2f79d73c261e5121a5f7,1791424971,0,,,,,0,0
52e1f6fa69ce2c2eafac1fc4,1791424971,0,,,,,0,0
52e61d4f7e570034502f5513,1791511133,0,,,,,0,0
52eabedadefa071865ef8399,1791424971,0,,,,,0,0
52f16a6b9c24c434b36e0394,1791424971,0,,,,,0,0
52f32475e2df2329e210c135,1791511133,0,,,,,0,0
52f8e3d05e8f6a94a2b31f07,1791424971,0,,,,,0,0
52fad985db60d10c32a4e170,1791511133,0,,,,,0,0
52fc13d74fd1233169002231,1791424971,0,,,,,0,0
52fd79915a5c1799c82c873f,1791424971,0,,,,,0,0
53004de0f8af952b5b362a75,1791424971,0,,,,,0,0
5305767f17a3f9d42433792e,1791424971,0,,,,,0,0
5306896ef1a370838f614f64,1791424971,0,,,,,0,0
5308d6093eb94cf8e526fac1,1791511133,0,,,,,0,0
530eaa8204d5c86b5ef2d755,1791511133,0,,,,,0,0
53109d31c8e1c6f088816514,1791424971,0,,,,,0,0
53121a5c20b9a48879c10265,1791424971,0,,,,,0,0
531c0f8566780e45249b2edf,1791424971,0,,,,,0,0
531e5a93b60767e5b8caecc8,1791424971,0,,,,,0,0
531ec32a934e7c67a166ea02,1791424971,0,,,,,0,0
532a7b361538475dde0a171b,1791511133,0,,,,,0,0
532bc190296662c57d83347c,1791424971,0,,,,,0,0
532eba626059a835757d00af,1791424971,0,,,,,0,0
53336f8bdcac0e2d783fbab5,1791424971,0,,,,,0,0
53375da38a19e6a5120d7f6b,1791424971,0,,,,,0,0
53377def313930052e6bc4fc,1791424971,0,,,,,0,0
533bf3a5e94f751e88c1f2af,1791424971,1,0001628280-26-064413,"5.03,5.07,9.01",1790954717,2.421388888888889,0,1
533ca1b55222b8b356d63cc3,1791424971,0,,,,,0,0
53400d2cce14f65718c2238a,1791424971,0,,,,,0,0
53418aa2e9e263b5ffc929b9,1791424971,0,,,,,0,0
53426f3f2b7af89bf2eb616e,1791511133,0,,,,,0,0
534320833f652e9b9d9892cb,1791424971,0,,,,,0,0
5344b27570f30153892774cb,1791424971,0,,,,,0,0
5349557dd1a617d2d2ed15c0,1791424971,0,,,,,0,0
5351d20b533dd3e5082b8524,1791511133,0,,,,,0,0
5355f5d2b1f645ebe65105bc,1791424971,0,,,,,0,0
53565c576d93c67563753ce0,1791424971,0,,,,,0,0
5356af6ad9458089908b123a,1791424971,0,,,,,0,0
53677c0a8bdafd63228f8988,1791424971,0,,,,,0,0
536d4739f7e7e84b55ae87dc,1791424971,0,,,,,0,0
5372aad7200b5126ada7a978,1791424971,0,,,,,0,0
537876ec4b5593220ceac530,1791424971,0,,,,,0,0
5378d51506e10d627f94a807,1791424971,0,,,,,0,0
537e36f68afbd8fdf693b272,1791424971,0,,,,,0,0
538003f9c01b9bf62a5cacb1,1791424971,0,,,,,0,0
53801365a0a32f7d063205bb,1791424971,0,,,,,0,0
538da96ead102a61c57d93c1,1791424971,0,,,,,0,0
538e4b4df327f4c12f158eb6,1791424971,0,,,,,0,0
5393486484f126dc6d414b16,1791424971,0,,,,,0,0
5393d23d7f7becf88f76c7b7,1791424971,1,0001104659-26-112420,"8.01,9.01",1790803628,4.5,0,1
5395b8803ca2a0c6086b2314,1791511133,0,,,,,0,0
5398bce9f4f25cd415f6056f,1791424971,0,,,,,0,0
539e60f18b76338beaa1daaf,1791424971,0,,,,,0,0
53a0c930402908ce87df4679,1791511133,0,,,,,0,0
53a743aae91a98be5fa90e76,1791424971,0,,,,,0,0
53a831161c368d40b5ea535b,1791424971,0,,,,,0,0
53a89afaf34cf1a746942a88,1791511133,0,,,,,0,0
53aca1a12bce5aac52a43884,1791424971,0,,,,,0,0
53b21c63de7db28603023d85,1791424971,0,,,,,0,0
53b454efa0e8432ee04aa528,1791424971,0,,,,,0,0
53c2a839f18c63c59d97c26e,1791424971,0,,,,,0,0
53c5f3e409190f8f1a4f3617,1791424971,0,,,,,0,0
53c88257475c1207b09dacba,1791424971,0,,,,,0,0
53c9efc113cf987101171903,1791424971,0,,,,,0,0
53cad6f2cbe270098441e903,1791424971,1,0001193125-26-394356,"1.01,2.03",1789676115,6.5,0,1
53cb3f566c861697d9c8f3bd,1791424971,0,,,,,0,0
53cb4990833e2679913c5a1d,1791424971,0,,,,,0,0
53cc99ce9a690e64ffffbf3c,1791424971,0,,,,,0,0
53d04150e447331c500a1ace,1791424971,0,,,,,0,0
53d664135372d064d12e38ff,1791424971,0,,,,,0,0
53d6eb751520ee9233f1916c,1791424971,0,,,,,0,0
53dbac71cdba758ba11920b6,1791511133,0,,,,,0,0
53dcd0db6328d09a4d8973f8,1791424971,0,,,,,0,0
53decd116a151f3bb62c64e1,1791424971,0,,,,,0,0
53def9f95161599f42e7b3a5,1791424971,0,,,,,0,0
53e9a90a7ae5e973f3417039,1791424971,0,,,,,0,0
53f3eb689ddca4188b6874ee,1791424971,0,,,,,0,0
53f9703c7536ce50ff96843a,1791424971,0,,,,,0,0
54022fa64f9ce202db6a69a1,1791424971,0,,,,,0,0
54051c5bf1d7810c73521093,1791424971,1,0001104659-26-102438,"2.02,9.01",1787861257,0.5,1,0
540cbc0b0601bd878033c357,1791511133,0,,,,,0,0
5414c359c8bb1df8450b5564,1791424971,0,,,,,0,0
5417986442af263e9f9f2c52,1791511133,0,,,,,0,0
5419f2b4644431e69184c23e,1791424971,0,,,,,0,0
541a45d96a01391e535fd10b,1791424971,0,,,,,0,0
541dd5e9f5e4448809b4c506,1791511133,0,,,,,0,0
54247cb72ad2d4423889adcf,1791424971,0,,,,,0,0
5427bcc04753f76a38091ca7,1791424971,0,,,,,0,0
54283d949f848dce99f7012c,1791424971,0,,,,,0,0
54297d644e82671f94a0e69f,1791424971,0,,,,,0,0
542f4ddf69ed57f8c792bcab,1791424971,0,,,,,0,0
542f7169eb0dd5710f5bc002,1791424971,0,,,,,0,0
54308aee5d70971d98211ba2,1791424971,0,,,,,0,0
543452e8e97284ced5279103,1791424971,0,,,,,0,0
5434ab96bc363c89c96f5c44,1791424971,0,,,,,0,0
5434acb467fcbe70b848a8fc,1791511133,0,,,,,0,0
5434f546164040edf4c422eb,1791424971,0,,,,,0,0
5437e71745bef60df47d5ad6,1791511133,0,,,,,0,0
54398113c8f75ac8e4659247,1791424971,0,,,,,0,0
543cc27fa8fed7779d5bb9db,1791424971,0,,,,,0,0
543e4cc53b10d3e6a3dd3f9f,1791424971,0,,,,,0,0
5440ae35fc1ae2182d71486d,1791424971,0,,,,,0,0
54430c760690751692019a68,1791424971,0,,,,,0,0
544d36d0ae74ef2eb09623c4,1791511133,0,,,,,0,0
5455ead1144870a778d92563,1791424971,0,,,,,0,0
54569dd4d0bba7da12f351b1,1791424971,0,,,,,0,0
545dd2d13cc996ad379d7c0e,1791424971,0,,,,,0,0
546faf42cf55f12decc891b0,1791424971,1,0000899051-26-000135,"7.01,9.01",1789644999,7.0,0,1
5471971c6a21479e26280789,1791424971,0,,,,,0,0
5479b236e7cc0e1682b180f3,1791511133,0,,,,,0,0
547edb3f04887d91a85db713,1791424971,0,,,,,0,0
54825784cbf2bd55bd705989,1791424971,1,0002071876-26-000221,1.01,1790371721,12.0,0,1
5487bf9a82f2f510baba9c60,1791424971,0,,,,,0,0
54885581dd2e4a4d158fd70f,1791424971,1,0000950157-26-001058,"1.01,8.01",1790946977,7.0,0,1
5489ac25a5a97fe4eca1d56c,1791424971,0,,,,,0,0
548efcc8572d6e151cafe74e,1791424971,0,,,,,0,0
549c0039bebcf5a47e14f683,1791511133,0,,,,,0,0
549e4d5c3ff13680efeedb66,1791424971,0,,,,,0,0
549ffb42060bdde9c6159a55,1791424971,0,,,,,0,0
54a176a80106500709265338,1791511133,0,,,,,0,0
54a1bbbe2a11fa7ba56faa94,1791511133,0,,,,,0,0
54a219d99088baea030ef49e,1791424971,0,,,,,0,0
54a38cc837d8d0e6399cd6b7,1791511133,0,,,,,0,0
54a793502ad9a661d0dccbe6,1791424971,0,,,,,0,0
54a86c517fe9a97283be1ec9,1791424971,0,,,,,0,0
54b0236a49e1994c983418e3,1791424971,0,,,,,0,0
54b31a6f24a10a4eac95800e,1791424971,0,,,,,0,0
54b3f4d5a63e231ef0e2353f,1791424971,1,0001104659-26-109812,"2.02,9.01",1790162990,0.5,1,0
54b4438d33d5931fa15387ab,1791511133,1,0001193125-26-415544,"2.02,9.01",1791317119,7.0,1,0
54b4bceda31af6a023bad475,1791511133,0,,,,,0,0
54b5b4187993b9778b6fe3f8,1791424971,0,,,,,0,0
54b9be7e46734a162a9af177,1791424971,0,,,,,0,0
54bfd79b2c1c6fc07fb6ef25,1791424971,0,,,,,0,0
54c3ce487a3e1d129aecd869,1791424971,0,,,,,0,0
54c52fa067807c5b88fa678f,1791424971,0,,,,,0,0
54c891bf1be91b815c70ae9c,1791424971,0,,,,,0,0
54caf41d03d0ab732e4de4e5,1791424971,0,,,,,0,0
54cb1e4a871d93fe15e45859,1791424971,0,,,,,0,0
54cda53021b07ccb179eee0e,1791511133,0,,,,,0,0
54d624de5c02a5277dcd40c4,1791511133,0,,,,,0,0
54d8632c0cdc811ba32a025e,1791424971,0,,,,,0,0
54dbc5cded777c53e289acaf,1791511133,0,,,,,0,0
54dc3d92e0a80abc3364c768,1791511133,0,,,,,0,0
54e085741d32d0fe5fb0f700,1791424971,0,,,,,0,0
54e108f840ab03762d25c096,1791424971,0,,,,,0,0
54e5921a0ad0cbb46f7b0b34,1791424971,0,,,,,0,0
54e92e3a1e261d806594e4fe,1791424971,0,,,,,0,0
54f0af78f8ac088da5ffd4d1,1791424971,0,,,,,0,0
54f1a5e72029b3180480d2c0,1791424971,1,0001077428-26-000063,5.02,1789588881,0.5,0,1
54f4a02e420e694994cbc9f8,1791424971,0,,,,,0,0
54f4dc84dcac08facf08306f,1791424971,0,,,,,0,0
54f93bf1c54ecdc1582498a1,1791424971,0,,,,,0,0
54fd52b18f8f772fd91ae24f,1791424971,0,,,,,0,0
55042da89ecc2419fdb3962e,1791511133,0,,,,,0,0
55065fc80da4022ad35f2e20,1791424971,0,,,,,0,0
5508eeab1bba047d5bea4ab2,1791424971,0,,,,,0,0
55096c6d917ab9786639a173,1791424971,0,,,,,0,0
550b62a72838232e610afdac,1791424971,0,,,,,0,0
550c0b887e3972da5a01cd8d,1791424971,0,,,,,0,0
550e671de2de012845364382,1791424971,0,,,,,0,0
55121e27d9a0e05012b3cb70,1791424971,1,0001564708-26-000211,"8.01,9.01",1790639482,0.5,0,1
551cbba67a86502c917160dc,1791424971,0,,,,,0,0
551d9622f19605f739ce9ce2,1791511133,0,,,,,0,0
552096d0bca9bc947f526f8e,1791424971,0,,,,,0,0
55266e8a43e4b69cf5323425,1791424971,0,,,,,0,0
5527f484be8f636aca8a35bd,1791424971,0,,,,,0,0
55290a0604b8fc06f0da7205,1791424971,0,,,,,0,0
55310b9450ac2d9ea294127f,1791424971,0,,,,,0,0
5535f4e3e65680849163f378,1791424971,0,,,,,0,0
553702775cad50907eedad03,1791511133,0,,,,,0,0
553743c5affae837677b9c5e,1791424971,0,,,,,0,0
5537880cf2a328dda8ead9c2,1791424971,0,,,,,0,0
5537e26d13c13f9a962b3746,1791511133,0,,,,,0,0
553bf1049bd24f59f8efda30,1791424971,0,,,,,0,0
5540f99fd42bd8985acb9c45,1791424971,0,,,,,0,0
5541773c5776be75f251f152,1791511133,0,,,,,0,0
55422b1d0000bf1ccb4dd50d,1791424971,0,,,,,0,0
5544c4247ef777e88ecb1aa0,1791424971,1,0001193125-26-361156,"5.07,7.01,9.01",1787343902,10.0,0,1
5548881587b056452cbe4ee0,1791424971,0,,,,,0,0
554a2ca873a6b3ab4a6a4e86,1791424971,0,,,,,0,0
554b8fded19ce203e72be50c,1791424971,0,,,,,0,0
554bb1a48e56face251511df,1791424971,0,,,,,0,0
554e8d408adb6050ec3ce11f,1791424971,0,,,,,0,0
5551a9e92b9da9b627f88a2a,1791424971,0,,,,,0,0
5551ebd65bf28d2246b8a786,1791511133,0,,,,,0,0
5553282edd8475d854b863dc,1791424971,0,,,,,0,0
555384a8b029a9f64193617f,1791424971,0,,,,,0,0
5559eff3e0000f39b4565d1a,1791424971,0,,,,,0,0
555b3e7be557e6014b8c7e22,1791424971,0,,,,,0,0
555c0dec00dd16f13aa5f44c,1791424971,0,,,,,0,0
55615c133b4ad94ee10a0499,1791424971,0,,,,,0,0
55620b97ef6b26a217b78fc9,1791424971,0,,,,,0,0
556cce13303d955b711cb569,1791424971,0,,,,,0,0
5574b7d2fa1831351f349e2b,1791424971,0,,,,,0,0
5575d424ae856d6f668459e8,1791424971,0,,,,,0,0
5576829f0dd08d206311bec5,1791511133,0,,,,,0,0
55808d6f30dc29b299d3b567,1791424971,0,,,,,0,0
5583f27dca46e9fc2f07c19e,1791511133,0,,,,,0,0
5585bc0c9293a446af87b1a9,1791424971,0,,,,,0,0
558651757cd8ba4fc5a706d3,1791511133,0,,,,,0,0
5588c54fd0c75437f33c69fa,1791424971,0,,,,,0,0
55978c8b86e0f4fca7689ded,1791424971,0,,,,,0,0
559aafad47ce2c64a208c9cb,1791424971,1,0001104659-26-106743,"2.02,9.01",1789073401,0.5,1,0
559b76040f9f8d18dfa858b8,1791424971,0,,,,,0,0
559dc54998fb6ef2b0a41164,1791424971,0,,,,,0,0
559e0c508e274143618a65b0,1791424971,0,,,,,0,0
559e1e07d1cc5d76607322f0,1791511133,0,,,,,0,0
55b11e697b1064163d9edbe8,1791424971,0,,,,,0,0
55b193683b1f267ac3ad332c,1791424971,0,,,,,0,0
55bf28895e17da8514b2350a,1791424971,0,,,,,0,0
55c6b4b6b32d1b44711bb54c,1791424971,0,,,,,0,0
55ca9f83181e563f664d3272,1791424971,0,,,,,0,0
55cd46b1f352150a3ba10a61,1791424971,0,,,,,0,0
55daefcd0e110ec0bc7ed1bf,1791424971,0,,,,,0,0
55dd28a5d95ab9402482902e,1791424971,0,,,,,0,0
55e07176905587c398cb902f,1791424971,0,,,,,0,0
55e07f62d02c6bb388a4d0c8,1791424971,0,,,,,0,0
55e1f1b3a6edb275b76f6081,1791424971,0,,,,,0,0
55e428b9cb188805403f4672,1791424971,0,,,,,0,0
55e455d2666e7ebc9691e3e3,1791424971,0,,,,,0,0
55e56aba51b45ed3a18eccfd,1791424971,1,0001437749-26-031113,"2.02,9.01",1790254300,1.5,1,0
55e649c7a6bf7bba3f5ec8a8,1791424971,1,0001628280-26-063890,"2.02,9.01",1790767936,0.5,1,0
55e77291b7b485cf46a21472,1791511133,0,,,,,0,0
55e8a75c9b46a30577145be0,1791424971,0,,,,,0,0
55e90c82bd90c2854b845e5a,1791424971,0,,,,,0,0
55edf2f5139b3a28921c4992,1791424971,0,,,,,0,0
55ee61cd16c907cbf72d0101,1791424971,0,,,,,0,0
55f0cb7bd067ac350c827e67,1791427778,0,,,,,0,0
55f0ce7299c336346f4d4e4f,1791424971,0,,,,,0,0
55f2da77f96d6e3f1a8699d9,1791424971,0,,,,,0,0
55f7d45e76ee007e646f40fc,1791511133,0,,,,,0,0
5600539b492ebe2b4b3d123d,1791427778,0,,,,,0,0
5600e306d42fbc182ca4058b,1791424971,0,,,,,0,0
5602016327ee5a7bb25b25e5,1791424971,0,,,,,0,0
5606b43a1f4e3bad0a22cfb1,1791424971,0,,,,,0,0
5607329de17c281afb452381,1791424971,1,0001140361-26-033932,"1.02,2.01,3.01,3.03,5.01,5.02,5.03,9.01",1787265652,7.0,0,1
560817b5c52aa512d71b6fd0,1791424971,0,,,,,0,0
560e207745968e6e8dcf7529,1791424971,0,,,,,0,0
5611925b066ad83b604f8c66,1791424971,0,,,,,0,0
561abda18d59096a4afd48c7,1791424971,0,,,,,0,0
561ad03e9ec51009f0d93f72,1791424971,0,,,,,0,0
5622d2d69e51577776f8780c,1791424971,0,,,,,0,0
562b5d32e81ef217378b62b2,1791424971,0,,,,,0,0
5632ae39673febee1e5f0d7f,1791424971,1,0000950157-26-001036,"2.03,8.01",1790110897,8.0,0,1
5634cd525385145b10aab7f7,1791424971,0,,,,,0,0
56399fae546618675b6cb8a5,1791424971,0,,,,,0,0
563b20f3ba98c74194fa48a2,1791424971,1,0001193125-26-391405,"8.01,9.01",1789476709,6.5,0,1
563b4c4ee62c34f65ba832bd,1791424971,0,,,,,0,0
5640a0c98905e5567772baa9,1791424971,0,,,,,0,0
5643e0d6973332a584b15397,1791424971,0,,,,,0,0
5647af05d5d58887d48315f2,1791424971,0,,,,,0,0
56497d5dac676aa6e1ee009d,1791424971,0,,,,,0,0
564a530d76140d3142e8fd6b,1791424971,0,,,,,0,0
564c366630c10a5f62f683af,1791424971,0,,,,,0,0
564de82f8a7277960c66df1f,1791424971,0,,,,,0,0
564e24bd0e078773bf95549e,1791424971,1,0000831259-26-000043,"2.02,7.01,9.01",1790944506,13.0,1,0
564ea424cec49fe80f0c61aa,1791424971,0,,,,,0,0
564eb0f6c803d4df8865dc55,1791424971,0,,,,,0,0
5651491b7d907739bb2bcd3b,1791424971,0,,,,,0,0
5654d969b917f843fdc87fda,1791424971,0,,,,,0,0
5658ed7a15f7623142cf7d99,1791424971,0,,,,,0,0
565d99232fb80412de54d706,1791424971,0,,,,,0,0
5661047bdc7f6e92ac81ca8f,1791424971,0,,,,,0,0
56632e4b45b03b16bb3319d6,1791424971,0,,,,,0,0
566441d58609e322a114fd0a,1791424971,0,,,,,0,0
56660ce7e1c682b3dc682595,1791424971,0,,,,,0,0
5667c37570206856bb996c83,1791424971,0,,,,,0,0
566ce600a44a12b558d01961,1791424971,0,,,,,0,0
567005973ce924f275f5bf84,1791424971,0,,,,,0,0
5672f81442ae5abf6776bd93,1791424971,0,,,,,0,0
567c702ae68fdf3dfc6e883b,1791511133,0,,,,,0,0
568a0e225610644b0f491881,1791424971,0,,,,,0,0
568c97014f352543e5e5f2b5,1791424971,1,0001628280-26-063890,"2.02,9.01",1790767936,7.0,1,0
569653fb0840aa196c5a5509,1791424971,0,,,,,0,0
56aa771bd5301f11ede3842c,1791424971,0,,,,,0,0
56bb55d727e0f1b9ecb420ae,1791424971,0,,,,,0,0
56c4c09ab00f8461aa9763a4,1791511133,0,,,,,0,0
56c65b963419edc25b44d6ef,1791424971,0,,,,,0,0
56ce132033f02fa74f36b373,1791424971,0,,,,,0,0
56d14d2d7d46f483098d269b,1791511133,1,0001104659-26-114359,"1.01,2.03,9.01",1791403961,8.0,0,1
56d471e0e9383179a56e2d7f,1791424971,0,,,,,0,0
56d69d163c1e7b0ba38468b4,1791424971,0,,,,,0,0
56d8342d65c5ebf65f84bca8,1791424971,0,,,,,0,0
56da8a34355efa3b41eac13c,1791511133,0,,,,,0,0
56e37a9c595f4a4f177d6956,1791424971,0,,,,,0,0
56e42cf1ea8871aeb7b8d40d,1791424971,0,,,,,0,0
56e7a4a1cdc90e770976f05a,1791511133,0,,,,,0,0
56e7de83e2780a4a3cac6103,1791424971,0,,,,,0,0
56e9e6ad4b014793a56a0359,1791511133,0,,,,,0,0
56eee4286d25da581094b88e,1791424971,0,,,,,0,0
56f824bfbde4314c0915b1f3,1791424971,0,,,,,0,0
57055c93ef2fae42f4f00651,1791424971,0,,,,,0,0
5705d7414733885043cd0515,1791424971,0,,,,,0,0
5708a7fb547b3e91e00a7455,1791424971,0,,,,,0,0
570c5550d1dafc6f74c4b157,1791511133,0,,,,,0,0
570cbd67d2e2daeed71a242a,1791424971,0,,,,,0,0
570d60938b6db3a1a5d91dc4,1791424971,0,,,,,0,0
5718012b5e98d53cf4de3c58,1791424971,0,,,,,0,0
571a06f9bdcccbe60bee0583,1791511133,0,,,,,0,0
571bee9e1290fa90142d1d9f,1791424971,0,,,,,0,0
571df550adb0333b3e277ae8,1791511133,0,,,,,0,0
572016347bd6cf906a83160e,1791424971,0,,,,,0,0
5720aa283fa0a18b0b55edb8,1791424971,0,,,,,0,0
57261cad7359d2aa9c1c1a59,1791424971,0,,,,,0,0
572704026a6bea855c5d0359,1791424971,0,,,,,0,0
57285dc11255a12218280c8e,1791424971,0,,,,,0,0
572f5ddbb35c2e97d8aa638c,1791424971,0,,,,,0,0
572f661e9aaf0bd54c16a661,1791424971,0,,,,,0,0
57308997ed52274eda8f688b,1791424971,0,,,,,0,0
57319a010458afefc8203338,1791424971,1,0001104659-26-112836,"5.07,9.01",1790885727,10.0,0,0
57333d6ceb2618736bedb285,1791424971,0,,,,,0,0
5733b19044e572ed278276bf,1791424971,0,,,,,0,0
573e9a1364abedc8521ace35,1791511133,0,,,,,0,0
5743cbcadbfe017523632ab0,1791511133,0,,,,,0,0
574682bf4f6710a9e0636203,1791424971,0,,,,,0,0
574c6f384e8221657d2aae47,1791511133,1,0001628280-26-065383,5.02,1791457220,8.0,0,1
574c884484eae4067ba20b1e,1791424971,0,,,,,0,0
575cd62c3434f576ecc555ae,1791424971,1,0001335258-26-000041,"5.02,9.01",1790975142,0.5,0,1
575d567fc03c4d318f27095d,1791424971,0,,,,,0,0
57635c3f7596a81fd2e7a571,1791511133,0,,,,,0,0
576ae4ed6c4298947f98607b,1791511133,0,,,,,0,0
578587ab313ce779e82d5a24,1791511133,0,,,,,0,0
578798d3761312ae487e7a52,1791424971,0,,,,,0,0
578dcf166c78e0535661e35e,1791424971,0,,,,,0,0
578f1153ffd98bcb2ed086b1,1791511133,0,,,,,0,0
579039b48c65cd22ac0a1d78,1791424971,0,,,,,0,0
5791d8357f1f44bc152a5ee4,1791511133,0,,,,,0,0
579f6d6c002ccab036d3748b,1791424971,0,,,,,0,0
57b3d0dc57058b0f7cf61bde,1791424971,0,,,,,0,0
57b93376495025145ca172a6,1791424971,0,,,,,0,0
57c2739410d4633588a7e1ee,1791511133,0,,,,,0,0
57c5e1449ea805dd2f3843f2,1791424971,0,,,,,0,0
57ca10db85ce732731bc277f,1791424971,0,,,,,0,0
57ccfa277634b230357aa703,1791424971,0,,,,,0,0
57cd33d0570e5ed97bf344a7,1791511133,0,,,,,0,0
57d8a2da0f97586e4e8624a8,1791424971,0,,,,,0,0
57d9c7b27dd90a02de77ee7c,1791424971,1,0001193125-26-377822,"7.01,9.01",1788275062,1.5727777777777778,0,1
57e1fa8577b68e590072c050,1791424971,0,,,,,0,0
57e2957cdfb30263479dde95,1791424971,0,,,,,0,0
57e49f3eaac0e3c96137c37a,1791424971,0,,,,,0,0
57e619f0808bb03c67c17330,1791424971,0,,,,,0,0
57ea0b33e9c648afce1d1bfa,1791424971,0,,,,,0,0
57ee7de3796ca0feda193e5a,1791424971,0,,,,,0,0
57f2fd854d77d228578d63c7,1791424971,0,,,,,0,0
57fc4462ebd0efe9469f9288,1791424971,0,,,,,0,0
58046344699d89e1c5e83415,1791511133,0,,,,,0,0
580b30615a3ad8f5acba3fa6,1791424971,0,,,,,0,0
581393842d4fe68c390c66d6,1791424971,0,,,,,0,0
5816bfc56bdf4865610589b1,1791424971,0,,,,,0,0
5817e7d7c6ff2320a0122d25,1791424971,0,,,,,0,0
581ba9a442301e27e0398970,1791424971,0,,,,,0,0
581c0eba0aae711fd54d4f91,1791424971,0,,,,,0,0
581db45048b0bb4a4d9ab697,1791424971,0,,,,,0,0
58279b68659167051ee3a923,1791424971,0,,,,,0,0
58295eaef6089d6fb680bba6,1791424971,0,,,,,0,0
583c04e9a79cc0eb3556b2aa,1791424971,0,,,,,0,0
583e7c66289d56fa3d9ce606,1791424971,1,0001477720-26-000058,"2.02,9.01",1788466081,0.5,1,0
583f686464871902e8350bed,1791424971,0,,,,,0,0
5845a73c32c81ec7f5383034,1791424971,0,,,,,0,0
5846f0a29662ac8c6183961d,1791424971,0,,,,,0,0
584872d4d8033421de1761eb,1791424971,0,,,,,0,0
5849b8fe036d72ed9568559e,1791424971,0,,,,,0,0
584bd68cabfca9174428057a,1791424971,0,,,,,0,0
58549f37be8aed9962f88150,1791511133,0,,,,,0,0
5855b61df49ac6388c843fd8,1791424971,0,,,,,0,0
5855e644934bffc6ef67dcc1,1791424971,0,,,,,0,0
585c1ed21d89aaee6b59cc1d,1791424971,0,,,,,0,0
585d48e2b946a91668d41cca,1791424971,0,,,,,0,0
585de30c33bae1ef277fb8d3,1791511133,0,,,,,0,0
58611cf537c5524d131c8a38,1791424971,1,0001803599-26-000147,"2.02,9.01",1790712645,0.5,1,0
58615bc9182ad3e5e7ed36dd,1791424971,0,,,,,0,0
586910f4ac29ef44739c7ded,1791424971,0,,,,,0,0
586ef8b258c00edb2f02ad72,1791424971,0,,,,,0,0
5872e8886e1ad60600f5bf74,1791511133,0,,,,,0,0
587c96aae22664fd9b1e9bf9,1791424971,0,,,,,0,0
587f0d1e8e1316f51812efce,1791424971,0,,,,,0,0
587f98d124020abb651f12d1,1791424971,0,,,,,0,0
5891a421d49f02bed71ebd1b,1791424971,0,,,,,0,0
5898c7c2bc84f06c2a4a8cb5,1791424971,0,,,,,0,0
58993faea78077bb2d0e7e58,1791511133,0,,,,,0,0
58a4cb4e12b7e4dc045ff746,1791511133,0,,,,,0,0
58a7ee5b1ba29d7e26b09fab,1791424971,0,,,,,0,0
58ac668c2700b1077885d5a4,1791424971,0,,,,,0,0
58acbdc0ea737bd70ec3b6a1,1791424971,0,,,,,0,0
58ad943ded6d04c85fc570a9,1791424971,0,,,,,0,0
58ae420f29cc27b318f1b382,1791424971,0,,,,,0,0
58b0839c0a1baed917a8d537,1791424971,0,,,,,0,0
58b5cebec7e70c503e156593,1791424971,0,,,,,0,0
58b6e16fe9f489c49a5758c6,1791424971,0,,,,,0,0
58bead5e34f39768e7f7e58a,1791424971,0,,,,,0,0
58c424f27b92cea03a5e2b21,1791424971,0,,,,,0,0
58c454c71bef238faee5184d,1791424971,0,,,,,0,0
58c6970ebb9a69b58dda37bb,1791424971,0,,,,,0,0
58d2dd47c391a2716ae282df,1791424971,0,,,,,0,0
58d565ebd7be40225af9d660,1791424971,0,,,,,0,0
58d5fe74a07fab8d809c11ec,1791424971,0,,,,,0,0
58e258332bf865c6dd480879,1791424971,0,,,,,0,0
58e6d41739b69e41213d7125,1791424971,0,,,,,0,0
58eb26e6ca0b9b930d0bda7a,1791511133,0,,,,,0,0
58edd5456dfcd2c9d236c4ca,1791424971,0,,,,,0,0
58f01def1e45121914b9cbd9,1791511133,0,,,,,0,0
58f377f5f27fd7caa6e84a71,1791424971,0,,,,,0,0
58f56958e297a791c31b8fb3,1791424971,0,,,,,0,0
58f6afba26e10d3f76d0ca03,1791424971,0,,,,,0,0
59033076c80e84ee3f894745,1791424971,0,,,,,0,0
5907bfcc321ed69d5f5b7b0e,1791424971,0,,,,,0,0
590a877603c569236438414b,1791511133,0,,,,,0,0
590b4da2dcf34b5c21f91877,1791424971,0,,,,,0,0
590be61b5b67ca5a3cd6f838,1791424971,0,,,,,0,0
590c830d27802a4efdcf5b51,1791511133,0,,,,,0,0
590d9889096296c7e5dc149d,1791424971,0,,,,,0,0
590e289c58828d370ceddd68,1791424971,0,,,,,0,0
5911746774984e8a04336262,1791424971,0,,,,,0,0
591397d08d00fa1ad8cadd0e,1791424971,0,,,,,0,0
5917ac576e270566d90fcdae,1791424971,0,,,,,0,0
591823cabbf8b07466f186fd,1791424971,0,,,,,0,0
5918ef7a214575488e4e1c36,1791511133,0,,,,,0,0
59198380151fb64b4ed5abb3,1791511133,0,,,,,0,0
591ae78756170a5ff2a8ae0d,1791424971,0,,,,,0,0
591b5d2dc5b6b862f128afc9,1791424971,0,,,,,0,0
591d293612de9ace21fd7ed7,1791424971,0,,,,,0,0
591e5622b6ea2bf65a4d9be6,1791424971,0,,,,,0,0
591f274293e0d4e9e553f003,1791424971,0,,,,,0,0
592927386801a3e5229796e6,1791424971,0,,,,,0,0
5929bb64aabb5f01b5ea8c11,1791424971,0,,,,,0,0
592b2429cfcecb9014182225,1791424971,0,,,,,0,0
592d3730e854aac323cd743f,1791511133,0,,,,,0,0
592e83517d0d4ff82f7903db,1791424971,0,,,,,0,0
59318a34cc351148805525aa,1791424971,0,,,,,0,0
5937bb5bb29cbc420306cdcd,1791424971,0,,,,,0,0
5939830251668298b24dba5e,1791511133,0,,,,,0,0
5939f114f5a3a3bb7931afa8,1791424971,0,,,,,0,0
5961b1544bb4083edf23b293,1791424971,0,,,,,0,0
596326a4ea64e4ef4cf7f8ec,1791424971,0,,,,,0,0
59646c2047e812e492e1c4fb,1791424971,0,,,,,0,0
59666533bb3498a591950a74,1791511133,0,,,,,0,0
596e6b418bb22f584f797c8c,1791424971,0,,,,,0,0
596ebb589babccd0cbba7342,1791424971,0,,,,,0,0
597855abe2682359ff0e01d7,1791424971,0,,,,,0,0
597ae12983c0d274f3ac0813,1791424971,0,,,,,0,0
597de962900dea593255ce2d,1791424971,0,,,,,0,0
598221c68e0a2cd1f9cb9994,1791424971,0,,,,,0,0
59843cbf2ba767a8e4810572,1791424971,0,,,,,0,0
598931ca115132a21e2492c8,1791511133,0,,,,,0,0
598af455e65c1000946a6076,1791424971,0,,,,,0,0
598b28f52d04ccb8f9d29abb,1791424971,0,,,,,0,0
599045f59f46dd079c1e5bfe,1791424971,0,,,,,0,0
599bf0ad6c39fab511494d8a,1791424971,0,,,,,0,0
599c4bca5134de59ef66c55f,1791424971,0,,,,,0,0
59aab71e558ded53b14b35a0,1791424971,0,,,,,0,0
59ab8863f7f05f74b36c1f27,1791424971,0,,,,,0,0
59b3cb86757390aa578a4705,1791424971,0,,,,,0,0
59b5dc27b36bcb990eb68a71,1791424971,0,,,,,0,0
59b9e0ec73cc838f1f43add3,1791424971,0,,,,,0,0
59bd63a6945643c0864f26eb,1791511133,0,,,,,0,0
59bd7fce5b928c263523b48c,1791424971,0,,,,,0,0
59d3a465d52532d70e728a54,1791424971,0,,,,,0,0
59d72afd921159bd707e5c2c,1791424971,0,,,,,0,0
59de8eab41ca48a129481bdb,1791424971,0,,,,,0,0
59e48f7a094666a6a0cdd3af,1791424971,0,,,,,0,0
59e4b0f80beec7e544647372,1791424971,0,,,,,0,0
59e6ee245be06d3b113eb4cf,1791424971,1,0001193125-26-401157,"7.01,8.01,9.01",1790284267,4.5,0,1
59ebe8acf5108004d46415c6,1791424971,0,,,,,0,0
59f6895446a2a0a2300a3836,1791424971,0,,,,,0,0
59fb45148d9a69f930bcc23b,1791424971,0,,,,,0,0
5a11ad6acd24ff92676e6dba,1791424971,1,0001628280-26-061011,"2.02,9.01",1788951875,0.5,1,0
5a1298fd4d301fbd7dda03d2,1791424971,1,0000764622-26-000049,"7.01,9.01",1790798706,0.5,0,1
5a180ff92318f1f3112e77cb,1791424971,0,,,,,0,0
5a1b7f5ab87bf6067e88a6ce,1791424971,0,,,,,0,0
5a1c60907c5bc070e1d8bb62,1791424971,0,,,,,0,0
5a1dc6c15ccaf8b24973e840,1791424971,0,,,,,0,0
5a1f05ff356cc40bad6f8293,1791424971,0,,,,,0,0
5a278b195b81427ca4c45ceb,1791424971,1,0001628280-26-063850,"7.01,8.01,9.01",1790716525,2.5,0,1
5a29c4d744188e53924491ae,1791424971,0,,,,,0,0
5a39ed3e8684b3e7a08029ad,1791511133,1,0001679273-26-000053,"5.02,9.01",1791320492,6.5,0,1
5a3a40e6b507d2ed69b59815,1791424971,0,,,,,0,0
5a3b19cd2e63ab01b8ab1927,1791511133,0,,,,,0,0
5a3f17f06639f05876427114,1791424971,0,,,,,0,0
5a40bf7a0cf117947bc2c0d0,1791424971,0,,,,,0,0
5a47538e3ab903b66d057e0a,1791511133,0,,,,,0,0
5a488d4c6bf0668104c672d9,1791424971,0,,,,,0,0
5a4b0f93920f15eb2fd4a3ab,1791424971,0,,,,,0,0
5a4cc6351b7e13e3191a6344,1791424971,0,,,,,0,0
5a54b9fbde08729ad4626b43,1791511133,0,,,,,0,0
5a561ed04c0ce5195df96321,1791424971,1,0000950142-26-002493,"5.02,7.01,9.01",1788466542,7.0,0,1
5a5e7cdc654879267f96d07f,1791424971,0,,,,,0,0
5a5ed30fe105de524313e24f,1791424971,0,,,,,0,0
5a5ef7da3beb792710f1aaf7,1791511133,0,,,,,0,0
5a5fc052dc843cd88608af49,1791511133,0,,,,,0,0
5a61d511a91b2dc8d2159ce9,1791424971,0,,,,,0,0
5a63649aadd64f25f13bf76f,1791424971,0,,,,,0,0
5a6979db7356087d37faf8c4,1791424971,1,0001803599-26-000147,"2.02,9.01",1790712645,7.0,1,0
5a69b381f19cede26e31613a,1791511133,0,,,,,0,0
5a7573160186d560ea154eb0,1791424971,0,,,,,0,0
5a8a80ec88409d3d53c0cfc2,1791424971,0,,,,,0,0
5a8cac8defc6a5b5bcf7f76a,1791424971,0,,,,,0,0
5a8dd24a45faf04714b9b7ae,1791424971,0,,,,,0,0
5a8f6d7626d74b57e4d9c4b1,1791511133,0,,,,,0,0
5a908acd85c35734b4e8fb54,1791424971,0,,,,,0,0
5a917d6a4b2b8ff5a846804f,1791424971,0,,,,,0,0
5a9477cc8b475df3c85f9baf,1791424971,0,,,,,0,0
5a9b8848560cd3c836811fff,1791424971,0,,,,,0,0
5a9e2b395b7a77c2c25ae5b4,1791511133,0,,,,,0,0
5aa00bc2abdd23cc5c943e22,1791511133,0,,,,,0,0
5aa51f38723073519dbbecce,1791424971,0,,,,,0,0
5aac8e19edd0ba1e1357668b,1791511133,1,0001193125-26-415544,"2.02,9.01",1791317119,7.0,1,0
5aaeb215cf43e76f030f7987,1791424971,0,,,,,0,0
5aaec9938862876c35fb2642,1791424971,0,,,,,0,0
5ab31c08bbb7dcc8683f78a1,1791424971,0,,,,,0,0
5ab6fc41332e5add5611349e,1791424971,0,,,,,0,0
5ab839c66d599bc63dbde1e5,1791424971,0,,,,,0,0
5abb95a0f8b9bf6f6a509588,1791424971,0,,,,,0,0
5abc36967bf0eace9fcab9f5,1791424971,0,,,,,0,0
5ac7d8d92c7e8779e4a22cc4,1791424971,0,,,,,0,0
5ace24f39d6e45b4cf2ac1c9,1791424971,0,,,,,0,0
5acf9efc162f8496719e1c29,1791424971,0,,,,,0,0
5ad26bd9fc6786dd11d0e171,1791424971,0,,,,,0,0
5ad5eb9920e9911e7f481131,1791424971,0,,,,,0,0
5ade62f7d69a9e5fd98f71e8,1791424971,0,,,,,0,0
5adfb84c4fe157469720cdb4,1791424971,0,,,,,0,0
5ae148fd0ca7910917fe376b,1791424971,0,,,,,0,0
5ae2f8c9aa3d7e8789d2a711,1791424971,0,,,,,0,0
5ae683c798fa2ad6bfae6838,1791511133,0,,,,,0,0
5ae7c5c095c5f81edd1b0f55,1791424971,0,,,,,0,0
5ae9770a3cb9ec3ecd2c7067,1791424971,0,,,,,0,0
5aec32a26dae211990c0e576,1791511133,0,,,,,0,0
5af6d70d42043f6ed6a698c6,1791424971,0,,,,,0,0
5afc18df25c685c17b9ca264,1791424971,0,,,,,0,0
5afc294b2deee7ec7bbc9c29,1791511133,0,,,,,0,0
5afd960a517037e776cc6edb,1791424971,0,,,,,0,0
5afdf78bac4ac643c6187cc2,1791424971,0,,,,,0,0
5b03bde14916d492bc1dbbfa,1791424971,0,,,,,0,0
5b0d3eb490267b2e2f3c9025,1791424971,0,,,,,0,0
5b14e2148e97a5ece193b8fe,1791424971,0,,,,,0,0
5b1547af780e4d6931f5237f,1791424971,0,,,,,0,0
5b15f33b8f9e822111992889,1791424971,0,,,,,0,0
5b17aeda6362dfb9758f56e8,1791424971,0,,,,,0,0
5b1b43b2b9bc453499e4a34e,1791424971,0,,,,,0,0
5b2e7d3e4f2bea9f16c79d46,1791511133,0,,,,,0,0
5b2ecdb8a7f092e1bf550a75,1791424971,0,,,,,0,0
5b2f74be20fe1b190631cfa6,1791424971,1,0001140361-26-038468,"1.01,2.03,9.01",1790986367,1.5,0,1
5b31fdcc7e58e0881e78b6c0,1791424971,0,,,,,0,0
5b32fb79da5f8115e7498d07,1791424971,0,,,,,0,0
5b3b73a0d1a8ebc9ea310dc3,1791424971,0,,,,,0,0
5b3e197573ac3a98f3b7f28b,1791424971,0,,,,,0,0
5b4151b0dca28c2d922b945a,1791424971,0,,,,,0,0
5b4d067a763f4674232107f3,1791511133,0,,,,,0,0
5b4d2814c9726e0aa00d0f6f,1791424971,0,,,,,0,0
5b5a07fcc1c8c94f76188f09,1791424971,0,,,,,0,0
5b5bf0f7880c4e27de8f1154,1791424971,0,,,,,0,0
5b5c220ec63699a1fb4d6ca8,1791424971,0,,,,,0,0
5b66c16dc70e8cab0ab80f08,1791424971,0,,,,,0,0
5b66d6686c556f2d99750286,1791424971,0,,,,,0,0
5b6940f2794a1447e2b58aa5,1791424971,1,0000950142-26-002552,5.02,1789554637,2.5,0,1
5b706965db7c93641673c148,1791511133,0,,,,,0,0
5b7227edf2bc098e24d2b7ef,1791424971,0,,,,,0,0
5b7393c1784da78d61580d7a,1791424971,0,,,,,0,0
5b7b4765a8bbbdc307a439d4,1791424971,0,,,,,0,0
5b7f44b550aaee65acd77ca9,1791424971,0,,,,,0,0
5b84345cb4d318d8180e880d,1791424971,0,,,,,0,0
5b8a3d84e3cfeb1f35cf0b43,1791424971,0,,,,,0,0
5b8d63723137b75b8fa86874,1791424971,0,,,,,0,0
5b8f2292e4cf3f0bbc5b43eb,1791511133,0,,,,,0,0
5b9080249f13559a45c932f0,1791511133,0,,,,,0,0
5b95c8c52aa6414ca9fda2d6,1791511133,0,,,,,0,0
5ba4525a676ed78e341a5f81,1791424971,0,,,,,0,0
5ba85b63ca30f4db1b918cf7,1791511133,0,,,,,0,0
5baa074e03dfd3ec53d7e001,1791424971,0,,,,,0,0
5baa549e760a02772d2ca6b5,1791424971,0,,,,,0,0
5bab42510442465500b2c86a,1791424971,1,0001193125-26-401093,"7.01,9.01",1790281848,4.5,0,1
5bab4351093bc300871226a3,1791424971,0,,,,,0,0
5bb33baa534e87e69e937953,1791424971,0,,,,,0,0
5bb7cc335b564ff2331c5cd4,1791424971,0,,,,,0,0
5bbb5420b2f632248673be5b,1791424971,0,,,,,0,0
5bbb800180720438cf6bdf52,1791424971,0,,,,,0,0
5bbc4c1776158c496c311569,1791424971,1,0000910521-26-000026,5.07,1789505538,7.0,0,0
5bbc8b0009750ead33f5e7e6,1791511133,0,,,,,0,0
5bc69619846a4e0606d5b194,1791424971,0,,,,,0,0
5bc71583c8c55fbc4ae144b6,1791511133,0,,,,,0,0
5bc9aebf07cdde2483c80b03,1791424971,0,,,,,0,0
5bd17e0197c3b86d92340af9,1791424971,0,,,,,0,0
5bd20feb22049b909ebc16bc,1791424971,0,,,,,0,0
5bd350946118d777102abd34,1791424971,0,,,,,0,0
5bd38e0628f4ed24217bd3fa,1791424971,0,,,,,0,0
5bd40485d733ecbf7928e26f,1791424971,0,,,,,0,0
5bd4b0658071f02b681e3cf2,1791424971,0,,,,,0,0
5bda8c44ad22660fd0c3e875,1791424971,1,0001104659-26-108945,"3.01,7.01,9.01",1789762524,8.0,0,1
5bde0ad00a51c21661296e3f,1791424971,0,,,,,0,0
5bde8d2d86963ef14570f396,1791424971,0,,,,,0,0
5be1e4b5560f62639fcba744,1791424971,0,,,,,0,0
5be30b056c0192bc02aea78e,1791424971,0,,,,,0,0
5be9d2dacd69a9332dc7f121,1791424971,1,0001104659-26-106941,"2.02,9.01",1789135548,0.5966666666666667,1,0
5beb49d8ab11906396b37696,1791424971,0,,,,,0,0
5bedc2fbeab19c9a9d1f4a85,1791511133,0,,,,,0,0
5bef4ede717e23ee0fbe8fa4,1791424971,0,,,,,0,0
5bf01148be54488711ec543b,1791424971,0,,,,,0,0
5bf02425d0e909664cee84c0,1791424971,0,,,,,0,0
5bf1be7fb3617caa4ce970e8,1791424971,0,,,,,0,0
5bf96b2b540fe9048ab99ff8,1791424971,0,,,,,0,0
5bfc4416f03199538ec72d47,1791424971,0,,,,,0,0
5bfd1ceb0350c1f221167a2d,1791424971,1,0000764622-26-000049,"7.01,9.01",1790798706,0.5,0,1
5c013a0b0252310029df2e80,1791511133,0,,,,,0,0
5c0359875161e7fa3883dcc9,1791511133,0,,,,,0,0
5c0a75d733f144a60e0aa8b7,1791511133,0,,,,,0,0
5c125b4ccc2a609654a6b757,1791424971,0,,,,,0,0
5c141a8fae0f69bd8142a6bf,1791424971,0,,,,,0,0
5c1d40eb5856daeb3adc83d8,1791511133,0,,,,,0,0
5c23f2984972fff070ae57cf,1791424971,0,,,,,0,0
5c25eb4c66dd899fabfbab0b,1791424971,0,,,,,0,0
5c26bf24bf2cae8fca7cd474,1791424971,0,,,,,0,0
5c2f2201338a1479875ebfe0,1791424971,0,,,,,0,0
5c326808a147a46e7ec6c484,1791424971,0,,,,,0,0
5c38791d4af09b24d36d68a6,1791424971,0,,,,,0,0
5c38a9f782fb5da3cd30a9d0,1791424971,0,,,,,0,0
5c391723259983d8faeb84fd,1791424971,0,,,,,0,0
5c3d03b11bb20fa3e37d0925,1791424971,0,,,,,0,0
5c4430451a0b6fe6eb23cea2,1791424971,0,,,,,0,0
5c44bb0c5af5baa83138b035,1791511133,0,,,,,0,0
5c4e0fd1822e67b22780d2ee,1791424971,0,,,,,0,0
5c4e1a7ff0c70271c3830c98,1791424971,1,0001104659-26-105485,8.01,1788552079,6.5,0,1
5c515e84198bc884dffd795c,1791424971,0,,,,,0,0
5c525246ca8ab5ee7c27d102,1791511133,0,,,,,0,0
5c5573f54839678f286666f3,1791424971,0,,,,,0,0
5c5e8533b6f4d5e3bc63585b,1791424971,0,,,,,0,0
5c60ad9f050dbe27beb3ba2a,1791424971,0,,,,,0,0
5c613391bb617b11d5362a56,1791511133,0,,,,,0,0
5c61920fb7c6c9e1b824c0c5,1791424971,0,,,,,0,0
5c66e06921ce1900de56a216,1791424971,0,,,,,0,0
5c6a583b16254ec5fb858328,1791424971,0,,,,,0,0
5c6b65a7da679aa44de09019,1791424971,0,,,,,0,0
5c6d7d97a18ff3ad0d0b48db,1791424971,0,,,,,0,0
5c6ec8d502d36ccc7c160ebd,1791424971,0,,,,,0,0
5c6fefbc8da59fc6a6e1e4b4,1791424971,0,,,,,0,0
5c70f3abee8997f2da577942,1791511133,0,,,,,0,0
5c71b1af1a130568063c719b,1791424971,0,,,,,0,0
5c7ebf66d5a8588c65dc4606,1791424971,0,,,,,0,0
5c86bf8db139dd151ba2db2f,1791424971,0,,,,,0,0
5c895b429d8dd16e56ddb91d,1791424971,0,,,,,0,0
5c8e0a5b7fb962f6e6bbf41a,1791424971,0,,,,,0,0
5c924be7d5e4ed816fe0ce16,1791511133,0,,,,,0,0
5c9f44c750d8ca6985e667c2,1791511133,0,,,,,0,0
5caa17d37af111a471828d2e,1791424971,0,,,,,0,0
5caa3bb2c1477411522df93b,1791511133,0,,,,,0,0
5cab23777c28353f3a7f6e77,1791424971,0,,,,,0,0
5cb8d7f36b8c07cffd63a696,1791424971,0,,,,,0,0
5cbb4edeb9633ae8aed9c86f,1791424971,0,,,,,0,0
5cbecac280e82ba6f213db5e,1791511133,0,,,,,0,0
5cc3695c8214854ac216e29d,1791424971,0,,,,,0,0
5cc784264ac3cb0d7e0d1543,1791424971,0,,,,,0,0
5cca7866f4a6e55df72d7caa,1791424971,0,,,,,0,0
5ccab16d55bd4d9e0bcc8e34,1791424971,0,,,,,0,0
5ccd4a4f4df6113e5b6032fd,1791424971,0,,,,,0,0
5cd479c08233b45b99cc6079,1791424971,0,,,,,0,0
5cd491044154ba1e3a0ef4a6,1791424971,0,,,,,0,0
5cd6551b0ee388210cb5d419,1791424971,0,,,,,0,0
5cd894851c054d774af0d2c1,1791424971,0,,,,,0,0
5cdf8e928c9f78d8d413790d,1791424971,0,,,,,0,0
5ce344db739cf2c5fb67ed06,1791424971,0,,,,,0,0
5ce40a24eaec94f8e9dac7b0,1791424971,0,,,,,0,0
5ce7ce6dfca8e8a4ff84d192,1791424971,0,,,,,0,0
5cea35d6cab5abcf0199bbe2,1791424971,0,,,,,0,0
5cf1d22a2fb951f2e59566b0,1791424971,0,,,,,0,0
5cf33c4def919ab803d933e0,1791424971,0,,,,,0,0
5cf4c9d5a6d882418c197164,1791424971,0,,,,,0,0
5cf58dac07d9544c41cf07dd,1791511133,0,,,,,0,0
5cf70785d61bba99567b3f79,1791424971,0,,,,,0,0
5d01bc2ba8239270fca1a42a,1791424971,0,,,,,0,0
5d0457fdd3628ee2648e4451,1791424971,0,,,,,0,0
5d052b885bdae115d1804548,1791424971,0,,,,,0,0
5d109fd6157de5bc142d70f2,1791424971,1,0001193125-26-392151,"7.01,9.01",1789507287,1.5,0,1
5d10fc0945e56d355d371f8b,1791424971,0,,,,,0,0
5d1473869f3d739cf48b99f5,1791511133,0,,,,,0,0
5d15544782448c3449c92a83,1791424971,0,,,,,0,0
5d1650b78252dfe3ce3e0e59,1791424971,0,,,,,0,0
5d1932f74964efe9f6d11179,1791424971,0,,,,,0,0
5d1ae9ae4250ba263fca33b3,1791424971,0,,,,,0,0
5d1b1ae18992edb3855e4172,1791424971,0,,,,,0,0
5d2432b83afed426fd749359,1791511133,0,,,,,0,0
5d29f5cad49279b236fae2e3,1791424971,0,,,,,0,0
5d2b44e8688409de19c05cb6,1791424971,0,,,,,0,0
5d31037c968e8b114202adcc,1791424971,0,,,,,0,0
5d3ab1dbb62983547eae4bab,1791511133,0,,,,,0,0
5d3e34e3a9f74baac8a0bb3f,1791424971,0,,,,,0,0
5d3ea80bd326d352f5ebf933,1791511133,0,,,,,0,0
5d4004e3a215fcac36d40af0,1791424971,0,,,,,0,0
5d40b501caa5116a223b1ed5,1791424971,0,,,,,0,0
5d44c3f9cdccef073a9aaaf8,1791424971,1,0000109198-26-000051,5.02,1789662111,4.364166666666667,0,1
5d44d054f07737112e360505,1791424971,0,,,,,0,0
5d48b0348272bab89b53a22d,1791424971,1,0001193125-26-408403,"5.02,7.01,9.01",1790772254,13.0,0,1
5d4abfa77ce744ff7030ecbd,1791511133,0,,,,,0,0
5d4f8c0fc71dc64879d93279,1791424971,0,,,,,0,0
5d4fcd08f017670e1646d583,1791424971,0,,,,,0,0
5d57b5a799b53243d4c201a1,1791424971,0,,,,,0,0
5d5c705de0b191c35cab5075,1791424971,0,,,,,0,0
5d60f2a1098eb4e01540908d,1791424971,0,,,,,0,0
5d6441cc8a2d181d54840cee,1791424971,0,,,,,0,0
5d7903ba8f144c6dff994aca,1791424971,0,,,,,0,0
5d7d58230dc6b2e22de0777b,1791424971,0,,,,,0,0
5d7eb7a8c8b30eb5f2deec14,1791424971,0,,,,,0,0
5d8125cf9678be7a18a45791,1791424971,0,,,,,0,0
5d85584c0d53fb740a7f70c8,1791424971,0,,,,,0,0
5d8833d6b3d1c53e84382fb8,1791511133,0,,,,,0,0
5d8869f2425421cbb0b9b952,1791424971,0,,,,,0,0
5d8b79834537dd26a0ff4e00,1791424971,0,,,,,0,0
5d8ca9271468fcfe04c40e9f,1791424971,0,,,,,0,0
5d9072f1ed912aca87db6ebe,1791424971,0,,,,,0,0
5d91afb065bcf3cee571dbda,1791511133,0,,,,,0,0
5d93eb4cbee9a08c92e4b977,1791424971,0,,,,,0,0
5d9547f1e61ff903898a141f,1791424971,0,,,,,0,0
5d97a07acf08863df25fadbc,1791424971,0,,,,,0,0
5d9f5fc4733c4dcbe5a1428f,1791424971,0,,,,,0,0
5da82cc4572a5de1d6730f3c,1791424971,0,,,,,0,0
5da90bd1c9d73871b70c8305,1791511133,0,,,,,0,0
5dafda89608d79fe1de1aac5,1791424971,1,0001856525-26-000091,"2.02,9.01",1788953368,0.5,1,0
5db9bef1bd3857dadd259444,1791424971,1,0001086222-26-000089,"5.05,9.01",1790366670,5.5,0,1
5db9f8fdc13f57481a0c8950,1791424971,0,,,,,0,0
5dba170d85543a2d7050e3eb,1791424971,0,,,,,0,0
5dbd84d2e56e502fe0a634c2,1791424971,0,,,,,0,0
5dbe302d3d0c85f1c5e7a1d8,1791511133,0,,,,,0,0
5dc8d0e91ec32d1e11483366,1791424971,0,,,,,0,0
5dcaaa8975b93d92f4f60a4d,1791424971,0,,,,,0,0
5dcc47e4ef8361d27ec2b1db,1791511133,0,,,,,0,0
5dccac447374f38da7cb45e1,1791424971,0,,,,,0,0
5dcd710111d96a0a5ff072bc,1791424971,0,,,,,0,0
5dd5680bb0155ec6d96b5657,1791511133,0,,,,,0,0
5de429a865bcc03de159722b,1791424971,0,,,,,0,0
5de42e80b844b0fd3de4ac2b,1791424971,1,0000016918-26-000034,"7.01,9.01",1788902404,1.5,0,1
5de7e58445269a6152bd85ef,1791424971,0,,,,,0,0
5debecfff022015e0269d5ce,1791424971,0,,,,,0,0
5dec5365a14d61a00661e577,1791424971,0,,,,,0,0
5dfd40bf4df77e40c55a32a4,1791424971,0,,,,,0,0
5dfd6fdbf8ef62e19b66bafc,1791424971,0,,,,,0,0
5dfddd5104ffc54dd457b004,1791424971,0,,,,,0,0
5e0778450de327f8290fc2cd,1791424971,0,,,,,0,0
5e0c062b76aed51b0736a94e,1791424971,0,,,,,0,0
5e127826244a9dda49a7de45,1791424971,0,,,,,0,0
5e13578f6b4def65114e0326,1791424971,0,,,,,0,0
5e14053c7b78692207d4d040,1791424971,1,0000354707-26-000066,"8.01,9.01",1790024921,0.5,0,1
5e140ba7e2b590ca50f1c76b,1791424971,0,,,,,0,0
5e1c817696b2e2c6df952e59,1791424971,0,,,,,0,0
5e1f0b31a4362436956648cd,1791424971,1,0001193125-26-394451,8.01,1789678432,7.0,0,1
5e1f0f5d316b8723cdfca1f8,1791424971,0,,,,,0,0
5e1f4d4c4b48208e1b05bffa,1791424971,0,,,,,0,0
5e214ca183292aff795ca34c,1791511133,0,,,,,0,0
5e21d39f69c925932108922c,1791424971,0,,,,,0,0
5e2216ea10f7c14b5ca2370a,1791424971,0,,,,,0,0
5e232a63d9d525334c49cf4b,1791424971,0,,,,,0,0
5e27f25f16582905b1c158c5,1791511133,0,,,,,0,0
5e36e83481505ccaab118cc1,1791424971,0,,,,,0,0
5e3a8ae25ae02e8ad1a21e98,1791511133,0,,,,,0,0
5e3b7e3d63ffeb16d91fb290,1791424971,1,0000887343-26-000181,"7.01,9.01",1790802429,8.0,0,1
5e3e94df9d6c9d1cc80673d0,1791424971,0,,,,,0,0
5e43d20b4c0b20b2286d2b15,1791511133,0,,,,,0,0
5e450176576185c9ed5d8bdd,1791424971,0,,,,,0,0
5e461437bb6d3dcc7ecde2a8,1791424971,0,,,,,0,0
5e474901af594f42d1cac5d3,1791424971,0,,,,,0,0
5e53ee33542df75f0bb783ef,1791424971,0,,,,,0,0
5e579bff5edcac2f9bffcb1f,1791424971,0,,,,,0,0
5e5a75c3be108c148102b388,1791424971,0,,,,,0,0
5e6bc1fa357222474c27ea31,1791424971,0,,,,,0,0
5e6e44877c1a0696345d96a9,1791424971,0,,,,,0,0
5e734266a9b06b187dd0d8ee,1791424971,0,,,,,0,0
5e78c89e74414b329cd1d0cd,1791424971,0,,,,,0,0
5e7b57e12b6bdadf906798b2,1791511133,0,,,,,0,0
5e7f1cc3eb74ba6a7d3f37cc,1791424971,0,,,,,0,0
5e86441c0133138a2aaa7bb4,1791511133,0,,,,,0,0
5e8e26237c838f8666794b5f,1791424971,0,,,,,0,0
5e9fa51033974a81d39e1122,1791424971,0,,,,,0,0
5ea562a4f52d47e056a5e072,1791424971,0,,,,,0,0
5ea8a73d7e4bbf285cffd2fb,1791424971,0,,,,,0,0
5eabee0d6925b986162b563d,1791424971,0,,,,,0,0
5eabff8c896b3bab206631da,1791424971,0,,,,,0,0
5eac38ce70830645713826ca,1791424971,0,,,,,0,0
5eae08ff078ec998570036ca,1791424971,0,,,,,0,0
5eae9c935a3e979a56ddd96d,1791424971,0,,,,,0,0
5eafd85da4f4f5124b748873,1791424971,0,,,,,0,0
5eb50718ccd4651e4de9811b,1791424971,0,,,,,0,0
5eb51cb7ba763fb3a2faaa3c,1791424971,0,,,,,0,0
5eb522a7087ad77cc8503453,1791424971,0,,,,,0,0
5ebc1c822772e1d16efca130,1791424971,0,,,,,0,0
5ebf302774837da1863f3a72,1791424971,0,,,,,0,0
5ed0f8d3229cff4af1c1a9b1,1791424971,0,,,,,0,0
5ed8710426880197161bbe0a,1791424971,0,,,,,0,0
5eddda3941216fa3ed2bfea0,1791424971,0,,,,,0,0
5ee17d850343d32f92fec847,1791424971,0,,,,,0,0
5ee1d151dbacb03d365ee2bb,1791424971,0,,,,,0,0
5ee586c8565d36b985aa14cb,1791424971,0,,,,,0,0
5ee5a8383e3bc881d2e0bafc,1791424971,0,,,,,0,0
5eeb276d22f2c3c8963d32f6,1791424971,0,,,,,0,0
5eeeda31b17b3cfc707c7f3e,1791424971,0,,,,,0,0
5ef447a756a90ecd061cb3d3,1791424971,0,,,,,0,0
5ef50d927950c74f282b196a,1791424971,0,,,,,0,0
5efe4ea3c6cf1c38371b89d3,1791424971,0,,,,,0,0
5eff92163f9840601590c43a,1791424971,0,,,,,0,0
5f00ebc2024999b500e66f30,1791424971,0,,,,,0,0
5f0213aa9ea081871017f913,1791511133,0,,,,,0,0
5f06ebd4ad4b55dcf16bf331,1791424971,0,,,,,0,0
5f0a13f07f90dc3df840ee6c,1791424971,0,,,,,0,0
5f0bdc57f2f38e084c15732a,1791424971,0,,,,,0,0
5f0e2050269c75c08612bde0,1791424971,0,,,,,0,0
5f0ed5ee95689c65fc8ba376,1791424971,0,,,,,0,0
5f0fe2c1ebac9a5c41be9a2e,1791424971,0,,,,,0,0
5f1028469b37e27df0d2ab41,1791424971,0,,,,,0,0
5f111c8624ad081f52ccade7,1791424971,0,,,,,0,0
5f130590acf61692688953b6,1791424971,0,,,,,0,0
5f15dc1fe2479e2ab83ad1d3,1791424971,0,,,,,0,0
5f19d5c312077858d9736c5c,1791424971,0,,,,,0,0
5f1c01b2e56638aa0d1fba56,1791424971,0,,,,,0,0
5f2240f3514f59520e3d78cc,1791424971,0,,,,,0,0
5f31176786aa270f04a57f22,1791424971,0,,,,,0,0
5f33babcdafa3b8e24a0798b,1791424971,0,,,,,0,0
5f353aeba2e316a544ed3872,1791511133,0,,,,,0,0
5f361e6675e3ff6fff44c427,1791424971,0,,,,,0,0
5f3724af87912abed18efd75,1791424971,0,,,,,0,0
5f466b164ac9da283324a206,1791424971,0,,,,,0,0
5f494a3f939e6f39caa84c8e,1791424971,0,,,,,0,0
5f4cd79420c37b4a9eb31cec,1791424971,0,,,,,0,0
5f4dd2f07d89c5c32f0907ad,1791511133,0,,,,,0,0
5f4fa42f56817b9a1a7e0289,1791511133,0,,,,,0,0
5f50007d1512163ad7843e0e,1791424971,1,0001100682-26-000142,"7.01,9.01",1790251930,0.5,0,1
5f50203f17c8f63348fa013a,1791424971,0,,,,,0,0
5f55148f7fd55335be02b03b,1791511133,0,,,,,0,0
5f57e8f8c6e75beb1dc35efb,1791424971,0,,,,,0,0
5f5850aa0481387b082b2938,1791424971,0,,,,,0,0
5f58a80f640ea1d24741f2a4,1791424971,0,,,,,0,0
5f5b721794f430163fbbbcca,1791511133,0,,,,,0,0
5f5f04eb50815bfaa06b844f,1791424971,0,,,,,0,0
5f600ec28f683368fcb787fb,1791424971,0,,,,,0,0
5f6084118ad6d2ac453ad4f1,1791424971,0,,,,,0,0
5f632184c848de6caa1d7e49,1791424971,0,,,,,0,0
5f634afde3adacbd8f2d5e06,1791424971,0,,,,,0,0
5f697fc42b92c5d7f0f22238,1791424971,0,,,,,0,0
5f6b38a09607d07223e9ccdb,1791424971,0,,,,,0,0
5f6c07705fb52494ad026ad0,1791424971,0,,,,,0,0
5f6f426cbe973c2676ed9ad1,1791424971,1,0001564708-26-000190,"8.01,9.01",1787874987,0.5,0,1
5f72942dfa701c911933b918,1791424971,0,,,,,0,0
5f755dc62463cbc077c9e36c,1791511133,0,,,,,0,0
5f76e3443ab89f59575777fb,1791424971,0,,,,,0,0
5f7ca06fd3d649ed3b76169a,1791424971,0,,,,,0,0
5f7e50d79ba8361c2066bcde,1791424971,0,,,,,0,0
5f81b9b50db7022288b732e6,1791424971,0,,,,,0,0
5f81d6aa831eadd8b063530f,1791424971,0,,,,,0,0
5f885d69f40593556dd7f639,1791424971,0,,,,,0,0
5f91e267ef606a60c879e79c,1791424971,0,,,,,0,0
5f936b62ef6a33aac7486b3c,1791424971,0,,,,,0,0
5f9498f6d5ccd5806194cfe9,1791424971,0,,,,,0,0
5f966a3f4fe712014e5d4d65,1791424971,0,,,,,0,0
5f97a2c6c6585b29b9e91768,1791424971,0,,,,,0,0
5f99958451519d007b8907a0,1791424971,0,,,,,0,0
5f9e625f33002285cb39b9d2,1791424971,0,,,,,0,0
5f9f93658f318f1d5ae1439e,1791424971,0,,,,,0,0
5fa3797b3e236891e5cd18b8,1791424971,0,,,,,0,0
5faea764019f6c008eee5a4b,1791424971,0,,,,,0,0
5fb0c7effb86b4909c3e7c56,1791511133,0,,,,,0,0
5fb5913577522cb6f0fcd8a0,1791424971,0,,,,,0,0
5fbb1f2a8a6adcf5917b4550,1791424971,0,,,,,0,0
5fbca8e43e1cc0f2be8c6724,1791424971,0,,,,,0,0
5fc36cbe51d960089b917b7d,1791424971,0,,,,,0,0
5fc8f1cf73db42b70764594b,1791424971,0,,,,,0,0
5fc951d6cec5bdd40553e85e,1791424971,0,,,,,0,0
5fce3511348fd65b4008d002,1791424971,0,,,,,0,0
5fcf9e3e1c0a7dbd703399c2,1791424971,0,,,,,0,0
5fd27cba02b0fcd769ec974e,1791424971,0,,,,,0,0
5fd38ca32ad445acc8617035,1791424971,0,,,,,0,0
5fd69737d5d066d7418a5991,1791424971,0,,,,,0,0
5fd8339b3061f63398855568,1791424971,0,,,,,0,0
5fde2f3f1bf6e3413b08ef69,1791424971,0,,,,,0,0
5fe4ea6ed0e73a9009d6fdc2,1791424971,0,,,,,0,0
5fe629af311b22aae5f84bb0,1791424971,0,,,,,0,0
5fe6436b51501cc525f021a4,1791424971,0,,,,,0,0
5fe7d47e9e311eec4c138268,1791424971,1,0001628280-26-064413,"5.03,5.07,9.01",1790954717,1.9213888888888888,0,1
5fec1bae56e4479d376d57ee,1791424971,0,,,,,0,0
5fedf1593dcde0cfda36606d,1791424971,0,,,,,0,0
5fee2522699d1b994913a9bc,1791424971,1,0001193125-26-409787,"1.01,2.01,2.03,7.01,9.01",1790852398,0.5,0,1
5ff56340eb18ef4e9b1dfcdd,1791424971,0,,,,,0,0
5ff61ba34850803def5d3f3e,1791424971,0,,,,,0,0
5ff957a43e050c4dd4f154e1,1791424971,0,,,,,0,0
5ffa2caac627a0da7feb4cea,1791424971,0,,,,,0,0
5ffd3b97d1b6e7e8972de06c,1791511133,0,,,,,0,0
5ffeb12e9ced413f51b73f14,1791511133,0,,,,,0,0
6007d2ead41dae8b0a4df501,1791424971,0,,,,,0,0
600b65e63f8edf50e7355775,1791424971,0,,,,,0,0
600c40793a1ba6915a5f0b90,1791424971,0,,,,,0,0
600e57fecc780db19e8df50d,1791424971,0,,,,,0,0
600f31ff87ce0dd0fac196c5,1791424971,0,,,,,0,0
60102b6fea7467c208f798c9,1791511133,0,,,,,0,0
60105f2a10b2e8d6b692f0d0,1791424971,0,,,,,0,0
60119905d4c0f516ad29e1b7,1791424971,0,,,,,0,0
6015ae1a3d06ddf39afa5efa,1791424971,0,,,,,0,0
6016507d94a886e6ded0a003,1791424971,0,,,,,0,0
601afca578223ac7073c17ad,1791511133,0,,,,,0,0
601ece8ac5badfae129acb14,1791424971,0,,,,,0,0
60209ea4d5bdd2cb17546bf3,1791424971,0,,,,,0,0
6021dc3e61608e14375d1dba,1791424971,0,,,,,0,0
6027cca590399d57a6eb7359,1791424971,0,,,,,0,0
602c4b0f6ddacb8d08f88393,1791424971,0,,,,,0,0
60321c97310f3968e07df988,1791424971,0,,,,,0,0
60341b61710abec6ac7a7a2b,1791424971,0,,,,,0,0
60371299c43d89028e3ba16f,1791424971,0,,,,,0,0
603a57403af678d58ca46e71,1791424971,0,,,,,0,0
603c361b87254b5149ddc47f,1791424971,0,,,,,0,0
6041b94b9242c35cb9076519,1791424971,0,,,,,0,0
6044d696cc3dfa79af481666,1791424971,0,,,,,0,0
6044dfe921a341f153f2f2a5,1791424971,0,,,,,0,0
6045d19edb8e5558b35508ff,1791424971,0,,,,,0,0
60468cb8d2a059aa86ae8fa4,1791424971,0,,,,,0,0
604c73dae528718802146c9c,1791511133,0,,,,,0,0
604e290ca22b6f5b3fb8382f,1791424971,0,,,,,0,0
604ff7b915a5143e8195d07e,1791424971,1,0001193125-26-357758,"2.01,3.01,3.03,5.01,5.02,5.03,9.01",1787222033,11.0,0,1
605344541336461cf9563a40,1791424971,1,0001043219-26-000070,"3.03,5.03,9.01",1790972129,6.5,0,1
6053682088a885e42b713fc4,1791424971,0,,,,,0,0
6054e11f2c514b916217861e,1791424971,0,,,,,0,0
605951881173f7880ae2e121,1791424971,0,,,,,0,0
605aa7b6961010d9b7753fce,1791424971,0,,,,,0,0
605f09b23f479c10dfd50236,1791424971,0,,,,,0,0
60621e318931838086e8cdb7,1791511133,0,,,,,0,0
60632da33b79e47be9a32a35,1791424971,0,,,,,0,0
606ae5b1999643f9eaf82305,1791511133,0,,,,,0,0
606da26d8d42b31d252023c8,1791424971,0,,,,,0,0
60707e75fee7f9a5b9b31875,1791511133,0,,,,,0,0
60710bf2cae27b4cf5a3b679,1791424971,0,,,,,0,0
6076e8d973744c72a31d78ab,1791511133,0,,,,,0,0
6077a366e99c3b10582f0d76,1791424971,0,,,,,0,0
607bf0104cbb50a6b0d2f3d2,1791424971,0,,,,,0,0
607d009c90a9550687c27b98,1791424971,0,,,,,0,0
60810c94a0ae10ebf9204acd,1791424971,0,,,,,0,0
6086c7644ce9e22d827cfc0e,1791424971,0,,,,,0,0
608e6c6e5f2cd6160b02c7f4,1791424971,0,,,,,0,0
6092af5f9ff183287984d388,1791424971,0,,,,,0,0
609536658c0357b2f259713d,1791511133,0,,,,,0,0
6096088b23c3c8eed8a76a7e,1791424971,0,,,,,0,0
609ac0b84453baace0ac2a6d,1791424971,0,,,,,0,0
60a17e3e1882ae0fdacef2ad,1791424971,0,,,,,0,0
60a8adb2fa1effae62fc8835,1791424971,1,0001628280-26-061217,"2.02,9.01",1789037849,0.5,1,0
60ae5e44760222673a85eaa0,1791424971,0,,,,,0,0
60b403d012910dbd29de2976,1791511133,0,,,,,0,0
60c376470b297bda59dfc584,1791424971,1,0001193125-26-393065,"8.01,9.01",1789589173,0.5,0,1
60c477c4f92ab37d8745071d,1791424971,0,,,,,0,0
60ca07c5c548cfacd2a2020e,1791424971,0,,,,,0,0
60cc4fe4494920baf0acef4b,1791424971,0,,,,,0,0
60ce4775e260376af5508287,1791511133,0,,,,,0,0
60ceb772cd589bed1c408493,1791424971,1,0001104659-26-105498,5.02,1788552340,7.0,0,1
60cf65204e763c8b59e4136a,1791424971,0,,,,,0,0
60d25ed2c09e840e9594c2a5,1791424971,0,,,,,0,0
60d7b08364ee8ad4973dd816,1791424971,0,,,,,0,0
60e27f5609f7046cf4e7ef59,1791511133,0,,,,,0,0
60e4c302079a358f1b0e534c,1791511133,0,,,,,0,0
60e5a60a77caa04baf953930,1791424971,1,0000825542-26-000054,5.02,1790366532,7.0,0,1
60e63c07d518269c7ff26434,1791424971,0,,,,,0,0
60e9ece57b3c977e58dea25f,1791424971,0,,,,,0,0
60ec0eb0ec7f163a4580532f,1791424971,0,,,,,0,0
60ecf285d86ef8c8c5dbc43b,1791511133,0,,,,,0,0
60ed2857cee967a3ee67d11a,1791424971,0,,,,,0,0
60f02ac5dac023e011384068,1791424971,0,,,,,0,0
60f4ef8032c97aee974373f6,1791424971,0,,,,,0,0
60f8b767a042260ffaa4fa27,1791424971,0,,,,,0,0
60f90fd9edec783caa0b0d4f,1791511133,0,,,,,0,0
60fcadf7a6e97416f158dc79,1791424971,0,,,,,0,0
60fcb16796d82d7d391c8674,1791424971,0,,,,,0,0
60ffa391f982600658728b13,1791424971,0,,,,,0,0
61071ed5d916f451b13d0580,1791424971,0,,,,,0,0
61076b1429bf2361c4e962fc,1791424971,0,,,,,0,0
6107f6d294b2c7c79868694c,1791424971,0,,,,,0,0
61088da5d73ef2866b0b5fff,1791511133,0,,,,,0,0
610bcd52fbe3651dee78c86b,1791424971,0,,,,,0,0
610bd1108fa556999c8d5794,1791424971,0,,,,,0,0
610d47bd388cdc8d3de93571,1791424971,0,,,,,0,0
610ff09e1e2390a73b2af250,1791424971,0,,,,,0,0
6112a43a07fac90be46f9d1e,1791511133,0,,,,,0,0
6124f6a2e072a0c175f703b1,1791424971,0,,,,,0,0
6124feadf8c6a4ede053145a,1791424971,0,,,,,0,0
6131139892ec476d63789bb8,1791424971,1,0001655888-26-000063,"2.02,9.01",1790885782,7.0,1,0
6132091a1599cd1d2663750e,1791424971,0,,,,,0,0
6136ba2e204f58c031874fd1,1791424971,0,,,,,0,0
613ed739a15acbf0181b2445,1791424971,0,,,,,0,0
614577ab53dafb57812ad828,1791424971,0,,,,,0,0
6148df6d92cd755bca3828a1,1791424971,0,,,,,0,0
614a15d5f1f5432f7ffa6d9e,1791424971,1,0000320187-26-000184,"2.02,2.05,9.01",1790885715,6.5,1,0
614bdb4b2b3e51869fde798e,1791424971,0,,,,,0,0
614ea8c3efe4e9cf601dda45,1791424971,1,0001104659-26-109812,"2.02,9.01",1790162990,11.0,1,0
6154169e9c655bef1c6cbab9,1791424971,0,,,,,0,0
61597bfd9976c01619d0a5f2,1791424971,0,,,,,0,0
615b21e4cf63948fd93fe799,1791424971,0,,,,,0,0
615be63b1a9e309127fd901e,1791511133,0,,,,,0,0
615c77e3b117c020bef32054,1791424971,0,,,,,0,0
61644e338a147a7152835f03,1791511133,0,,,,,0,0
6165dbd39e17cc54c0b6525f,1791424971,0,,,,,0,0
6167f5a0bf54c19c747d6e92,1791424971,0,,,,,0,0
616891880cabe7b10a6b397b,1791424971,0,,,,,0,0
616a0f8c44ad706871a51ae8,1791511133,0,,,,,0,0
616d33744d2c97a23f64d3c8,1791424971,0,,,,,0,0
61722086a0936e487a315b69,1791511133,0,,,,,0,0
6172b56a641f51cb9fd4ab20,1791424971,0,,,,,0,0
617459eed4e8c74cf4e83a8c,1791424971,0,,,,,0,0
6174b242d7a883b12382ff7d,1791424971,1,0000831259-26-000038,8.01,1788902314,6.5,0,1
617c747c61c96926c576435a,1791424971,0,,,,,0,0
617c80c342599d900ffd5f7c,1791511133,0,,,,,0,0
617de584f07a3efcea00a1a0,1791424971,0,,,,,0,0
61871f35d7a8d186f151c646,1791424971,0,,,,,0,0
61930eff904e90bd6dab4295,1791424971,0,,,,,0,0
619614dd110e8157ce093b8e,1791424971,0,,,,,0,0
6197e5adff599818dfc3e818,1791424971,0,,,,,0,0
619d2fb463d4be2634529219,1791424971,0,,,,,0,0
61a18eb2d4a4a2a726a2a68b,1791424971,0,,,,,0,0
61a2b34e0f5a68b519b87940,1791424971,0,,,,,0,0
61a332a2c1ec64e804fff4ec,1791511133,0,,,,,0,0
61a53a3e60e9de7c88439e13,1791424971,0,,,,,0,0
61a8397d502600dd80cacc6c,1791511133,0,,,,,0,0
61aa3eb24d295b87d596004a,1791424971,0,,,,,0,0
61b018421e58e97580761dac,1791424971,0,,,,,0,0
61b8b545e2b87e81d4e3806a,1791424971,0,,,,,0,0
61ba70ea6d13c193201c4c2b,1791424971,0,,,,,0,0
61bae4a9bb3d26ae6b7d2067,1791424971,0,,,,,0,0
61bf9e353fba773d33fcab9f,1791424971,0,,,,,0,0
61c21d553b0ab4ef08910a38,1791424971,0,,,,,0,0
61c8d83f3337bb092300882d,1791424971,0,,,,,0,0
61cafce8d861389e1307890c,1791424971,0,,,,,0,0
61cb09d35c95ce4cf0fa77da,1791424971,0,,,,,0,0
61d160176417d915bd01fce2,1791424971,0,,,,,0,0
61d1a7628321c6e8b1161860,1791511133,0,,,,,0,0
61d1dcc230639ec6b6270c49,1791424971,0,,,,,0,0
61d73306081c52f8ce331fe5,1791424971,0,,,,,0,0
61da645dba386c88096524ad,1791424971,0,,,,,0,0
61db3ac20f767503f215dbed,1791424971,0,,,,,0,0
61e0e2e660e917bd35e00dfa,1791424971,0,,,,,0,0
61e119199d1bd56b2945c439,1791424971,0,,,,,0,0
61e7d5a6056faf1e6f0820bc,1791424971,0,,,,,0,0
61f92473d1e1a6e28224bb25,1791511133,0,,,,,0,0
61fb6c82e6890ff65bc31b6a,1791424971,0,,,,,0,0
61fe2afd0e15a7c429ef2cf8,1791424971,0,,,,,0,0
6200d2a84bf63cd58ba59275,1791424971,0,,,,,0,0
6203be20bf3d0f53f4e0999d,1791424971,0,,,,,0,0
62057a382ceee6bfa257407c,1791424971,0,,,,,0,0
620736c8f0b72b81336cd5eb,1791424971,0,,,,,0,0
6209b7213ec2bd39cfb336e3,1791424971,0,,,,,0,0
6213e899e99789e4655733ac,1791511133,0,,,,,0,0
621405a8b240af0ab5d6c74c,1791424971,0,,,,,0,0
621bc614f4d7d2d24371a7bd,1791424971,0,,,,,0,0
621d0593a9f83d9e0ad9aad3,1791511133,0,,,,,0,0
6224772d0304c6b6e1bcfed7,1791424971,0,,,,,0,0
622a3f6992478f2946e7d7be,1791424971,0,,,,,0,0
622e1d0c365706ab28ddd2a0,1791424971,0,,,,,0,0
6233bc06e3f7ab19f6ae4e27,1791424971,0,,,,,0,0
6238e892e056ec00c47686f0,1791511133,0,,,,,0,0
623c573b67b3ab9f7d2e2b10,1791424971,0,,,,,0,0
623de5f00d1491306e6917c7,1791424971,0,,,,,0,0
62457dc9550b62c5c5774482,1791424971,0,,,,,0,0
624cd2d1de9b0f7be60e3798,1791424971,0,,,,,0,0
624f6d39884c0f0337fb9286,1791424971,0,,,,,0,0
6252fce739884f63d8f26972,1791424971,0,,,,,0,0
62575d727bb4ac8e965b4e51,1791424971,0,,,,,0,0
6259ff06ae67476f54e33f2a,1791424971,1,0001193125-26-401093,"7.01,9.01",1790281848,0.5,0,1
625aa9ec73ba0e80f2d1f5c5,1791424971,0,,,,,0,0
625f8a099ddc02cb946b66f8,1791424971,0,,,,,0,0
62724a9e8d1d9e7f67bf2a67,1791424971,0,,,,,0,0
62727a9c9d8ce1fd69cbba65,1791511133,0,,,,,0,0
6275abf34a6072f557325d04,1791424971,0,,,,,0,0
62768abb09796c502621ca02,1791424971,0,,,,,0,0
62795b5e4518342a1b36430e,1791424971,0,,,,,0,0
627e00a95147b05f1cb0de2c,1791424971,0,,,,,0,0
627fa41ec0bd06e9e15e9d92,1791424971,0,,,,,0,0
627ffaa11e963a80f6380d8b,1791424971,0,,,,,0,0
628029ff2cafea1ce53cb08a,1791424971,0,,,,,0,0
628097a67d6b7e578055c919,1791424971,0,,,,,0,0
6281a1d6b9b42518599bcbd7,1791424971,0,,,,,0,0
62863584f5d54e4b2c421b41,1791424971,0,,,,,0,0
628841846d4dfa78f136a1aa,1791424971,0,,,,,0,0
628900b4b8c6daa6b182e43f,1791424971,0,,,,,0,0
628ed6bb862f8be75f867374,1791424971,0,,,,,0,0
6291bd89404decf9291ceb1d,1791424971,0,,,,,0,0
629646d9cab18c97d35f40d9,1791424971,0,,,,,0,0
6296cf080d64daba3a882da1,1791424971,1,0001104659-26-109812,"2.02,9.01",1790162990,11.0,1,0
6299b0579074a03255037435,1791511133,0,,,,,0,0
629a7b4edb6c73f9ebb4b03b,1791424971,0,,,,,0,0
629c0101805a11717f76cdd9,1791424971,0,,,,,0,0
629db4e1cb182e8e4911b303,1791424971,0,,,,,0,0
629e053d87b21d13d1539a0f,1791424971,0,,,,,0,0
62a4affb182857bde50ca7ab,1791424971,1,0001193125-26-366694,"1.02,2.01,3.01,3.03,5.01,5.02,5.03,9.01",1787765221,0.9502777777777778,0,1
62abc586877a6d5f3e569aa4,1791511133,0,,,,,0,0
62b1a7fc44653f6127ef7d80,1791424971,0,,,,,0,0
62b4cc01001ac17488e87d57,1791424971,0,,,,,0,0
62b7332e91e2cb09d73f8fbe,1791511133,0,,,,,0,0
62bb224c6cff91f53a9b75c7,1791424971,0,,,,,0,0
62bf5630daf1d5773ef4d98e,1791424971,0,,,,,0,0
62c082d80ae3ec2d6466fd04,1791424971,0,,,,,0,0
62c1025256021bf54da549ab,1791424971,0,,,,,0,0
62c3eff9226522a991a93118,1791424971,0,,,,,0,0
62c573a6691cee32677bb5dd,1791424971,0,,,,,0,0
62cb28123d257f8c3df8a647,1791424971,0,,,,,0,0
62ccaf91dd5ebb7519655c3c,1791424971,0,,,,,0,0
62cfea4eb5bd60bdfad42e4b,1791424971,0,,,,,0,0
62d179510d300addca3ff076,1791424971,0,,,,,0,0
62ea027043024ea64b14846e,1791424971,0,,,,,0,0
62ea9a98a895138c0bea4dcd,1791424971,0,,,,,0,0
62eb9539711947d99ac23407,1791424971,0,,,,,0,0
62ee11fa03a3d75d24cee0fd,1791424971,0,,,,,0,0
62f56c281a9189cff460e939,1791424971,1,0001174922-26-000069,"1.01,9.01",1790107525,13.0,0,1
62f8c0810454ada3235dbfd5,1791424971,0,,,,,0,0
62fb93be1f0696d50cee1741,1791424971,0,,,,,0,0
62fc359c79a13004467b34ea,1791511133,0,,,,,0,0
630077d299f776d62ff366c8,1791424971,0,,,,,0,0
631480c14742f90156f5673a,1791424971,0,,,,,0,0
6316f96554e95ac9455ab538,1791424971,0,,,,,0,0
63220d549367c918831f3e5c,1791424971,0,,,,,0,0
6323a31322a2894b7cf68205,1791424971,0,,,,,0,0
63260d99ce60d82d4daccbaf,1791424971,1,0001335258-26-000041,"5.02,9.01",1790975142,0.5,0,1
632adbdc98f3b12fcca865f0,1791424971,0,,,,,0,0
632c7ff12aaaa5e59774c459,1791424971,0,,,,,0,0
632fa6f5fe30df7935c6a944,1791424971,0,,,,,0,0
6336ff18e1b9603017c4f8de,1791424971,0,,,,,0,0
633a60ecb1193df3c4fe6a7d,1791424971,0,,,,,0,0
633b8f286df59895eb843076,1791424971,0,,,,,0,0
6342f5446d654a36eb063066,1791424971,1,0000849399-26-000071,"7.01,9.01",1790626851,0.5,0,1
6343d92466bbad2208ea36f6,1791424971,0,,,,,0,0
634493a033660fe01f9f390a,1791424971,1,0001628280-26-062997,"5.02,9.01",1790098873,1.1869444444444444,0,1
634a5b0891365244ee2c1c66,1791424971,0,,,,,0,0
63508ef64394f41b7a9523c7,1791511133,0,,,,,0,0
63531d9eca3020b4634dba37,1791424971,0,,,,,0,0
63556d60d006b236a0141ad7,1791424971,0,,,,,0,0
6357382408741d695668f8d7,1791424971,0,,,,,0,0
635de2abda8cee4229737d42,1791424971,0,,,,,0,0
635f33ea9b19089b7c249d08,1791424971,0,,,,,0,0
6367f1489252ad1497cc37c6,1791424971,0,,,,,0,0
63690cbfae2f37c89e66a2aa,1791424971,0,,,,,0,0
636bcf0955c448d98df3ac63,1791424971,0,,,,,0,0
636ef961f95f03ca7595730f,1791424971,0,,,,,0,0
636fb687fde9b79fc9d12810,1791424971,0,,,,,0,0
636ff54f309f5293beadcf1a,1791424971,1,0001193125-26-391405,"8.01,9.01",1789476709,0.5,0,1
63709793c6c363a237f69854,1791511133,0,,,,,0,0
6372eea614cbea9bfb29b1b8,1791424971,0,,,,,0,0
63747cb548f38c7944a8a97e,1791424971,0,,,,,0,0
6378fbcde5d5df2037231cdf,1791424971,0,,,,,0,0
6379708e0fc598b52e3aedc3,1791511133,0,,,,,0,0
637cb0467c64af8e44e07edf,1791424971,0,,,,,0,0
63808f56274323352c68477b,1791424971,0,,,,,0,0
638559f2863c1bdbce1c55f7,1791424971,0,,,,,0,0
63863f190bfcd97ef469ceb1,1791424971,0,,,,,0,0
6387b18f99ff313ad7283f37,1791424971,0,,,,,0,0
638abda15f3da19cd1e2a4f5,1791424971,0,,,,,0,0
638d60299c70a9bda3158fdf,1791511133,0,,,,,0,0
6391470ce2992e6d38873a9a,1791511133,0,,,,,0,0
63927e4f57e1575a73dea6e4,1791424971,0,,,,,0,0
639313a6375be028b2ae9a63,1791424971,0,,,,,0,0
639d0e953c6c63effd770d28,1791424971,0,,,,,0,0
63a5d5bfe7441a8ae0237faf,1791424971,0,,,,,0,0
63a5fca302ce9aa6b8af19f1,1791424971,0,,,,,0,0
63b3348dd0862dea3e7014f1,1791424971,0,,,,,0,0
63b69570c581dbfdf93be3a0,1791424971,0,,,,,0,0
63b768d00e8dbdfe0a3cceb7,1791424971,0,,,,,0,0
63c8f827e95f7aca452ad0c1,1791424971,0,,,,,0,0
63c96b8a30b092991c7739b3,1791511133,0,,,,,0,0
63cc0e564a0b9c21c4c65d84,1791424971,0,,,,,0,0
63cc83283649dd12c1617ce6,1791424971,0,,,,,0,0
63ccd3f35e8e45e774f0f412,1791511133,0,,,,,0,0
63cd3282fc3240c5d64ec438,1791424971,0,,,,,0,0
63cdbee1a161b3a3f756795f,1791424971,0,,,,,0,0
63cdce0cde97b2ae9b6af559,1791424971,1,0001193125-26-402912,"5.02,9.01",1790368510,7.0,0,1
63ce7314cc0f57f4351ab6e5,1791424971,0,,,,,0,0
63d1dc2a3756e71f91f65a1a,1791424971,0,,,,,0,0
63d36829d737941da9b0ead6,1791424971,1,0001193125-26-400333,"5.02,9.01",1790255694,7.0,0,1
63d47bd0fc46f415a3e92940,1791424971,0,,,,,0,0
63d7aeb5b6814d9be7c67b5e,1791424971,0,,,,,0,0
63dbdeb0cc10239d37a2c8a5,1791424971,0,,,,,0,0
63dede67e5474325df171bc9,1791424971,0,,,,,0,0
63e1b84fa62f6262531c0674,1791424971,0,,,,,0,0
63e4bdb7b0f76e8af29666b1,1791424971,0,,,,,0,0
63e6ba7ffc9abded53ec823f,1791424971,0,,,,,0,0
63f0c9f0d1c75112f9822d4c,1791424971,0,,,,,0,0
63f17ea9bbbdc1753c58f27d,1791511133,0,,,,,0,0
6402500ddff46ffe3748e613,1791424971,0,,,,,0,0
6403e2b79f55cde678b96a5d,1791424971,1,0001193125-26-401093,"7.01,9.01",1790281848,4.5,0,1
64057ed2a0c726ad370efd0f,1791424971,0,,,,,0,0
6406e9df9035b7bce3b7a283,1791424971,0,,,,,0,0
640719bc7814fb05e2477eb0,1791424971,0,,,,,0,0
64077250f4e4dba8d8fe6800,1791424971,0,,,,,0,0
640a28faed238ff98c512c59,1791424971,0,,,,,0,0
640b80e89c91b40f29e28e23,1791424971,0,,,,,0,0
640d87a624a834fab7ce495d,1791424971,0,,,,,0,0
640eaf464958646953d5c603,1791424971,0,,,,,0,0
640f8a91273541d83f62a4ef,1791511133,0,,,,,0,0
64143f27675e171811cd37ce,1791424971,0,,,,,0,0
641448ae4e754017ad3611ee,1791424971,0,,,,,0,0
641b1b6dbe5fc16d80f79300,1791424971,1,0000037996-26-000184,"7.01,8.01,9.01",1790947009,0.5,0,1
641c464ef91155e62c6134d3,1791424971,0,,,,,0,0
641ccb8a5d14ba05445935e2,1791424971,0,,,,,0,0
641d22051dfa38f957960d40,1791511133,0,,,,,0,0
64201fd199354d4f750fcfb0,1791511133,0,,,,,0,0
642824e8c8cee166219c3a88,1791424971,0,,,,,0,0
642841932c1487035ea40320,1791424971,0,,,,,0,0
642b4d3ed727ee0394387121,1791424971,0,,,,,0,0
64316a59907958492ce38acc,1791424971,0,,,,,0,0
64395070fecc897416c7448c,1791511133,0,,,,,0,0
64397c003251e217d42e4b1c,1791424971,0,,,,,0,0
643aaf3e26a7af886d5f381f,1791424971,0,,,,,0,0
6442fcc038560890ad3ce6b3,1791424971,0,,,,,0,0
6448d3d399d4612b8d8971eb,1791424971,0,,,,,0,0
6448db01843ea9f69c638aaa,1791424971,0,,,,,0,0
644fcbebc2e3743e607daea1,1791424971,1,0001728951-26-000064,"7.01,9.01",1789590971,2.5,0,1
645216cb31a74713729c3f58,1791424971,0,,,,,0,0
64542a3f65083b9fa38ba5d6,1791424971,0,,,,,0,0
6454e0ceee121073d06ce69c,1791424971,0,,,,,0,0
6455b3bc77d10e1d3c118fe6,1791511133,0,,,,,0,0
645c5f6b9761f95596a5df99,1791424971,0,,,,,0,0
645cd538537aa98663cbdc59,1791424971,0,,,,,0,0
645db0025561241cd457c47d,1791424971,1,0001104659-26-111956,"5.02,7.01,9.01",1790713900,0.5,0,1
6460281db848854e649fc465,1791424971,0,,,,,0,0
6466205fc47f1754477304c7,1791424971,0,,,,,0,0
646654bf873cf821de673819,1791424971,0,,,,,0,0
6467c809af39c3367361084d,1791511133,0,,,,,0,0
646c051547eafb79111643d6,1791424971,0,,,,,0,0
646cfd99f4866a0ffd8ec467,1791424971,0,,,,,0,0
647113753562d8770ac64aa7,1791424971,0,,,,,0,0
6477b34fe32fb160b40ff8ea,1791424971,0,,,,,0,0
647c84896a3fa52f0f3f7b84,1791424971,0,,,,,0,0
648003993ff8c4cedcf47cd7,1791424971,0,,,,,0,0
648259c7321c80caaf590a8f,1791424971,1,0001193125-26-402912,"5.02,9.01",1790368510,9.0,0,1
64849644d1bc39cfc1aead2a,1791424971,0,,,,,0,0
648b7d13a9dc1dd87abba7a4,1791424971,0,,,,,0,0
648b9e98593e30189c5ed8d2,1791424971,0,,,,,0,0
6498d9fc941e1ef38254e7aa,1791424971,0,,,,,0,0
64995508daf6c3174b0adc8a,1791424971,0,,,,,0,0
649b5a5672cf8ccb11730baf,1791424971,0,,,,,0,0
64a393b28f2a3313465d4ff4,1791424971,0,,,,,0,0
64ae7b5f8ab33900a0ec3a66,1791424971,1,0001193125-26-388699,"8.01,9.01",1789132480,7.0,0,1
64aec295b9afbbf4ae961e76,1791424971,0,,,,,0,0
64b6448cf352b9db0b09496b,1791424971,0,,,,,0,0
64b74c1d94d37f26bbf95450,1791424971,0,,,,,0,0
64bc0ffdbda9f48f22065036,1791424971,0,,,,,0,0
64beeef53baf0c780a9a0b25,1791424971,0,,,,,0,0
64bf7c8d3272db38dbe6afa1,1791424971,0,,,,,0,0
64bfe0853bcfaae78f0a310a,1791424971,0,,,,,0,0
64c295e150cda99b2e2a8ec5,1791511133,0,,,,,0,0
64d73194e712d7db253e91a1,1791511133,1,0001104659-26-114388,"1.01,9.01",1791405935,10.0,0,1
64d85116c258c5b655bea9d1,1791424971,0,,,,,0,0
64dada8806e267c2427829b8,1791424971,0,,,,,0,0
64db27998d4ed7d152a05baa,1791424971,0,,,,,0,0
64dc45c552a1c301b99e06e0,1791511133,0,,,,,0,0
64e37969e434714aa9de0031,1791424971,0,,,,,0,0
64e5d5235e7fe2563f9fca77,1791427778,0,,,,,0,0
64ecec156a70b2394b7de50b,1791424971,0,,,,,0,0
64eee4cf20d773b3b88bbf73,1791424971,0,,,,,0,0
64ef69ff893fee47e5062c81,1791424971,0,,,,,0,0
64f213a555b977e602e0441a,1791424971,0,,,,,0,0
64f7ecc8279a7f964a470ab9,1791511133,1,0001104659-26-114359,"1.01,2.03,9.01",1791403961,13.0,0,1
650177b5cb48a44dd8bc85f4,1791424971,0,,,,,0,0
650cc010187632b272aabc66,1791424971,0,,,,,0,0
650feeeeb178c90ed74af4ef,1791424971,0,,,,,0,0
6514ba730766d272d2420ffa,1791511133,0,,,,,0,0
6515557232e78ce8c73e2e38,1791424971,0,,,,,0,0
6516735c29f20720ff390043,1791424971,0,,,,,0,0
6517eba0a54b42347d7b805f,1791424971,0,,,,,0,0
65182f003d1c8e2a87b7784e,1791511133,0,,,,,0,0
65195d84526db4f74916136d,1791511133,0,,,,,0,0
651b6ac4ea6076f5c5184e90,1791424971,0,,,,,0,0
651cf44b6266fd6bffc0fee9,1791424971,0,,,,,0,0
651dddeca4b2f764e21c0429,1791424971,1,0001193125-26-394356,"1.01,2.03",1789676115,6.5,0,1
651ffb483ca18451b3d1c18f,1791424971,0,,,,,0,0
6526a67281e9591f11ac0732,1791424971,0,,,,,0,0
652bc53026505dac9f6821a6,1791511133,0,,,,,0,0
652e8653fbdec742a1027bc3,1791424971,0,,,,,0,0
6534a459ced928edd75a92e8,1791424971,0,,,,,0,0
653fabf87a99ac2a04347473,1791424971,0,,,,,0,0
654130040c4c7cd27603d6ff,1791424971,0,,,,,0,0
65432bb706c4f2cf4604a854,1791424971,0,,,,,0,0
6547e3f73d945f7bbe4837dd,1791424971,0,,,,,0,0
654ba00818268cd20ef94746,1791424971,0,,,,,0,0
65539bbb2a245d959f53d292,1791424971,0,,,,,0,0
656b3ff538b8c8eef4b51030,1791424971,0,,,,,0,0
657117be397280244a6cbaec,1791424971,0,,,,,0,0
657389ff5b0b7e56b35b6c46,1791424971,0,,,,,0,0
65875729079165d8624b97ed,1791511133,0,,,,,0,0
658d2d284719693ac9bfcc19,1791424971,0,,,,,0,0
658e4051a2a8728cbf9f4773,1791424971,0,,,,,0,0
6590261de23c77658229627e,1791424971,0,,,,,0,0
65910604ae72913894a2dbf2,1791424971,0,,,,,0,0
65918ee218580299ed3d4829,1791424971,0,,,,,0,0
65950b80e8288a30c7311ac6,1791511133,0,,,,,0,0
65955b9e8fb436aa008fd231,1791424971,0,,,,,0,0
65987e788b76666bf81f4eea,1791424971,0,,,,,0,0
6598b99e50e65ba08851ebcc,1791511133,1,0001679273-26-000051,"2.02,9.01",1791288121,0.5,1,1
659e1c1e2e506b931c118a9c,1791511133,0,,,,,0,0
65a0e03fe7b8c55fe4ce71da,1791424971,0,,,,,0,0
65a14f298df940ed0a947bb7,1791424971,0,,,,,0,0
65a369f4b3e92d6d673e6916,1791424971,0,,,,,0,0
65a421cd732b6a69f7c8bf65,1791511133,0,,,,,0,0
65a45173ff6812407a727be2,1791511133,0,,,,,0,0
65a5139c5575b1c9b97190f8,1791424971,0,,,,,0,0
65a57befeb8ae55b54efc366,1791424971,0,,,,,0,0
65a9e6ab2172ac6bea8b1da2,1791424971,0,,,,,0,0
65ab30d59c3d788b59442076,1791424971,0,,,,,0,0
65b77f03a3426aedce52c915,1791424971,0,,,,,0,0
65c018299c0993fdb7435acf,1791424971,0,,,,,0,0
65c073c6d00ab809ae247f11,1791424971,0,,,,,0,0
65c13854193eb57b5584f82f,1791424971,0,,,,,0,0
65c419e2108075684822953b,1791511133,0,,,,,0,0
65c4cd7bf34f974a2ad65fbd,1791424971,0,,,,,0,0
65c937b0300ad89396a68b05,1791424971,0,,,,,0,0
65ca6d3012f72e90df02b2e7,1791424971,0,,,,,0,0
65cb1ca109b6894cb9f5179d,1791424971,0,,,,,0,0
65cf03261652b29c8f1ba5ea,1791424971,0,,,,,0,0
65d283d3096dd80510a95901,1791424971,0,,,,,0,0
65d3d59a67964a123e39791d,1791424971,0,,,,,0,0
65d50874bd947f682c7a95c9,1791424971,1,0001104659-26-107721,7.01,1789475450,6.5,0,1
65def32f33a6436e8b461403,1791511133,0,,,,,0,0
65e290f62f54d119b18320df,1791424971,1,0001193125-26-391228,"1.01,2.02,5.02,7.01,9.01",1789466565,5.5,1,0
65e321e39456217f59e3a594,1791424971,0,,,,,0,0
65e3941a8361e6fb34325e1e,1791424971,0,,,,,0,0
65e3f326bf9d9c4d0a35f4fb,1791424971,0,,,,,0,0
65e992f27e7dd39bcfa31038,1791424971,0,,,,,0,0
65ecb1c621cf0c1050190757,1791424971,0,,,,,0,0
65f7436640f14848a266ef75,1791424971,0,,,,,0,0
65ff75936646b455d896cc0c,1791424971,0,,,,,0,0
6602ce50bc949c945e3600b3,1791424971,0,,,,,0,0
660a0ffe781bb1adad5e104b,1791424971,0,,,,,0,0
6611b5570e9b83495bc97661,1791511133,0,,,,,0,0
6615fcb585db2b52064b2aa5,1791511133,0,,,,,0,0
661b453f57133a015afb9d24,1791424971,0,,,,,0,0
6620843a657baace11067ad2,1791424971,0,,,,,0,0
6620ea56873eb0805e1ab340,1791424971,0,,,,,0,0
6624e9f988bcbd97d3f4418e,1791424971,0,,,,,0,0
66298c1cceaccd9d807510cc,1791424971,0,,,,,0,0
6638c54c19a4603af5648814,1791424971,0,,,,,0,0
66397f81a16b40be17f0999e,1791424971,0,,,,,0,0
663bb1bb5b8d31d92d32f9ad,1791424971,0,,,,,0,0
663d61375b106ed74d108811,1791424971,0,,,,,0,0
66403cdcdcb781d8c853ad42,1791424971,0,,,,,0,0
6641403b97ca0570ec940b89,1791511133,0,,,,,0,0
6645298d3caaa3e60f78fa78,1791424971,0,,,,,0,0
66474315b75c2443425798f3,1791424971,0,,,,,0,0
6649fd726efc6879b232bf14,1791424971,0,,,,,0,0
664da280b563441fbba2647d,1791424971,0,,,,,0,0
665b906fa855eba951134899,1791424971,0,,,,,0,0
665c600c918884a7be71dfbb,1791424971,0,,,,,0,0
665f18bc3416d956ab3ae101,1791424971,0,,,,,0,0
6661c1501f75f693ba287663,1791424971,0,,,,,0,0
666836a48b1d129977bc4a85,1791511133,0,,,,,0,0
666aa0246a164e359a24f662,1791424971,0,,,,,0,0
666f0afc58a86e815467e976,1791511133,0,,,,,0,0
666fdefa9c5a70053580eeca,1791424971,0,,,,,0,0
6670db12482afb20ff305d7c,1791511133,0,,,,,0,0
66722ac29c04006925222c0d,1791424971,0,,,,,0,0
6676b934b13d49fcc6fd237d,1791424971,0,,,,,0,0
6678336d9a9a91db99c5a3b3,1791424971,0,,,,,0,0
667e137e1d2baa420edc3bd9,1791511133,0,,,,,0,0
667ecbdbfb42fd296c50023a,1791424971,0,,,,,0,0
667fa4f1dd11b98033f9554b,1791424971,0,,,,,0,0
6682518f0278bd5952dcd232,1791424971,0,,,,,0,0
66931d81614bbc7101b9817f,1791424971,0,,,,,0,0
6694793c3f1258ecb4aac926,1791424971,0,,,,,0,0
669a51024b3b126c166488ad,1791424971,0,,,,,0,0
669c02e1cbb966302b9e5e5a,1791424971,0,,,,,0,0
669cf47d7fa5aafd545848d2,1791424971,0,,,,,0,0
66a35f175cd42e6ba0f32483,1791424971,0,,,,,0,0
66aa615cf0a417bf181703f3,1791424971,0,,,,,0,0
66b626faa6008debe5a32b6d,1791424971,0,,,,,0,0
66bd91bac46ee3fbb9473661,1791511133,0,,,,,0,0
66bddd9325a17b9eba0582fd,1791424971,0,,,,,0,0
66c7cc0a22b8bc1ac23d5563,1791424971,0,,,,,0,0
66cb46a5eb1c39f0f79a4bee,1791424971,0,,,,,0,0
66cf297b7ec56cf35b9607e7,1791424971,0,,,,,0,0
66df462d935c0d7859d2a4a2,1791424971,0,,,,,0,0
66e0a7db58f4f3e698b00610,1791424971,0,,,,,0,0
66e71916be5cec1e267be400,1791511133,0,,,,,0,0
66e71b2ae8508715b0ac2d57,1791424971,0,,,,,0,0
66fcc713d7cc52759b4974fa,1791424971,0,,,,,0,0
66fe5955613bd140f814f0cb,1791424971,0,,,,,0,0
6700dd956279f4ac096faca2,1791511133,0,,,,,0,0
6702c361af7fd3b642b6f03f,1791511133,0,,,,,0,0
6704c8801e32f46cf0bb06c0,1791424971,0,,,,,0,0
670c574ef2859466b466ff79,1791511133,0,,,,,0,0
670f703fd5c8f054eb7325d8,1791424971,0,,,,,0,0
6710c6fcb7bddbc1315c6012,1791424971,0,,,,,0,0
67159af65630ed07c0033dc1,1791424971,0,,,,,0,0
67176566eaa03245cef8a293,1791424971,0,,,,,0,0
6717ece3512d59b51d7bb544,1791424971,1,0000320187-26-000184,"2.02,2.05,9.01",1790885715,6.5,1,0
67181d9edcb40cd312412df3,1791424971,0,,,,,0,0
671d13a20f43e3b8c29ee372,1791424971,0,,,,,0,0
671e98af42ba405693f2924e,1791424971,0,,,,,0,0
6724b4b03fb963a0fde3d0c6,1791424971,0,,,,,0,0
673231d57e8d505c2973df6f,1791424971,0,,,,,0,0
6735356baf1916aa5c37089e,1791424971,0,,,,,0,0
673d3b27fcae713bce74120d,1791424971,0,,,,,0,0
674171e61fa57355254efb2d,1791511133,0,,,,,0,0
675640c139ed6704567b4b29,1791424971,1,0001628280-26-065292,"2.05,2.06,9.01",1791374472,13.0,0,1
6757e640acb232c9344c0efb,1791424971,0,,,,,0,0
67580332031136b377fef6dd,1791424971,0,,,,,0,0
6760140705b9b9c8351a7e2e,1791424971,0,,,,,0,0
67603c0387eaf7e3bb5dba5c,1791424971,0,,,,,0,0
67614b52dae7d931b609972a,1791424971,0,,,,,0,0
6769f0151209c1ebe1ecc0a8,1791424971,0,,,,,0,0
676c3f66abbe90b2188b1be7,1791424971,0,,,,,0,0
676c86ead0a7f73d3e6ba63d,1791424971,0,,,,,0,0
676d68b6e3599b65654b3576,1791424971,0,,,,,0,0
6771e176becb0a967b48f4e6,1791424971,0,,,,,0,0
6774fb086df16f6fe8895e91,1791424971,0,,,,,0,0
678a99535a413e7b002dda8b,1791424971,0,,,,,0,0
678aac745f8531c57299c7db,1791424971,0,,,,,0,0
678e70498aaff705e8578f04,1791424971,0,,,,,0,0
678ef63f13cca047af7fffec,1791424971,0,,,,,0,0
6792ec6de63827b8b5f19005,1791424971,0,,,,,0,0
6793e6f272c99f1e3741654b,1791424971,1,0001428205-26-000111,"8.01,9.01",1790885992,6.5,0,1
67952f57871ee8ea38f6fb9d,1791424971,1,0001193125-26-388709,"8.01,9.01",1789133105,0.5,0,1
679548b149e9ca3a934810fb,1791511133,0,,,,,0,0
679d3ada61bc70b758641376,1791424971,0,,,,,0,0
679f3965eae820ec2cbae8a5,1791424971,0,,,,,0,0
67a43d547e4b6339a7d796b4,1791424971,1,0001193125-26-399416,1.01,1790194437,1.5,0,1
67a98a2b6ad1a1d87fe49272,1791424971,0,,,,,0,0
67ab9b885e851d9b5c776a64,1791424971,0,,,,,0,0
67b1d22a8bd72dfb70d77af7,1791424971,0,,,,,0,0
67b275ca7b29a31a1e79025f,1791424971,0,,,,,0,0
67b3f29bcc43a1084163d89e,1791424971,0,,,,,0,0
67bf7c180ccc7fbd38923b1d,1791511133,0,,,,,0,0
67c0689c17041361053a7dd1,1791424971,1,0002071876-26-000221,1.01,1790371721,10.0,0,1
67c11e77621d68794648a086,1791424971,0,,,,,0,0
67c27a89a96316e54b11b562,1791424971,0,,,,,0,0
67c3e9e39fe48cfa7e1774ab,1791424971,0,,,,,0,0
67ccb181080d8abdb9993293,1791424971,0,,,,,0,0
67db285355c90ab3ce90bd33,1791424971,0,,,,,0,0
67dddfde1d9146fd97afe669,1791424971,1,0001660280-26-000039,"1.01,1.02,2.03,3.02,8.01,9.01",1789503792,13.0,0,1
67e072e37306bcbb6dec33ae,1791424971,0,,,,,0,0
67ea7c6565ce76f1f340ad44,1791424971,0,,,,,0,0
67ecea44bf00155e2c5af310,1791424971,0,,,,,0,0
67f07b3bbbda210dd005aa17,1791511133,0,,,,,0,0
67f8114dfda565ff6354a43a,1791424971,1,0000874766-26-000064,"1.02,7.01,9.01",1790367514,0.5,0,1
67f89fefbbf46a17c43677d5,1791424971,0,,,,,0,0
67f9dd99d9f65d272926da43,1791424971,0,,,,,0,0
68012d6900df08b52662ec74,1791424971,0,,,,,0,0
68031a08b4d36316f4cd6291,1791424971,0,,,,,0,0
680516db30a18488893f9760,1791511133,0,,,,,0,0
680fbdf96dd26edf8dc54567,1791424971,0,,,,,0,0
68125aa5111920fb3e589745,1791424971,0,,,,,0,0
681324ed1d2b68e6df043866,1791424971,0,,,,,0,0
6813ce4e563e78d1e9892db6,1791424971,0,,,,,0,0
68161e0f5c154a4912f50822,1791424971,0,,,,,0,0
68197469e170198f2cf89142,1791424971,0,,,,,0,0
6819a075e04174280338044c,1791424971,0,,,,,0,0
681d6904a08d7547536d7ba8,1791424971,0,,,,,0,0
6828c0e4c2a94c481b44edbe,1791424971,0,,,,,0,0
682b32e3d233ee21b0355edf,1791424971,0,,,,,0,0
682e1ce25a8beddf8b3bc6b3,1791424971,0,,,,,0,0
6838cfea2e84dee6f90a2ce2,1791424971,0,,,,,0,0
683a8abeaa8ced45b489677c,1791424971,0,,,,,0,0
683ceb7d9cb61c9baf68d414,1791424971,0,,,,,0,0
683e7ca64be2c2ca09fcebe4,1791511133,1,0001679273-26-000051,"2.02,9.01",1791288121,1.5,1,1
683f73d1473676d0a31a7a47,1791424971,0,,,,,0,0
68405377c1eac39ae2c9ddb1,1791424971,0,,,,,0,0
68414bea8c5c7f8547d91a96,1791424971,0,,,,,0,0
6844be8a0545b91c9c193239,1791424971,0,,,,,0,0
6846ede4245e09fee9f2500b,1791424971,0,,,,,0,0
68475706108ec709fa8bc779,1791424971,0,,,,,0,0
68478abeb5d93359c5f5f97e,1791424971,0,,,,,0,0
685191f8d9e6d8627ae03b98,1791424971,0,,,,,0,0
68524b3842fb9284c67a6ffc,1791424971,0,,,,,0,0
6855df292f827743f6818c73,1791424971,0,,,,,0,0
6858301c94151cfdca1e02d5,1791424971,0,,,,,0,0
685f19e7ffb8a45750008651,1791511133,0,,,,,0,0
685f67b0dbbcdf34074b4b55,1791424971,0,,,,,0,0
6862bcef305bdfe6016a24f0,1791424971,0,,,,,0,0
686468f69e19f71d5384471d,1791424971,0,,,,,0,0
686695ae49ddfbab65d6f60b,1791424971,1,0001628280-26-061155,"2.02,8.01,9.01",1788986071,1.5,1,0
6867fa0509233295277385fa,1791424971,0,,,,,0,0
6868fcf98cefaac3144d181e,1791424971,0,,,,,0,0
6869232f01d4bbbbb069183d,1791424971,1,0000831259-26-000043,"2.02,7.01,9.01",1790944506,13.0,1,0
686ca7a29616282e707b1a6f,1791424971,0,,,,,0,0
686df14b2843a6aabbc17fc9,1791424971,0,,,,,0,0
686f0dde82912254d77706e7,1791424971,0,,,,,0,0
6873b63bd5324df4bd143913,1791424971,0,,,,,0,0
6876d1f578fb4aee3def21f9,1791424971,0,,,,,0,0
687b9e2176e8b94edb420ba8,1791424971,0,,,,,0,0
68839405ca73f30b135e393c,1791424971,0,,,,,0,0
6887a2a89289e664dfcb9f82,1791424971,0,,,,,0,0
6888c0901293488d8eb69697,1791424971,0,,,,,0,0
68891b2219bcfb7e2f536eea,1791424971,0,,,,,0,0
688c4db39430497cfda365e3,1791424971,1,0001193125-26-393065,"8.01,9.01",1789589173,1.5,0,1
688d4d3a018324bc7bbe5e91,1791424971,0,,,,,0,0
688dfa6f7bdae249b86e8faf,1791424971,0,,,,,0,0
688e597e8dead7210a30dd3b,1791427778,0,,,,,0,0
688e60e77cccfde885920cf0,1791511133,0,,,,,0,0
688e8e94555c2ef65735f15c,1791424971,0,,,,,0,0
6891aa456838a76babf9f795,1791511133,0,,,,,0,0
689865b26456f164fa78755b,1791424971,0,,,,,0,0
6898d0fdfe41e4c1f8309143,1791424971,0,,,,,0,0
689acfa040a2c3841f603001,1791424971,0,,,,,0,0
689b8c81e962456f3a2a9980,1791424971,0,,,,,0,0
68a26ba04c239a7ffa5f058c,1791424971,0,,,,,0,0
68a6e31da49804020bb3222b,1791424971,0,,,,,0,0
68ac54216b873d6e5a910316,1791511133,0,,,,,0,0
68ae07d56dd6c1e0fae50d42,1791424971,0,,,,,0,0
68ae4a2f6ccff1a9b931ed6b,1791424971,0,,,,,0,0
68b27c94aaa09eebaf89ce91,1791424971,0,,,,,0,0
68b33a2672a2640016292bfa,1791511133,0,,,,,0,0
68b4beddfd9d16abf10b525e,1791424971,0,,,,,0,0
68b51ad29348622f87d832e3,1791424971,0,,,,,0,0
68b9e8fc926dd87081305995,1791424971,0,,,,,0,0
68ba18afc875a2ef4740af4c,1791424971,0,,,,,0,0
68c2dc6ead4266d8307ca108,1791424971,0,,,,,0,0
68c37875c34ef7e25dffc9e0,1791424971,0,,,,,0,0
68c389c26c1818bc8f39feb1,1791424971,1,0001628280-26-059262,"2.02,5.02,7.01,9.01",1787862154,1.5,1,0
68c4060423e381269498fdc3,1791424971,0,,,,,0,0
68c72dbd111c044b6e441b0c,1791424971,0,,,,,0,0
68c74e6ff69e41234aec73fb,1791424971,1,0001104659-26-109812,"2.02,9.01",1790162990,0.5,1,0
68c7fa1672a6e4fb6a307518,1791511133,0,,,,,0,0
68c9875c8ee64ac9ef65ebda,1791424971,0,,,,,0,0
68ccce2c1b246d5a28528098,1791424971,0,,,,,0,0
68d0767b8e1f49e17a5da19e,1791424971,0,,,,,0,0
68d57be0f19a3448a49a88f7,1791424971,0,,,,,0,0
68db3f98e8b689bb229adbd7,1791424971,0,,,,,0,0
68dc0a11a6e329f56f649f79,1791424971,0,,,,,0,0
68dcc8e82a0cd7907b95b844,1791424971,0,,,,,0,0
68df39964c43bb26d2250d91,1791424971,0,,,,,0,0
68e2d5aefb87e45071b50ee8,1791424971,0,,,,,0,0
68e64c146ab2d076c6c70355,1791424971,1,0000874766-26-000064,"1.02,7.01,9.01",1790367514,0.5,0,1
68e7509b808cd4a215907b5a,1791424971,0,,,,,0,0
68eece0233230e8186f403bf,1791511133,0,,,,,0,0
68efd7a7ac9b7d2802a3be9c,1791424971,0,,,,,0,0
68f26a8f1daf6769b85ce9bb,1791424971,0,,,,,0,0
68f32295cf9fad67923fb860,1791424971,0,,,,,0,0
68f5205c4d2f2d1a5d0e9cef,1791424971,0,,,,,0,0
68f57cd015c6a9cfa0df7c94,1791424971,0,,,,,0,0
68f8cd3c23d596b06984d2d4,1791424971,1,0000049196-26-000079,"8.01,9.01",1789761967,13.0,0,1
68fbf935c1b62e0bc8e524dd,1791424971,0,,,,,0,0
6901e5e48c7003a02047d712,1791424971,0,,,,,0,0
69025c543ec6528289de6f45,1791424971,0,,,,,0,0
6908d84010e6add1104ec61d,1791424971,0,,,,,0,0
690c43068645e1f93af23313,1791424971,0,,,,,0,0
690d33e0bc11273c3b133ddd,1791424971,0,,,,,0,0
690d3f3e48c4f9dedff5d27a,1791424971,0,,,,,0,0
690ebf9fa8c0cc66814c9ef3,1791424971,0,,,,,0,0
690fa113ae158ef2735a5431,1791424971,0,,,,,0,0
69127557d0511e76d43dbcd6,1791424971,0,,,,,0,0
69141fff2c708cd21389b60e,1791424971,0,,,,,0,0
691b69070566d8f5b88636a1,1791424971,0,,,,,0,0
6921964457e88b55e7556876,1791424971,0,,,,,0,0
6923bbace7c635b6dfe60621,1791424971,0,,,,,0,0
69251f0770b0bb1b2a983d5d,1791424971,0,,,,,0,0
692b0dbfbd603c74eaa6c2c6,1791424971,0,,,,,0,0
692d7009e202b12602432351,1791427778,0,,,,,0,0
692dc4bb8db020ab7924957c,1791424971,0,,,,,0,0
692f77684fb82bfdfe0a5b45,1791424971,1,0001193125-26-357758,"2.01,3.01,3.03,5.01,5.02,5.03,9.01",1787222033,5.5,0,1
693047fc396485a46af9c1ca,1791424971,0,,,,,0,0
693934f627fed7ff980a131e,1791511133,0,,,,,0,0
693af07b488a418cf2604289,1791424971,0,,,,,0,0
6940586ad8b9de636dcde73c,1791424971,0,,,,,0,0
694280f1cb9d8139f9b728da,1791424971,0,,,,,0,0
69490a51f3cca2cbcbd48403,1791424971,0,,,,,0,0
694d8ad2b794704a7a7ba731,1791424971,0,,,,,0,0
6951b66ad064b4f225c1d4df,1791511133,0,,,,,0,0
695512f76f73e28e2c8c0a66,1791424971,0,,,,,0,0
695593ced1fae5c73b31f31b,1791424971,0,,,,,0,0
6956432173aeea20ac5906a7,1791424971,1,0001104659-26-107721,7.01,1789475450,0.5,0,1
695b28899166e6868e116d8d,1791511133,1,0000016918-26-000039,"2.02,7.01,9.01",1791317934,1.5,1,0
695ff808e3f616da2542f003,1791424971,0,,,,,0,0
6964dfef20dc789deffd0570,1791424971,0,,,,,0,0
6969baaa10ea860f6c7d573f,1791424971,0,,,,,0,0
696b840f3f9ff86f794cd033,1791424971,0,,,,,0,0
6972c74532b6db02a8256869,1791424971,0,,,,,0,0
6978799eff1142ef050c71ba,1791424971,1,0001628280-26-063850,"7.01,8.01,9.01",1790716525,1.5,0,1
697bd4e9c89dd0792fb1b7c6,1791424971,0,,,,,0,0
697caea2ea6724bd204a7dab,1791424971,0,,,,,0,0
697dc9d261d1214f17148de1,1791424971,0,,,,,0,0
69805e67591841f43f3c8430,1791511133,0,,,,,0,0
698178cf25b33eefebafe920,1791424971,0,,,,,0,0
699c53feb985a93cd7e951c5,1791424971,0,,,,,0,0
69a01c67587077cbab4f646b,1791424971,0,,,,,0,0
69a16e37e18514da3469ad22,1791424971,0,,,,,0,0
69b3414d941fdbf890406e36,1791424971,0,,,,,0,0
69b53d5341ec237666157da3,1791424971,0,,,,,0,0
69be093c723272cd7350a94f,1791424971,0,,,,,0,0
69c766b93178320c32c77c51,1791424971,0,,,,,0,0
69c9582794ef9c18482b5b3b,1791511133,0,,,,,0,0
69ca35e3f4f0fe66cdeb7928,1791424971,0,,,,,0,0
69cbe5693f786e389e1267ac,1791511133,0,,,,,0,0
69cf6bac7aca45d9f86f9ac2,1791511133,0,,,,,0,0
69d8c783adf0049ad114d4c1,1791424971,0,,,,,0,0
69dce56a5519ec5c4644c3b6,1791424971,0,,,,,0,0
69e492fad23f47b469815526,1791424971,0,,,,,0,0
69e8ad6c0a8a9c29a9b254ca,1791424971,0,,,,,0,0
69ebdfe95599db0641e5e1ee,1791511133,0,,,,,0,0
69ef4a0229b4c0e60b1aa47b,1791424971,0,,,,,0,0
69f11ffce0efd0570ae228ac,1791424971,0,,,,,0,0
69ff4f24351777d448d26aa8,1791511133,0,,,,,0,0
6a094638dced22414afe66a3,1791511133,0,,,,,0,0
6a0949874b2036bd62c8323e,1791424971,0,,,,,0,0
6a1195143771bd06b23dd8b7,1791424971,0,,,,,0,0
6a19e43e8fafd875ae0aa210,1791424971,0,,,,,0,0
6a1f18531e992ddf6129b735,1791424971,0,,,,,0,0
6a1f648a43fbffa8a677d2ba,1791424971,0,,,,,0,0
6a1fb78bb71ea90f34ef6d0a,1791424971,0,,,,,0,0
6a216643a195cff266f5d89e,1791424971,0,,,,,0,0
6a2a675c609c47a0271ca413,1791424971,0,,,,,0,0
6a2ce9f255693bf2b4483b96,1791424971,1,0001144215-26-000047,"2.02,9.01",1790853655,0.5,1,0
6a3d98dc5e2cd94d739ea873,1791424971,0,,,,,0,0
6a48f52362c1992ba772f3a0,1791511133,0,,,,,0,0
6a4c66df991a2712dd74dae8,1791424971,0,,,,,0,0
6a510954ebd80bae3dbdf9a9,1791424971,0,,,,,0,0
6a510fde8a08cbb5951c389e,1791424971,0,,,,,0,0
6a56452234b3e716a192d38e,1791424971,0,,,,,0,0
6a5bbaffd1c9f97545d71bd4,1791511133,0,,,,,0,0
6a5bbe72c8d529a8fcaf88ae,1791424971,0,,,,,0,0
6a68a5f96aa76eb313d6f0ba,1791424971,0,,,,,0,0
6a6fd60256671fdde0c84aad,1791424971,0,,,,,0,0
6a7914e0f70457e4ec07078a,1791424971,0,,,,,0,0
6a7a1f9765ab3f549c2efbd8,1791424971,0,,,,,0,0
6a7c847eb088f5a9b66fb1de,1791424971,0,,,,,0,0
6a84972e4a361ea57329e9ef,1791424971,0,,,,,0,0
6a849a9540db1bb9fd770f2e,1791424971,0,,,,,0,0
6a873737f7725920abade37f,1791424971,0,,,,,0,0
6a8d1358884e8e92550ba951,1791424971,0,,,,,0,0
6a90ed986ce1d752835cfd66,1791511133,0,,,,,0,0
6a9843d9d930aa2a06c19a49,1791424971,0,,,,,0,0
6aa060d48b42ba438109e3e5,1791424971,0,,,,,0,0
6aa1f0a3203f7c65f444348e,1791424971,0,,,,,0,0
6aa3a27881af8942f9b755df,1791424971,1,0001193125-26-402817,"5.02,7.01,9.01",1790366715,0.5,0,1
6aadb331443feb7222a1579d,1791424971,0,,,,,0,0
6aae456fc55842957b0f695b,1791424971,0,,,,,0,0
6ab2256034dbb8e512edd0d4,1791424971,0,,,,,0,0
6ab40bf65ff74c317d3a4338,1791424971,0,,,,,0,0
6ab4920da0827868f6d60aeb,1791424971,1,0001603923-26-000097,"8.01,9.01",1788266609,0.5,0,1
6ab5e218f236863767182f12,1791424971,0,,,,,0,0
6ab657c9e18e2cedb2b2638a,1791424971,0,,,,,0,0
6abb96cf5e4df21ff13d5a25,1791424971,0,,,,,0,0
6ac128320723da191494101d,1791424971,0,,,,,0,0
6ac9bcd48da70d01f56251e6,1791424971,0,,,,,0,0
6ad1695d92c1c0f671b081c8,1791424971,0,,,,,0,0
6ad39ec1b71d45781c831492,1791511133,0,,,,,0,0
6ad82de2a73e4fdb8adf9d07,1791424971,0,,,,,0,0
6ad83ac39f44c102f4da1197,1791424971,0,,,,,0,0
6ad883da54cc3fcfacdf2506,1791424971,0,,,,,0,0
6ae00c06add2eef44a05bd38,1791424971,0,,,,,0,0
6ae29caa0e4505c5cdc1c13d,1791424971,0,,,,,0,0
6ae4ec93837d188923938c29,1791424971,0,,,,,0,0
6ae9ca6febf4549b52a43667,1791424971,0,,,,,0,0
6ae9e7a351ee4fbcc513ea06,1791424971,0,,,,,0,0
6ae9ff25113a1894cffca576,1791424971,0,,,,,0,0
6af273ba956ea4b2110eb722,1791424971,0,,,,,0,0
6af3f1e2bf76ee3798140e6f,1791424971,0,,,,,0,0
6af6dd750a03cb0bc7e2a809,1791424971,0,,,,,0,0
6afce91e3208a8db65dabd88,1791424971,0,,,,,0,0
6aff32ae9530144b88ef5354,1791511133,1,0000040729-26-000021,"5.03,9.01",1791404492,8.0,0,1
6b00b3549a2d474d5c7d3ecf,1791424971,0,,,,,0,0
6b028ccd9f2c1e922f539fb0,1791424971,1,0001104659-26-106941,"2.02,9.01",1789135548,0.5966666666666667,1,0
6b035c38c9184f48f0c09ac4,1791424971,1,0000936340-26-000159,"7.01,9.01",1790626720,0.5,0,1
6b05e48f7ec2ed54ac2cc6aa,1791424971,0,,,,,0,0
6b0673016061d927cd848c42,1791424971,0,,,,,0,0
6b0fb401f89c16379e5ef959,1791424971,1,0000936340-26-000159,"7.01,9.01",1790626720,1.5,0,1
6b0fc2f9ee250754b737a842,1791424971,0,,,,,0,0
6b10ac8479af6906b945ee0e,1791424971,0,,,,,0,0
6b12fcc7235c0bd3acc79866,1791424971,0,,,,,0,0
6b145d4aede0cf54ec72ebfb,1791511133,0,,,,,0,0
6b152d0d0e6b571a9c381eb0,1791424971,0,,,,,0,0
6b15ca566028c3cb889b63a9,1791424971,0,,,,,0,0
6b16e636e18cebb43c409eb0,1791424971,0,,,,,0,0
6b1ff85e41b4f3a0dc679405,1791424971,0,,,,,0,0
6b205370d107f57154e4298b,1791511133,0,,,,,0,0
6b20f48083a90bf703cfc2a4,1791424971,0,,,,,0,0
6b229ad767536372085328a6,1791424971,0,,,,,0,0
6b2463921bc0fb39c072d2cd,1791424971,0,,,,,0,0
6b258cdc1c774deaaf45494f,1791424971,0,,,,,0,0
6b3711de9114476f8e6e8ea2,1791424971,0,,,,,0,0
6b387e84656c9960c4036b6a,1791424971,0,,,,,0,0
6b39bbdb5d2ba6d47f05e709,1791424971,0,,,,,0,0
6b3b519b471120d356052071,1791424971,0,,,,,0,0
6b410e8ba69b9ffcc1391e03,1791424971,0,,,,,0,0
6b424a9f77852764e0c54194,1791424971,0,,,,,0,0
6b43ad6fdc7796b85ffd4e27,1791424971,0,,,,,0,0
6b474d59f0d522579f0b6b03,1791424971,0,,,,,0,0
6b49dbb13d4a0dd688dd1f35,1791424971,0,,,,,0,0
6b4d52a314f7b1f2a72e7afb,1791424971,1,0001728951-26-000064,"7.01,9.01",1789590971,1.5,0,1
6b4f5a464ac889fd4091baf8,1791427778,0,,,,,0,0
6b51a354127d67b45987d7c4,1791424971,0,,,,,0,0
6b526fefc849cb6cd2ce3b67,1791511133,1,0001506293-26-000139,"5.02,7.01,9.01",1791231603,0.5,0,1
6b5460ed021aafa3fb207bdc,1791424971,0,,,,,0,0
6b57b077fd876b06ed64531d,1791424971,0,,,,,0,0
6b5db4adc41c7a87b23467b2,1791424971,0,,,,,0,0
6b6052d93f73ba2439a1e324,1791424971,0,,,,,0,0
6b622273dd39d2da017b85e3,1791424971,0,,,,,0,0
6b62f5351bb0369b5dd1104e,1791424971,0,,,,,0,0
6b67d6e666f35ca8bc9a3ef2,1791424971,0,,,,,0,0
6b6c0d9ebcb20771a66443c9,1791424971,0,,,,,0,0
6b6c5ad9323c898b9bbaa119,1791424971,0,,,,,0,0
6b6ee66ed22cb92e220ed962,1791424971,0,,,,,0,0
6b7076cfe2ed6d09aaf932a4,1791511133,0,,,,,0,0
6b77fa93e6e24f58f88f043f,1791424971,0,,,,,0,0
6b80cfe7860aac3f29412419,1791424971,0,,,,,0,0
6b86134dd978e706d7e3654d,1791424971,0,,,,,0,0
6b91507879f7fe9c45423101,1791424971,0,,,,,0,0
6b926411fd05e449693c0814,1791424971,0,,,,,0,0
6b92c35441c16d2bf60a2fce,1791424971,0,,,,,0,0
6b992ab94c283f273d3a9362,1791424971,0,,,,,0,0
6b9e17e2af00b7c149208dfb,1791511133,0,,,,,0,0
6ba08240664b8c4903092f41,1791424971,0,,,,,0,0
6ba089c6ff699e05ff41f387,1791424971,0,,,,,0,0
6ba3e97d2696c4436fab35fe,1791424971,1,0001335258-26-000041,"5.02,9.01",1790975142,8.0,0,1
6ba5f5cf486b1c06bb08132c,1791511133,0,,,,,0,0
6ba7f634104fb44b584d9949,1791424971,0,,,,,0,0
6bb2bb9561b0fff9ab6e5384,1791511133,1,0001071739-26-000186,8.01,1791469287,9.8575,0,1
6bb676343e48eedfa2a21ba9,1791424971,0,,,,,0,0
6bb6fb97bede1426d13eab3e,1791424971,0,,,,,0,0
6bbadb8887a7bd692cf3d48d,1791424971,0,,,,,0,0
6bbb9c6597158ea0e66159fb,1791511133,0,,,,,0,0
6bbc2d84b758b3d837b600be,1791424971,0,,,,,0,0
6bc1141ab0a307f6f210946e,1791424971,0,,,,,0,0
6bc47f311829f4f1629fef5d,1791511133,0,,,,,0,0
6bc7c135069912a0d03dacf9,1791424971,0,,,,,0,0
6bc83d381ec9e61124f92944,1791424971,0,,,,,0,0
6bcd8586ac4a289d3b097daf,1791424971,0,,,,,0,0
6bce977242066a4a252f46ca,1791511133,0,,,,,0,0
6bd46b6c6b3ee4fb00f9e0d1,1791424971,0,,,,,0,0
6bd58f67b7c6fcf0e94e6b62,1791424971,0,,,,,0,0
6bd62e4d199a2a9e94848fa8,1791424971,0,,,,,0,0
6bda20a92c840f85f1adda8b,1791511133,0,,,,,0,0
6bde25a36334d22e59673284,1791424971,0,,,,,0,0
6be348fb2ba1d3dcf4af7304,1791424971,0,,,,,0,0
6be62316643b76c3a065c89f,1791424971,0,,,,,0,0
6be71085cde834ff2fb31741,1791424971,1,0000109198-26-000051,5.02,1789662111,5.364166666666667,0,1
6be996eff8d8406286ddea9b,1791424971,0,,,,,0,0
6bf26e316fd909d83e06dedf,1791424971,0,,,,,0,0
6bfc15ac734652bb72d576c5,1791424971,0,,,,,0,0
6c04cc4b43b526fbe5fd85e6,1791511133,0,,,,,0,0
6c0c51e7a84ed3bda965637e,1791424971,0,,,,,0,0
6c0dd8621ab168a5a5fea17f,1791424971,1,0001628280-26-063890,"2.02,9.01",1790767936,7.0,1,0
6c14e85b8e43c89ea483afff,1791424971,0,,,,,0,0
6c1761ceb2c0554a9afa09c2,1791424971,0,,,,,0,0
6c1ac573c26ceb9a96039594,1791424971,0,,,,,0,0
6c1afd1d707cb3118c21b100,1791424971,0,,,,,0,0
6c1f3e03ded30cb22a481962,1791424971,0,,,,,0,0
6c1f8446f247ae4db82bf073,1791424971,0,,,,,0,0
6c20b5c862e97962a4fbaa26,1791424971,0,,,,,0,0
6c23a35e5438db3bdcc440b8,1791424971,0,,,,,0,0
6c25a876503e4ebb9e4dc6f1,1791424971,0,,,,,0,0
6c30a1259d5808593e012a65,1791424971,0,,,,,0,0
6c32b2242da8a2686ac234bb,1791511133,0,,,,,0,0
6c35c75a4aa0a25381cd3768,1791424971,0,,,,,0,0
6c39f338424878cc726b8774,1791424971,0,,,,,0,0
6c3c713df637543183aee9d9,1791424971,0,,,,,0,0
6c3ea0e3a6b3c8b16dac88a6,1791424971,0,,,,,0,0
6c40ab8a99a00067f4c4de23,1791511133,0,,,,,0,0
6c480290481f5d92b51679ff,1791424971,0,,,,,0,0
6c5166c8b994051375566c3e,1791424971,0,,,,,0,0
6c52c6c3052bdd415045f859,1791424971,0,,,,,0,0
6c56b08be82f4e4e62cc1505,1791424971,0,,,,,0,0
6c58551d261a1f18b0ed4976,1791511133,0,,,,,0,0
6c59e09fdc88b4eba31d6063,1791424971,0,,,,,0,0
6c5a6ddf925497dfa4bea9a0,1791424971,0,,,,,0,0
6c5cb3148babf1f88dadc4c4,1791424971,0,,,,,0,0
6c5ebaccbb804f11fe904ef5,1791424971,0,,,,,0,0
6c6319e49746cdfaa463efc8,1791424971,0,,,,,0,0
6c67971295670f9bc8c7cbeb,1791424971,0,,,,,0,0
6c69bbbe256a709150a6f95d,1791427778,0,,,,,0,0
6c70dd9ed7112c9978bae38b,1791424971,0,,,,,0,0
6c72aab55a623ea1672861ca,1791424971,0,,,,,0,0
6c72f1869fd50e5124670371,1791424971,0,,,,,0,0
6c7586dc9aeb67e2296391f4,1791424971,0,,,,,0,0
6c8168d828f9b2fc55c79242,1791511133,0,,,,,0,0
6c82de23afa33b01cc5c0dbb,1791424971,0,,,,,0,0
6c8b9fef155656edbc2f4fa2,1791424971,0,,,,,0,0
6c8dac32f85ad1b31e4abe81,1791424971,1,0001104659-26-106743,"2.02,9.01",1789073401,1.5,1,0
6c902fd3eeda61d1013a1d1a,1791424971,0,,,,,0,0
6c9040a3fcac7d4ad4a53b43,1791424971,0,,,,,0,0
6c9241045e48496906b28d19,1791424971,0,,,,,0,0
6c950ce3aa66e081d95764ff,1791511133,0,,,,,0,0
6ca0558c93045e6737914424,1791424971,0,,,,,0,0
6ca2aa964c5c80722cef6e03,1791424971,0,,,,,0,0
6cacd92bf0c4ee1de0d0e5f6,1791424971,0,,,,,0,0
6cb9153614bfb85494fd3854,1791424971,0,,,,,0,0
6cc2da2474952d49d0c31ef4,1791424971,1,0001104659-26-110965,5.02,1790366738,0.5,0,1
6cc3c27a9e325c8b3b6b5846,1791424971,0,,,,,0,0
6cc3eb79102fb8afa30a3954,1791424971,0,,,,,0,0
6cd0876172db2032bc6a2ddf,1791424971,0,,,,,0,0
6cd8b9286efaafb1b473bef4,1791424971,0,,,,,0,0
6ce1169726e9cad8928c2649,1791424971,0,,,,,0,0
6ce520a505ef111c9823ce82,1791424971,0,,,,,0,0
6ce59724c2d12bb203a0b0a9,1791511133,0,,,,,0,0
6ce77af141f3126cb8dc9157,1791424971,0,,,,,0,0
6ce815fe948f45fd68f75375,1791424971,0,,,,,0,0
6cf7dc25f6b18880015e6302,1791424971,0,,,,,0,0
6cf80c842d5d30729906a410,1791511133,0,,,,,0,0
6cf8ef88fe10cb4ca664c035,1791424971,0,,,,,0,0
6cf97da270b3520d5b596452,1791424971,0,,,,,0,0
6cfbcd22a4bafd24e2d1a5ad,1791424971,1,0001104659-26-108285,"8.01,9.01",1789590990,10.0,0,1
6d06084dedc10cc13ec2834c,1791424971,0,,,,,0,0
6d06835ef63eef04e67a8982,1791424971,0,,,,,0,0
6d094c9c2b1f2137a785d23d,1791424971,0,,,,,0,0
6d0b416541c5c1c84c7f79f6,1791424971,0,,,,,0,0
6d0e595025f61944dc7a4f0c,1791424971,0,,,,,0,0
6d12966c4d3f5d5030653060,1791424971,0,,,,,0,0
6d13ca4e7f1d6105803e22ff,1791424971,0,,,,,0,0
6d1474d1b96f3c9be3414e3a,1791511133,0,,,,,0,0
6d15d45075d22a7cdc6b5493,1791424971,0,,,,,0,0
6d168b4fad67c46da264145d,1791511133,0,,,,,0,0
6d19b8e4897f9a6d96c480d3,1791511133,0,,,,,0,0
6d1acada7469483c60b760ec,1791424971,0,,,,,0,0
6d217992ae44aeeedf061bd8,1791427778,0,,,,,0,0
6d243208b655fa5c8a1e3c7e,1791424971,1,0000320187-26-000143,"5.02,5.07,9.01",1789071619,13.0,0,1
6d24bd17a9fdaa26c0fa4eba,1791424971,0,,,,,0,0
6d2f16483bd8f69b30130332,1791424971,0,,,,,0,0
6d2f9b82673b447b6b3b1a79,1791424971,0,,,,,0,0
6d2ffa8f47fd1db5e130359a,1791424971,0,,,,,0,0
6d344c7cfbdd95bdb4d4d2ad,1791511133,0,,,,,0,0
6d38259abf7cbaad1c9f15f7,1791424971,0,,,,,0,0
6d38c126829583d15c0275aa,1791511133,1,0001637459-26-000067,5.02,1791321644,4.5,0,1
6d3998ca03312e65b91d0a5a,1791424971,0,,,,,0,0
6d3dcfceb5016fd267efb66d,1791424971,0,,,,,0,0
6d4080fbe0e25313cf9aadaa,1791511133,0,,,,,0,0
6d43f41884040d8a2a6aa167,1791424971,0,,,,,0,0
6d4637bdb6669361c37083dd,1791511133,0,,,,,0,0
6d48ae82a802cef66f14cec7,1791424971,0,,,,,0,0
6d48e9e1eb99172ee4723f3e,1791424971,0,,,,,0,0
6d4a3c86f4536f033aae24bf,1791424971,0,,,,,0,0
6d4dd6559a98285b6f2d4d52,1791424971,0,,,,,0,0
6d4de898c7f457ff7ba3bf7b,1791424971,0,,,,,0,0
6d51ed1ef53602f1cc3cdd6e,1791424971,0,,,,,0,0
6d57562ead7cd9e9143909ce,1791424971,0,,,,,0,0
6d5abed047573ca3c1da807a,1791424971,0,,,,,0,0
6d5f7126e34501f11c8d5ee5,1791424971,0,,,,,0,0
6d602ae6a65f3baed6862011,1791424971,0,,,,,0,0
6d643b7c1a646b7578ca502d,1791424971,0,,,,,0,0
6d648a0d0f02502abeaef1d8,1791424971,0,,,,,0,0
6d73267587b4a0c22e52b860,1791424971,0,,,,,0,0
6d743f3b9c5f8049604ef641,1791424971,1,0001628280-26-059271,"2.02,5.02,9.01",1787862672,0.5,1,0
6d755eeb0c48e9e60dfb74a1,1791424971,0,,,,,0,0
6d76165297329ed3d6d81f55,1791424971,0,,,,,0,0
6d7860056c534c2bca3b4e98,1791424971,0,,,,,0,0
6d84063c6f007fbf8b578ac7,1791424971,0,,,,,0,0
6d866eabeab0c9dfa4afbd81,1791424971,0,,,,,0,0
6d89b6255b6af8779bcb536e,1791424971,0,,,,,0,0
6d8a0cca7d7c0386613e770b,1791424971,0,,,,,0,0
6d943c2fa632c4560d460dde,1791424971,0,,,,,0,0
6d9471cffa3e8389c103eba8,1791424971,0,,,,,0,0
6d9b067e00c750775761ad89,1791424971,0,,,,,0,0
6da1c96fbb96ae0deaf23020,1791424971,0,,,,,0,0
6da1f089f9b67e6fc2cfd701,1791424971,0,,,,,0,0
6daf222fd13197d6eef75803,1791424971,0,,,,,0,0
6db00c9bacff1fe3939516a3,1791424971,0,,,,,0,0
6db5da01778396beff70eec0,1791424971,0,,,,,0,0
6dba074138f7d060ef3a57d5,1791424971,0,,,,,0,0
6dbf188fe213d212459815d7,1791424971,0,,,,,0,0
6dbf3df5cd9071490c7fe13e,1791424971,0,,,,,0,0
6dc3253a3b1d04bc3de6edbb,1791511133,0,,,,,0,0
6dc4f059b94f78dce6a49974,1791424971,0,,,,,0,0
6dc72adeac00bcb0ce546856,1791424971,0,,,,,0,0
6dc9a3fb7b13a1ed0be40af5,1791424971,0,,,,,0,0
6dd04930d48899593e4ba7c7,1791424971,1,0001170010-26-000102,"2.02,9.01",1790679630,1.5,1,0
6dd42834c3368f251e88e996,1791424971,1,0001193125-26-402912,"5.02,9.01",1790368510,8.0,0,1
6dd45a622445bdd8c88b5eec,1791424971,0,,,,,0,0
6dd913ced85fe9b71e301243,1791424971,0,,,,,0,0
6ddc453b1caa06f543cf362c,1791424971,0,,,,,0,0
6de1ee6565788144c84a83d0,1791424971,0,,,,,0,0
6de43b5edf2ad1d6fe45164e,1791424971,0,,,,,0,0
6de50d5fb3e389143c3704ee,1791424971,0,,,,,0,0
6de5c76cc268162f0783ad44,1791511133,0,,,,,0,0
6de77f080d6fc16b3a7c90b4,1791424971,0,,,,,0,0
6de91562b274f5f6e8881c5a,1791424971,0,,,,,0,0
6deb313efe0a6d961c7fa2b8,1791424971,0,,,,,0,0
6def306bf597d79be1288e95,1791424971,0,,,,,0,0
6df351462f4658e8af14932b,1791424971,0,,,,,0,0
6df3a4c1fb73ff7f661ff602,1791424971,0,,,,,0,0
6df47a500950ba5cc131e711,1791424971,0,,,,,0,0
6df5b6cd7e2fc3855a3fc8dc,1791424971,0,,,,,0,0
6dfab15093ebb086964b540d,1791424971,0,,,,,0,0
6dfac0ff0cda292dea4f4fa2,1791424971,0,,,,,0,0
6dffe06839d4455657165677,1791424971,0,,,,,0,0
6e01ec59d03ca36d85958ac3,1791424971,0,,,,,0,0
6e050cce09bb34007e642963,1791424971,0,,,,,0,0
6e0628c05c52e18be389f885,1791424971,0,,,,,0,0
6e08909bf8dd5848c8e71627,1791424971,0,,,,,0,0
6e0931b715e22b0269da939b,1791424971,0,,,,,0,0
6e0de41aa30ced183f15dba1,1791424971,0,,,,,0,0
6e138ad257653e91b5cbbaa4,1791424971,0,,,,,0,0
6e1587fde934fc2d328aaf4d,1791424971,0,,,,,0,0
6e21a2ad4228ad73212db7f5,1791424971,0,,,,,0,0
6e247cf128410ced26a37b98,1791424971,0,,,,,0,0
6e288c30ac2dee226793445c,1791424971,0,,,,,0,0
6e3236b1325378b1db969394,1791424971,0,,,,,0,0
6e32769a1274944fe72e1130,1791424971,0,,,,,0,0
6e333d73c609e395aafae4a0,1791424971,0,,,,,0,0
6e38b0bee1acd105ddd50d0c,1791424971,0,,,,,0,0
6e3e69fac6db114c2158fa04,1791424971,0,,,,,0,0
6e4008116f4d86978074a69a,1791424971,1,0001104659-26-107721,7.01,1789475450,5.5,0,1
6e41ef6dcdab0b902b1e5b41,1791424971,0,,,,,0,0
6e4958488c39e5052506baf9,1791424971,0,,,,,0,0
6e4c5b45a120d015bc1e70be,1791424971,0,,,,,0,0
6e55a92891f6e84087877438,1791424971,0,,,,,0,0
6e57dceec5362e0222bf72f3,1791424971,0,,,,,0,0
6e5a11165e4d0949cb0ba787,1791424971,0,,,,,0,0
6e5ad2f086e96fd92e43837b,1791424971,0,,,,,0,0
6e677158e38e30da43ffbc13,1791424971,0,,,,,0,0
6e6b48d1133b819e8a29dd5b,1791424971,0,,,,,0,0
6e6cd11ba8e1c59a2f82c3fb,1791511133,0,,,,,0,0
6e6db91dd313923049772276,1791511133,0,,,,,0,0
6e6e0a0c4b2d6b8ffb78c3b2,1791424971,0,,,,,0,0
6e757909b1738a9daaae654a,1791424971,1,0001583708-26-000052,"2.02,7.01,9.01",1787861315,2.5,1,0
6e7cd9a8ac1a6410c85762c7,1791424971,0,,,,,0,0
6e805d4c8854ba55679a15ee,1791424971,0,,,,,0,0
6e815e65450cb75d6c65356a,1791424971,0,,,,,0,0
6e85f5a22e8bff9ffdb68b2b,1791424971,0,,,,,0,0
6e8ad73d85075ede3817fa4e,1791424971,0,,,,,0,0
6e8c41ec01f3476e6b2fdff8,1791424971,0,,,,,0,0
6e8fbaec27c30e4cc0bf217d,1791424971,0,,,,,0,0
6e949d13101992aee9d0c7fe,1791424971,0,,,,,0,0
6e9676cfa0c121ff6c9e2428,1791511133,0,,,,,0,0
6e9e6a622fd29b65a7f2d54c,1791424971,0,,,,,0,0
6ea48fc86e45413bdd11bb9b,1791424971,0,,,,,0,0
6ea70244789c297a4266bacd,1791511133,0,,,,,0,0
6eaa21c2f0becb4d4d87284a,1791424971,0,,,,,0,0
6eaf856dd64c3111805ab5be,1791424971,0,,,,,0,0
6eb592bf03565462f74c35e6,1791424971,0,,,,,0,0
6eb92b16c6cef292d6528c90,1791424971,0,,,,,0,0
6eba93dbd1b9c91eb8d243b3,1791424971,0,,,,,0,0
6ec4c9333c613b0469b7c395,1791511133,0,,,,,0,0
6ec89b0b9ea5aa35cd3a2f0f,1791424971,0,,,,,0,0
6ec9e1d6cf04b4cdc0e816fe,1791424971,0,,,,,0,0
6ed751476071d64f87725275,1791511133,0,,,,,0,0
6edabbe25e3be365125a48d3,1791424971,0,,,,,0,0
6edbd96625590e917e555c1b,1791424971,0,,,,,0,0
6edc24a22d8b7965e173dc7d,1791511133,0,,,,,0,0
6edde1b737431ee3a9bec289,1791424971,0,,,,,0,0
6edf97ed36e63265a70f4fb2,1791511133,0,,,,,0,0
6ee9607adf4a60274df9cf14,1791424971,1,0000886346-26-000055,"5.02,7.01,9.01",1789072963,1.5,0,1
6ee98e6ea817036ed3ead0ed,1791424971,0,,,,,0,0
6eea4ccdfa4767c908f03aa2,1791424971,0,,,,,0,0
6eee70609f61c8fa59f487ad,1791424971,1,0001104659-26-108285,"8.01,9.01",1789590990,7.0,0,1
6ef79ca314cb357b1f675b58,1791424971,0,,,,,0,0
6efa0cf76376929d55a084f7,1791511133,0,,,,,0,0
6efa5c35b603ae856b1baea5,1791424971,0,,,,,0,0
6efaf8a625bdd945fa5b2330,1791424971,0,,,,,0,0
6f0073c49021974f49d4379c,1791424971,0,,,,,0,0
6f04282a1c5538a69cc15413,1791424971,0,,,,,0,0
6f076285ddd60736e764df71,1791511133,0,,,,,0,0
6f0889502a1eba19db237a1d,1791424971,0,,,,,0,0
6f091d8fad4439bc2ed79894,1791424971,0,,,,,0,0
6f11910551b2d626d3fbffb3,1791424971,0,,,,,0,0
6f176b9379d1638b723d490c,1791511133,0,,,,,0,0
6f20aab8dce5708ce40d5677,1791424971,0,,,,,0,0
6f240d9f73392926bf2f42f4,1791511133,0,,,,,0,0
6f25917630d954a97a88279e,1791424971,0,,,,,0,0
6f2855211319f4fd2a71a1d0,1791424971,0,,,,,0,0
6f290563ab64cef252888802,1791424971,0,,,,,0,0
6f2b61d6bd9aaf851a292b66,1791424971,0,,,,,0,0
6f2bd457f0f8b7ed607ba75d,1791424971,1,0001193125-26-391228,"1.01,2.02,5.02,7.01,9.01",1789466565,6.5,1,0
6f33898ad9fc84e8298540db,1791424971,0,,,,,0,0
6f36824eb40807c27b466cca,1791424971,0,,,,,0,0
6f3bdceaa8a688a2fca6f85e,1791424971,0,,,,,0,0
6f3c698639680c27cbe1d487,1791424971,0,,,,,0,0
6f3d699ed71880a100f0abb0,1791424971,0,,,,,0,0
6f44dbc37e7060fc93f192cd,1791424971,0,,,,,0,0
6f4551a3f36124a8d5e98b9d,1791424971,0,,,,,0,0
6f537020a6de436af427dc47,1791424971,0,,,,,0,0
6f615c634ff43225b0da6867,1791424971,0,,,,,0,0
6f61d110120b6eb9dc7a0fb5,1791424971,0,,,,,0,0
6f6926a4056c0e5971cae7dc,1791424971,0,,,,,0,0
6f713eb1f15003234906778e,1791424971,1,0000063754-26-000326,"2.02,9.01",1790854271,0.5,1,0
6f74ab67ac13fbe04eb73c09,1791424971,0,,,,,0,0
6f7714128c5261760c7bdc82,1791424971,0,,,,,0,0
6f7c5b125227d5574a5689cf,1791424971,0,,,,,0,0
6f7dab27fe8037b6d59a3325,1791424971,0,,,,,0,0
6f7e1e236572e77e365a2dd1,1791424971,0,,,,,0,0
6f7e9fcc43326b05d5936184,1791424971,0,,,,,0,0
6f80a5185f399c0501ef1a19,1791424971,0,,,,,0,0
6f81887bc39f072a0db703ee,1791424971,0,,,,,0,0
6f84e910c05b092c4a0b65b0,1791424971,0,,,,,0,0
6f868cf872c1c1cadc3d641c,1791424971,0,,,,,0,0
6f899497fefe363d91966cfa,1791511133,0,,,,,0,0
6f8f08515bb8f1213dfeabc3,1791511133,0,,,,,0,0
6f93569aa6428555375fc0bd,1791424971,0,,,,,0,0
6f9692b933aadb25a3093847,1791424971,0,,,,,0,0
6f9a574cd090e0b4a302f23f,1791424971,0,,,,,0,0
6fa0a373f7bf894d7fe53aa7,1791424971,0,,,,,0,0
6fa180dfd4f9e6db386bd5a7,1791424971,0,,,,,0,0
6fa1ca275aab8fa832ca9844,1791424971,0,,,,,0,0
6fa25d2d1d0e77b14398bea6,1791511133,0,,,,,0,0
6fa4cf6162a417dbeaf22824,1791424971,0,,,,,0,0
6fa59baab8841c2621332d3c,1791424971,0,,,,,0,0
6fa5f8cdcd0ad9df12a14358,1791424971,0,,,,,0,0
6fa781ad9426ac474133d156,1791424971,0,,,,,0,0
6fac15efd1a0a1cc13831c13,1791424971,0,,,,,0,0
6fb168d916961fdd59fcb8af,1791424971,0,,,,,0,0
6fb1a1ec73eff0a2129db7af,1791424971,0,,,,,0,0
6fb36d0f82785661341a7438,1791424971,0,,,,,0,0
6fb5560d6dee00b646ad4fe3,1791424971,0,,,,,0,0
6fb8ed1962bea14124b52a25,1791424971,1,0001573516-26-000176,"5.02,9.01",1788381071,7.0,0,1
6fb9ef8020942cdeb97aef65,1791511133,0,,,,,0,0
6fc1f0129f1a26afe8aa2261,1791424971,0,,,,,0,0
6fc53afebd3f5d46e94f77b6,1791424971,0,,,,,0,0
6fc8c02a9b1e128ee69d9b61,1791424971,0,,,,,0,0
6fd514d120d65bb3bba49a53,1791424971,1,0001104659-26-109755,"8.01,9.01",1790157698,2.5,0,1
6fdc484577eb185bf2555974,1791424971,0,,,,,0,0
6fe0e9a17afe6d3962e519ea,1791424971,0,,,,,0,0
6fe2067223ddaf4927cbe235,1791511133,0,,,,,0,0
6fe3c892b9f90b66d2519826,1791424971,0,,,,,0,0
6fe4d3616df9bfdb47c15818,1791424971,0,,,,,0,0
6fea6eb19d6e7fb08b71d719,1791424971,0,,,,,0,0
6feaa2d1c430cd4a1742aada,1791424971,0,,,,,0,0
6ff3e0bc80690b404c48c746,1791511133,0,,,,,0,0
6ffa67d1f49b647504db94f3,1791424971,0,,,,,0,0
6ffe693387c8e5044440ec07,1791511133,0,,,,,0,0
7003f46abf9a5554912baf96,1791424971,0,,,,,0,0
700784de74e6bbc7a752b088,1791424971,0,,,,,0,0
700926247766b03e2883efb4,1791424971,0,,,,,0,0
700e2945f4cdd8b2def30771,1791424971,0,,,,,0,0
70109a636e8990258adf97be,1791424971,0,,,,,0,0
70131918db10823fae706fa6,1791424971,0,,,,,0,0
7015948759048dc6fa219b4d,1791424971,0,,,,,0,0
70193bde38befd4878f0a45b,1791424971,0,,,,,0,0
701a0f8385aa272bfd491c69,1791424971,0,,,,,0,0
701a4962f74ef4e83be5cfff,1791424971,0,,,,,0,0
701b5208c729246b2578520d,1791424971,0,,,,,0,0
702863bb74e02b666292058b,1791424971,0,,,,,0,0
70291d69a7972f1d99e8fc05,1791424971,0,,,,,0,0
7030c1c32c803aa2233b25c8,1791424971,0,,,,,0,0
7031c6da1f93e37ccd44322b,1791424971,0,,,,,0,0
703f9e5c5463dce26898fe01,1791424971,0,,,,,0,0
70436df7b4a12d31309ccf32,1791511133,0,,,,,0,0
7045ec4a9fc9e6a824cd7bfc,1791424971,0,,,,,0,0
7046021b29918520a6ae864e,1791511133,0,,,,,0,0
7049c59cef168db4c2132a91,1791424971,0,,,,,0,0
704e487a6adabe5433404642,1791424971,0,,,,,0,0
70516b444e8d4ead2d54d21f,1791424971,0,,,,,0,0
7054e4754b6a12ec438ebc40,1791424971,0,,,,,0,0
7055aee6626ac952398c3874,1791424971,0,,,,,0,0
70577680304504d9aa5484b9,1791424971,0,,,,,0,0
70606704f164ba0f7d7b5cae,1791424971,0,,,,,0,0
706078e6fc9f19a757962c40,1791511133,0,,,,,0,0
706342f8e840f6e86f31152b,1791424971,0,,,,,0,0
7063e455f6dde12ea3b964f6,1791424971,0,,,,,0,0
7069b40b6922ea0d6457f13e,1791424971,0,,,,,0,0
706ec9c5eae6170d7593caaa,1791424971,0,,,,,0,0
70700c920c770b90dcc4112a,1791424971,0,,,,,0,0
707030b4e208325280877f07,1791424971,0,,,,,0,0
7077cbf9290868ee768c8c49,1791424971,0,,,,,0,0
707999a2699f7ee6488863a7,1791424971,0,,,,,0,0
707da1cacd99115027c5dfdc,1791424971,0,,,,,0,0
7081f6f6e72d61f9b155ee3d,1791424971,0,,,,,0,0
70834b3ae804778ced602bc7,1791511133,0,,,,,0,0
7096ce9afda3f9125ed0d1b8,1791511133,0,,,,,0,0
7096e5a168d51a5b6311fba5,1791424971,0,,,,,0,0
709a54e78748e7bed69ca2a8,1791511133,0,,,,,0,0
709f6368d2b6d959ecb9b793,1791424971,0,,,,,0,0
70a34087b81c4fb0217b52af,1791424971,0,,,,,0,0
70a6b78ddb279cb0193260da,1791424971,0,,,,,0,0
70ab80df4a79d370120bc8ce,1791424971,0,,,,,0,0
70ada8a277e53a05225703a3,1791424971,0,,,,,0,0
70adb9978d5c68b49c53c0f9,1791424971,0,,,,,0,0
70b151391cf4ffb649bc4fd6,1791511133,0,,,,,0,0
70b6451b092ea03d7c5516f8,1791424971,0,,,,,0,0
70b81349bcd94ee0ab0dac53,1791511133,0,,,,,0,0
70b81e34c3b5e66708bca170,1791424971,0,,,,,0,0
70c14dafa327ceb712051e3a,1791424971,0,,,,,0,0
70c5768699fcf080c41121d5,1791511133,0,,,,,0,0
70c87a014d4b5cd9794cb817,1791424971,0,,,,,0,0
70d164a9f707222bc68bdcf8,1791511133,0,,,,,0,0
70d50c9689471594b7cdf06b,1791424971,0,,,,,0,0
70d62b890edf60a392eaec6f,1791424971,0,,,,,0,0
70dce7b8f6cf38550e48432b,1791511133,0,,,,,0,0
70e00fc27648ac29b84f82ad,1791511133,0,,,,,0,0
70e2acb1d919e7bd9793a2ea,1791424971,0,,,,,0,0
70e82fffd3084918ec384461,1791424971,0,,,,,0,0
70eba9ff0fbfbe968c4a7d1b,1791424971,0,,,,,0,0
70f0ee7758cf9904024b9176,1791424971,0,,,,,0,0
70f8f832798f9821762d50ab,1791424971,0,,,,,0,0
70fcc458646830d46fbb2741,1791424971,0,,,,,0,0
70fd5f6d6102af4b810dee07,1791424971,0,,,,,0,0
710018336765b5709b03a775,1791424971,0,,,,,0,0
7102bc631d67c9d4cffb5575,1791424971,0,,,,,0,0
7107a58021c39e182953a2f3,1791424971,0,,,,,0,0
7112cdb0f04909e686b3a3ad,1791424971,0,,,,,0,0
711c682e90586dd4f2025da0,1791424971,0,,,,,0,0
711eac79219f2b08b9fcda45,1791424971,0,,,,,0,0
712075f228a5a40f3086dbcf,1791424971,0,,,,,0,0
7123c2e4b516222e0eb9d095,1791424971,1,0001171843-26-006315,"8.01,9.01",1790812794,1.5,0,1
71294ac2f38ced2a9a1e5a95,1791511133,0,,,,,0,0
713051de025fcb39cbb5ee57,1791424971,0,,,,,0,0
713658046f6f13d7249f13f5,1791424971,0,,,,,0,0
7138297bbeb9f375d0516d54,1791424971,0,,,,,0,0
7140298f338ad24334e2d390,1791424971,0,,,,,0,0
7140f27ae21a7b7901803ae5,1791424971,0,,,,,0,0
7142ea649be1d037881a327a,1791424971,0,,,,,0,0
7142faa436247f7c018259d9,1791424971,0,,,,,0,0
7143272d34d04d2116bdc4ee,1791424971,0,,,,,0,0
71462abb185b47656ac4e57b,1791424971,0,,,,,0,0
714876c4d4bddf2932a52751,1791424971,0,,,,,0,0
71578fdc089e867900ac06d2,1791424971,0,,,,,0,0
715bddb3a675dda94b4e78e1,1791511133,1,0001858681-26-000054,"2.02,7.01",1791232239,0.5,1,0
715c1c4fe2140d868bd73b12,1791424971,0,,,,,0,0
715c93a9c079f4a7a3e437b4,1791424971,0,,,,,0,0
715da7eca8cac2c12ea79f70,1791424971,0,,,,,0,0
7167b5fb6cd6bed27b4cda02,1791424971,0,,,,,0,0
71684222f5b35f5461d53b19,1791424971,0,,,,,0,0
716b8632d89a76d206c607b0,1791424971,0,,,,,0,0
71723c5b579bd4323cf0ba09,1791424971,0,,,,,0,0
7174f5ad7bb584bd69e7583b,1791511133,0,,,,,0,0
71788427a7dc3b604fba7909,1791424971,0,,,,,0,0
717f33f68dd06969613bf766,1791424971,0,,,,,0,0
717f82629ca6b54f4710b2d3,1791511133,0,,,,,0,0
718153320d2d4b7d51c85dfd,1791511133,0,,,,,0,0
7184f1b3e580b5d038a11721,1791424971,0,,,,,0,0
7187ea70a4bf1c4074497f06,1791424971,0,,,,,0,0
71892b6d4d37790c1a74de0d,1791424971,0,,,,,0,0
718b9822d5b4ad3432c953d2,1791424971,0,,,,,0,0
718f646d2852e2189e069300,1791424971,0,,,,,0,0
719bcd2b08d3aaa1f646db1f,1791511133,1,0001679273-26-000053,"5.02,9.01",1791320492,2.5,0,1
719e409a8de4ce1f7cd03654,1791424971,0,,,,,0,0
71a1ace37fc836ea583e27b6,1791424971,0,,,,,0,0
71aac0ab7a3fe0eeb02060f3,1791424971,0,,,,,0,0
71afa5ebd4aebbfd5d91a573,1791424971,0,,,,,0,0
71b1ca9001bba294856efcf4,1791424971,0,,,,,0,0
71b2c3d663c6a75428482dec,1791424971,0,,,,,0,0
71b6c3304243228f1d297a6e,1791424971,0,,,,,0,0
71b7550d2f25f98d7740e390,1791424971,0,,,,,0,0
71bc032df66b929944019835,1791424971,0,,,,,0,0
71c3603f98a5235f6df3bf3e,1791424971,0,,,,,0,0
71c3987d72a105b9d0c63e8e,1791424971,0,,,,,0,0
71c7a869d29d2c2222b0d36f,1791511133,0,,,,,0,0
71c7f8cd443d9b507444b258,1791424971,0,,,,,0,0
71cb1d46805c38506214dd0a,1791424971,1,0001213900-26-105305,5.07,1790802010,3.5,0,0
71cdea64486a88eef3dfd1c0,1791424971,0,,,,,0,0
71d300396b7903f596c02cbb,1791424971,0,,,,,0,0
71d48bc6616aef1a62fbf5b3,1791424971,0,,,,,0,0
71d5ea86cf868845e865cbad,1791424971,0,,,,,0,0
71d64c1d25e558f99d28413f,1791424971,0,,,,,0,0
71d7d3414eb016df1b0c0282,1791511133,0,,,,,0,0
71d8e0f2fd41f4fc0c7d155d,1791511133,1,0001193125-26-414916,"2.02,9.01",1791284009,0.5,1,0
71d9ef267cbe13ceeb347fae,1791424971,0,,,,,0,0
71dc5b63036cce7ea3994c7a,1791424971,1,0001104659-26-112420,"8.01,9.01",1790803628,2.5,0,1
71ddba09f653d0d822410c19,1791424971,0,,,,,0,0
71e2f097895c8017ef40fcff,1791424971,0,,,,,0,0
71e7246689cc65a49e8d988c,1791424971,0,,,,,0,0
71e820f9072b453565a7f46b,1791424971,0,,,,,0,0
71e8dab89a045a1318324da1,1791424971,0,,,,,0,0
71ea339a1aedfc5f3ced81b6,1791424971,1,0000950142-26-002556,"8.01,9.01",1789590885,7.0,0,1
71ef069c818b738a2886541c,1791424971,0,,,,,0,0
71f294bce0c312f5c233a9cb,1791424971,0,,,,,0,0
71f4b6d3013639d2e304373d,1791424971,0,,,,,0,0
71f600d724f510e4b129fe88,1791424971,1,0000917251-26-000066,8.01,1790938829,7.0,0,1
71f871fedce112128726128a,1791424971,0,,,,,0,0
71fbfd16036a05a92e1f69a4,1791424971,0,,,,,0,0
720082698d05d60b310932bf,1791511133,0,,,,,0,0
7202f4da2d1c7a422721f1ed,1791424971,1,0002071876-26-000221,1.01,1790371721,11.0,0,1
72058578d8830150c85ebe7c,1791424971,0,,,,,0,0
720728612182ae80e38ac010,1791511133,0,,,,,0,0
7209ee8de9d1384cff858389,1791511133,0,,,,,0,0
720fd7a9d834d336809093e1,1791424971,1,0001043219-26-000070,"3.03,5.03,9.01",1790972129,5.5,0,1
7210c263d77b82beb18be167,1791424971,0,,,,,0,0
7210d79b48a176b8c19c202e,1791424971,0,,,,,0,0
7211a7468d592a13fcb9c132,1791424971,0,,,,,0,0
7211ae013bdfcbf98874a54d,1791424971,0,,,,,0,0
721368eebd53fc420dd26bb5,1791424971,0,,,,,0,0
7217e905804182fb4ab2d297,1791511133,0,,,,,0,0
721c5af05f403bc3c5130538,1791424971,0,,,,,0,0
7222be934c8fcb8eb0cefc6b,1791424971,0,,,,,0,0
722d3c542bd6c1b50831eef8,1791424971,0,,,,,0,0
722da3efae08276cb0386f59,1791424971,0,,,,,0,0
7230c90853de2ad8117b57cf,1791424971,1,0001086222-26-000089,"5.05,9.01",1790366670,6.5,0,1
723380611e155455b1648a68,1791424971,0,,,,,0,0
72385ec8f52d54eb792e8645,1791424971,0,,,,,0,0
723df527e98d62f60cbcce8f,1791424971,0,,,,,0,0
723f874d6720abb30ac8c615,1791424971,0,,,,,0,0
7242bf2a8e8cb0f0e3b8eb21,1791511133,0,,,,,0,0
72441229b33c81f06d8b3d5a,1791424971,0,,,,,0,0
72491ebfa55d3339b2286dd0,1791511133,0,,,,,0,0
724ab83cce149fe8357f7e17,1791424971,0,,,,,0,0
724b4f0cca19ed7198fc9ccd,1791424971,0,,,,,0,0
724fb12bc07fd33b61f1a426,1791424971,0,,,,,0,0
72576c056960b98f14ca53c2,1791424971,0,,,,,0,0
72588cc001d0159a9f625438,1791424971,0,,,,,0,0
725b75cefa9366d2e70617c8,1791511133,0,,,,,0,0
7260c122a386de2b16e5ef1f,1791424971,0,,,,,0,0
7261535c3d4984185cf0d179,1791424971,0,,,,,0,0
72620c29d95731e486d89b8d,1791424971,1,0001193125-26-401157,"7.01,8.01,9.01",1790284267,0.5,0,1
7262ea6dc04f14c4569c65df,1791511133,0,,,,,0,0
7266cb76e4b3e86ff790d1fc,1791424971,0,,,,,0,0
726c8b10fb5bd17f60b9aa3b,1791424971,0,,,,,0,0
72779b276cae2f2848e7165f,1791424971,0,,,,,0,0
727a98f502a94f15909bc210,1791424971,0,,,,,0,0
727cb08f137736a26a407a1b,1791424971,0,,,,,0,0
72802ceeb0441dfa4ee537da,1791424971,0,,,,,0,0
72875ef1f755cac80abfc748,1791424971,0,,,,,0,0
7289501994f5f453d5465be2,1791424971,0,,,,,0,0
728ba3ef1899d6c972c4d68b,1791424971,0,,,,,0,0
728db9b98f28735102c91c97,1791424971,0,,,,,0,0
7292d1e2194a4a2c5dc197d3,1791511133,0,,,,,0,0
729305850d1b1bcb127abad7,1791424971,0,,,,,0,0
7296fac41501897acb5ab45e,1791424971,0,,,,,0,0
7297c55873bccd7815ea86a3,1791424971,0,,,,,0,0
7298618909607a5f6b08834c,1791424971,0,,,,,0,0
729a244aa2e65e738bcece6f,1791424971,0,,,,,0,0
729e157c4212fe20af520174,1791511133,0,,,,,0,0
729f55dde2dd6bf4623c7201,1791424971,0,,,,,0,0
729f66f2c4ef8fe34452e7b9,1791424971,0,,,,,0,0
72a45c9ed98471e78f8a7d37,1791424971,0,,,,,0,0
72a64431c311a38d96e401d0,1791424971,0,,,,,0,0
72a678da206f051bc36b86d4,1791424971,0,,,,,0,0
72a8718908511a7d6ee09b11,1791424971,0,,,,,0,0
72ad33b98bdf9089b0b1ecb0,1791424971,0,,,,,0,0
72b0d2cc02ed9e48a6118c24,1791424971,1,0001193125-26-357758,"2.01,3.01,3.03,5.01,5.02,5.03,9.01",1787222033,11.0,0,1
72b4143d236a8a611efdf533,1791511133,0,,,,,0,0
72b51059443e02d6179dfc30,1791424971,0,,,,,0,0
72b8490e2ff6246cd4d15041,1791424971,0,,,,,0,0
72b8f73c216acbb8d6ace7c1,1791511133,0,,,,,0,0
72ba0162f5639a98ab23d171,1791511133,0,,,,,0,0
72c4be9a09bf4d1b65d26ed7,1791424971,0,,,,,0,0
72c4bf5abcfe28d8713af07b,1791424971,0,,,,,0,0
72c6dbcdada6079aee227e6d,1791424971,1,0001628280-26-062997,"5.02,9.01",1790098873,4.186944444444444,0,1
72c75f83750c3ba4a4515f98,1791424971,1,0001437749-26-031416,"2.02,7.01,9.01",1790676058,6.5,1,0
72c88a9901a8d10db3d1256b,1791424971,0,,,,,0,0
72cda5d86f5a27fcd5236370,1791424971,0,,,,,0,0
72d934625db0d0e450eb8eda,1791424971,0,,,,,0,0
72dbe3e87b896657e853e880,1791424971,0,,,,,0,0
72e0cfd37afeaf625453da0f,1791424971,0,,,,,0,0
72ea41adad7695cad13ec63a,1791424971,0,,,,,0,0
72ee2e965d2988684c65cf6f,1791424971,1,0001104659-26-105054,5.02,1788465926,13.0,0,1
72f2744a42ba7fed4379a654,1791424971,0,,,,,0,0
72f4c736e155db07b88e1b80,1791424971,0,,,,,0,0
72f88f268186d7bdcc995c8c,1791424971,1,0001171843-26-006315,"8.01,9.01",1790812794,7.0,0,1
73031ef8c668323f46a6f4cf,1791424971,0,,,,,0,0
7304a0db44ae273218fc5be6,1791424971,1,0001728951-26-000064,"7.01,9.01",1789590971,8.0,0,1
73069e4cf810ac6ece81d0c9,1791424971,0,,,,,0,0
730774a0e1ebf9feb175a2e7,1791424971,0,,,,,0,0
7308d425328287d2eaea5b4d,1791424971,0,,,,,0,0
730a9c36f20fbbdefc941c8e,1791424971,0,,,,,0,0
730c62969b8a7e1df20bac8b,1791424971,0,,,,,0,0
730cae0f21b734652305e3bd,1791424971,0,,,,,0,0
7313f9c6721ab7712b948f8b,1791424971,1,0001170010-26-000102,"2.02,9.01",1790679630,0.5,1,0
731787175a4d321b19ad3621,1791424971,0,,,,,0,0
7317d9dd9184d5564a0b6b68,1791511133,0,,,,,0,0
731cdde290c35d8a24092b6b,1791424971,0,,,,,0,0
731e2992333b77a20118c542,1791424971,0,,,,,0,0
7322d0119b466ec8b4799950,1791424971,1,0001104659-26-108245,5.02,1789589123,6.5,0,1
732e3baabb6e4b0fe7c3a471,1791424971,0,,,,,0,0
733158e04d5f8f20e76145ff,1791424971,0,,,,,0,0
7336dc3db15de40754117506,1791424971,0,,,,,0,0
733791e5c8ec4599bad26a13,1791424971,0,,,,,0,0
7346688eefe4d71d41a2e971,1791424971,0,,,,,0,0
734c0edf5c35ffdf723544dd,1791424971,0,,,,,0,0
734fcaa4e0984fe05b1a74ef,1791424971,0,,,,,0,0
7354d48a0c0ea2658a538d15,1791424971,0,,,,,0,0
7356382bd2fbbcc729f869a9,1791424971,1,0000917251-26-000066,8.01,1790938829,1.5,0,1
7358501c1c976f372f7f9a8d,1791424971,0,,,,,0,0
735c5332a7336b672ce12a95,1791424971,0,,,,,0,0
735f6644d010de1ecd1daa9a,1791424971,0,,,,,0,0
73607687c2ee1d2cab0c2fa8,1791424971,1,0001043219-26-000070,"3.03,5.03,9.01",1790972129,12.0,0,1
736308f02469a49e958b15fb,1791424971,0,,,,,0,0
736ef1cf5e18417fff44cb7c,1791424971,0,,,,,0,0
73728f33fc7af581f50439dc,1791424971,0,,,,,0,0
7375440a08283c33a7baaf8e,1791424971,0,,,,,0,0
73755200f069812e7256211f,1791424971,1,0000940944-26-000035,5.07,1790284832,0.5,0,0
737a1b2cd432f68988522911,1791424971,0,,,,,0,0
737f6542f6b8506682b59172,1791424971,0,,,,,0,0
73854ad2c256ce00c0744707,1791424971,0,,,,,0,0
7386e1969065ea834321bc08,1791424971,0,,,,,0,0
738a387baea2a30315d67907,1791511133,0,,,,,0,0
738adbe6af427a234e591bb0,1791424971,0,,,,,0,0
739d5e331c25eebee5f1fa4e,1791424971,0,,,,,0,0
739ddc473da489e8464be6ed,1791424971,0,,,,,0,0
73a279b5274a38f7574daf17,1791511133,0,,,,,0,0
73a414acfe27f1bafef94a01,1791424971,0,,,,,0,0
73a573ec1e95195701fa5e60,1791424971,0,,,,,0,0
73afcf14c108b7696c638725,1791424971,0,,,,,0,0
73b04a0e28a011dedbb14725,1791424971,0,,,,,0,0
73b0ba86c0feb2d01924f25f,1791424971,0,,,,,0,0
73b198abd9e8892b98accdc1,1791424971,0,,,,,0,0
73b8e56fa1378443905c2a69,1791511133,0,,,,,0,0
73bbd96057f9ec6ce1e34943,1791511133,1,0001104659-26-114388,"1.01,9.01",1791405935,10.0,0,1
73be807ea40480911668d119,1791424971,0,,,,,0,0
73bec93449a8667a2ef6f0b3,1791424971,0,,,,,0,0
73c10d02c036ceaa7dc31088,1791424971,0,,,,,0,0
73c420bea25106c4683faee7,1791424971,0,,,,,0,0
73c9980a87252a459d7e6930,1791511133,0,,,,,0,0
73cff3c95648e89fffd82d4f,1791424971,0,,,,,0,0
73d1b32e1246d3ecac2d0053,1791424971,0,,,,,0,0
73d88fdcb9393c895253309f,1791511133,0,,,,,0,0
73d99a7d032f2aaba9862628,1791424971,0,,,,,0,0
73dcebd0345e4c1fe5826000,1791424971,0,,,,,0,0
73e25fbeafec5c1259dad495,1791424971,0,,,,,0,0
73e444bb23d4333074391d77,1791424971,0,,,,,0,0
73e853eaf4ae59e16778262b,1791424971,0,,,,,0,0
73f13b0eec6d96d81db5a5c0,1791424971,0,,,,,0,0
73f4cec131f1345e5a5e62ec,1791424971,0,,,,,0,0
73fb57d48e282028a941b1f2,1791424971,0,,,,,0,0
73fbd3f9b3716a755239406d,1791424971,0,,,,,0,0
7402a9b42f4309a977324f4b,1791424971,0,,,,,0,0
7407083ea7ff5acc1a70294e,1791424971,0,,,,,0,0
740b97ecb3c04090f4123a2d,1791424971,0,,,,,0,0
741fae4789512fc2867014c3,1791424971,0,,,,,0,0
742c3c5d1816843208429324,1791424971,0,,,,,0,0
7431ed30637cd7ab21c8ac25,1791424971,0,,,,,0,0
74393e2e068afb018d6dbf51,1791424971,0,,,,,0,0
743e4f28021e33fadaa829d1,1791424971,0,,,,,0,0
74403f4e1667ad832ae1e24f,1791424971,0,,,,,0,0
744807a8bed3bebd9b47443b,1791424971,0,,,,,0,0
7448be09ceffc5ec81097da0,1791424971,0,,,,,0,0
744902fd9cb665dee71a277d,1791424971,0,,,,,0,0
744c72fe3bbdb22a01f04529,1791424971,0,,,,,0,0
744d5cfae806ff2fd06084b5,1791424971,0,,,,,0,0
7451b370eb5371fcfbb86733,1791424971,0,,,,,0,0
74572a498b0d8a8a20d5f744,1791424971,0,,,,,0,0
745b51238dc0f5d909183222,1791424971,0,,,,,0,0
7464d59c09ea5c4e74c1d7a0,1791424971,1,0001140361-26-033932,"1.02,2.01,3.01,3.03,5.01,5.02,5.03,9.01",1787265652,7.0,0,1
7470ac674d0e5e6e95636e7a,1791424971,0,,,,,0,0
7472771e8743488fcf9b836d,1791511133,0,,,,,0,0
7478b86101a2e1086c230747,1791424971,0,,,,,0,0
7489d75361abd007ed4d1647,1791424971,0,,,,,0,0
748a25f6786014d5d7eb2307,1791424971,0,,,,,0,0
748b52625c2dff9711160c62,1791424971,0,,,,,0,0
74901295add63063073f7e49,1791424971,0,,,,,0,0
74942a62eebb7b1d737a70fb,1791424971,0,,,,,0,0
7494b9f44ba79f787987869b,1791424971,0,,,,,0,0
7497cd284a774e291e0c438a,1791424971,0,,,,,0,0
749fbeee9ad43bcbd9c1f63e,1791424971,0,,,,,0,0
74a496ebeb66d5ea3272d907,1791424971,0,,,,,0,0
74a727795f4f23a0064895e9,1791511133,0,,,,,0,0
74aadd844f7d9c410e1d5474,1791424971,0,,,,,0,0
74ac5aeea73f128c9fefbde5,1791424971,0,,,,,0,0
74b2309a5cca9b1d07b924cc,1791424971,0,,,,,0,0
74b25ba16c90a521d9c9c2b6,1791424971,0,,,,,0,0
74b433ff659bd24f5efc262a,1791424971,0,,,,,0,0
74b6139c164cc70745d9507a,1791424971,0,,,,,0,0
74bf33a91ecca3dae76e4a4d,1791424971,0,,,,,0,0
74c117405c336a99a40c5b02,1791424971,0,,,,,0,0
74c3f8fba7ed97fda8487492,1791424971,0,,,,,0,0
74c43f49eb0b9d463e480938,1791511133,0,,,,,0,0
74c848b85e62efddc4ade794,1791511133,0,,,,,0,0
74c980b7ea2ac741e586fc4a,1791424971,0,,,,,0,0
74cadf53cf717484c04a3f1f,1791424971,1,0000920148-26-000201,"7.01,9.01",1789073275,0.5,0,1
74cd9597a739ed2780c4551b,1791424971,1,0001193125-26-357758,"2.01,3.01,3.03,5.01,5.02,5.03,9.01",1787222033,13.0,0,1
74d1346af587d795a6684746,1791424971,0,,,,,0,0
74d168ad1ea36be12aec9bc1,1791424971,0,,,,,0,0
74da45878ed23d2e52f288f6,1791424971,0,,,,,0,0
74dad28316ccd78ab8070680,1791424971,0,,,,,0,0
74f5827a2a38dd624d9ca9bc,1791424971,0,,,,,0,0
74f6ba9637fa28478462362f,1791511133,0,,,,,0,0
74f958fd035dec84c0328ed3,1791424971,0,,,,,0,0
74f9da6cebea1f52dfcbc3e4,1791424971,0,,,,,0,0
74fb4c52f287225e7bffb932,1791424971,0,,,,,0,0
750109fdcbcb25b50e45a3b3,1791424971,0,,,,,0,0
7506bb6e8466e368d1a7d229,1791424971,0,,,,,0,0
7507539673711441da77a819,1791424971,0,,,,,0,0
750a46a0f027b35f88e4b04c,1791424971,0,,,,,0,0
750d5d8b070cc5c925416aad,1791424971,0,,,,,0,0
750f6b2df9eaf985cb5aec12,1791424971,0,,,,,0,0
7511415c0386572ed6aa629c,1791424971,0,,,,,0,0
75120bd31e25654ba3393756,1791424971,0,,,,,0,0
751bb28443fb04a324462ce7,1791511133,0,,,,,0,0
75213f7954a8fe0eaf418047,1791424971,0,,,,,0,0
7527a8d4714794d02a7b27e5,1791424971,0,,,,,0,0
752f5bed4ceb972ccf8b4732,1791424971,0,,,,,0,0
7534897dd045ec37b59c47dd,1791424971,0,,,,,0,0
75363b7926cb67230827bd68,1791424971,1,0000950157-26-001058,"1.01,8.01",1790946977,7.0,0,1
7536f9d3ea99e46ecaa0dfa5,1791424971,0,,,,,0,0
75371cee4c0cb6b2de280e84,1791424971,0,,,,,0,0
7537bc141427f5309219f5b3,1791511133,0,,,,,0,0
753bd87d7d0250fd68919972,1791424971,0,,,,,0,0
753df48146210abd151666c6,1791424971,0,,,,,0,0
753f67d499c52f54984ff6c9,1791424971,0,,,,,0,0
7541c9050426c3f79cd5efd9,1791511133,0,,,,,0,0
754379325b0b69d63dedb83e,1791424971,0,,,,,0,0
7546b00c5129107b46f19cb5,1791424971,0,,,,,0,0
75505c9b4f9ff39135618b26,1791424971,0,,,,,0,0
75508fa8ecc032b5d2485e55,1791511133,0,,,,,0,0
75544243a6da84c6755b2116,1791424971,0,,,,,0,0
7558234961e677ece8c82dfd,1791424971,0,,,,,0,0
7559eb0ec136aed142b17b9c,1791511133,0,,,,,0,0
755cd1e11c163e26e60d0c57,1791424971,0,,,,,0,0
755ec39fea5df4139adcb5c9,1791424971,1,0001104659-26-105054,5.02,1788465926,7.0,0,1
7562de5c3c3ec7804c29b5b7,1791424971,0,,,,,0,0
7564bd9b2f8797f854d0446f,1791424971,0,,,,,0,0
7570faa0edaec8e0aa62c02a,1791424971,0,,,,,0,0
7571712007c7159fcf311d48,1791511133,0,,,,,0,0
7577578617bffd41587309c4,1791424971,0,,,,,0,0
757aa6917d260a9be007bbb0,1791424971,0,,,,,0,0
757b032d5e74d8d36a53dc82,1791424971,0,,,,,0,0
757e04e7428ebd79877cb295,1791424971,0,,,,,0,0
757e846231f05e489ee71926,1791511133,0,,,,,0,0
757f18da0c0c1b63686abb4b,1791511133,0,,,,,0,0
7581a91168bfc5947a121a23,1791511133,0,,,,,0,0
7582b6e71d175c47e11fcc34,1791424971,0,,,,,0,0
75852d5aa3edeb8a6298066b,1791424971,0,,,,,0,0
75897404957d6e1bb540a480,1791424971,0,,,,,0,0
758cd91eea6eb2c69774fbbf,1791424971,0,,,,,0,0
758d80ae084cda296deedb41,1791511133,0,,,,,0,0
75902661494c609a67bd9e93,1791424971,0,,,,,0,0
75a1003d9689ecb7f97caf93,1791424971,0,,,,,0,0
75ac06471a78063519de208f,1791424971,0,,,,,0,0
75b48d4c81120543eacf1250,1791424971,0,,,,,0,0
75b8f36ad0a27005b906ab3b,1791424971,1,0000920522-26-000027,"1.01,2.03",1790366780,0.5,0,1
75bbec8b2fb4c4922843d8b8,1791424971,0,,,,,0,0
75bc483214ef53f612997ab4,1791424971,0,,,,,0,0
75bc568ea5564f3bb95b7e72,1791511133,0,,,,,0,0
75bc9916f570c4ff674210e9,1791424971,0,,,,,0,0
75c13696385dc045f3e7a9ae,1791424971,0,,,,,0,0
75c56503a980b458c655b7da,1791424971,0,,,,,0,0
75c622a90516ddddd43114e8,1791424971,1,0001104659-26-108945,"3.01,7.01,9.01",1789762524,9.0,0,1
75d1d9716b5b2d4376b3c9f0,1791424971,0,,,,,0,0
75dc002f7ef03d7c850426d4,1791424971,0,,,,,0,0
75e5cced86f47c462cc4c2d6,1791511133,1,0001679273-26-000053,"5.02,9.01",1791320492,1.5,0,1
75e63da441cbaedcf892d440,1791424971,0,,,,,0,0
75eca21ad5b1e950b809daf2,1791424971,0,,,,,0,0
75ed51110043d5c4e282f756,1791511133,0,,,,,0,0
75efb8db6d5cf60ad6262850,1791424971,0,,,,,0,0
75f34f74729897860f42b781,1791511133,0,,,,,0,0
75ff01629699ff763790aedc,1791424971,0,,,,,0,0
76026067a2f18553b0cf9442,1791511133,0,,,,,0,0
760977eead2b2ddb1b4eefdc,1791424971,0,,,,,0,0
760e923ff34751ea1cc213d1,1791424971,0,,,,,0,0
7611b4749f8fd10543007179,1791424971,0,,,,,0,0
7619b9094ea6597dba07fde1,1791424971,0,,,,,0,0
761c328a86f3696cb685a80e,1791424971,0,,,,,0,0
76262f7f7d5550bdd7b38131,1791424971,1,0001193125-26-404006,8.01,1790606813,0.2813888888888889,0,1
7626980b07deb5a6c738080a,1791424971,0,,,,,0,0
7626cb8f95e6224cbbb4af6a,1791424971,1,0001170010-26-000102,"2.02,9.01",1790679630,3.5,1,0
7629c6d569594f4d4065391c,1791511133,0,,,,,0,0
762e3f721ea4a720a80e3cdf,1791424971,0,,,,,0,0
762e6caf2a950c3bb95e84eb,1791424971,0,,,,,0,0
7634bbc259e739617764847c,1791424971,0,,,,,0,0
764081ade2a5ecb06b66869e,1791511133,0,,,,,0,0
764350b4096fa6b5052cd1fc,1791424971,0,,,,,0,0
764427b99251c6781ffc83d5,1791424971,0,,,,,0,0
76458a2d7f466a62ae519c41,1791511133,0,,,,,0,0
7648d4f4551535b9043282f4,1791424971,0,,,,,0,0
7652d9f90698230eab15a76f,1791424971,0,,,,,0,0
7652dabd412a303ddcdd68ca,1791424971,0,,,,,0,0
7655b80ffe942761771e3271,1791424971,0,,,,,0,0
765707d5128596faf807fb14,1791424971,0,,,,,0,0
765808af7c29dc63d7c44645,1791424971,0,,,,,0,0
7662821cdfffb4be179c7a29,1791424971,0,,,,,0,0
7664e0f76e782fe8ceb7ee25,1791424971,0,,,,,0,0
766cfe411e845cfe59adaea6,1791511133,0,,,,,0,0
766f2a755a0c550171bddfd1,1791424971,1,0001104659-26-111917,"5.02,9.01",1790712114,13.0,0,1
7671c9fe598efcd266737e1a,1791424971,0,,,,,0,0
76729d07f533806be457a03f,1791511133,0,,,,,0,0
767621501e7fbd888cc1cda2,1791424971,0,,,,,0,0
76766ec194725d2302a240aa,1791424971,0,,,,,0,0
7677168e68198e4a1ca62b89,1791424971,0,,,,,0,0
767c55530998b84be42ce4ce,1791511133,0,,,,,0,0
76835038773677fa79d95991,1791511133,0,,,,,0,0
768462b223997af31940ecc6,1791424971,0,,,,,0,0
7688a5c4702e2775d28f3489,1791424971,0,,,,,0,0
769084da3ca9edb81c7aeddf,1791424971,0,,,,,0,0
7691b5d6d5cc60ea5eebc95a,1791424971,0,,,,,0,0
7692cfeb58397460344d0837,1791424971,0,,,,,0,0
769323caae923f8d118061f4,1791424971,0,,,,,0,0
76945c86e9b863a119b4a9c0,1791424971,0,,,,,0,0
7698131bfabb6b76b8642039,1791424971,0,,,,,0,0
76a11286e66121aa7b4216d5,1791511133,0,,,,,0,0
76a4b454c3184e1413b2acd3,1791424971,1,0001437749-26-031113,"2.02,9.01",1790254300,0.5,1,0
76a8763c1c2724c545781968,1791424971,0,,,,,0,0
76acfc299cdaad633e427c34,1791424971,0,,,,,0,0
76b0c67da2e687f0e9c52313,1791511133,0,,,,,0,0
76b1977749dd83177d4c7240,1791424971,0,,,,,0,0
76b565deab2fdae0054108ff,1791424971,0,,,,,0,0
76bf4334c548b4cc63dfc36d,1791511133,0,,,,,0,0
76c70b0fc87c2ca483ed7c56,1791424971,0,,,,,0,0
76c807b1e785fb2bb892aaca,1791424971,0,,,,,0,0
76ccfd9dbda6d4d96c51de54,1791511133,0,,,,,0,0
76d1501e6add103634a47ef2,1791424971,0,,,,,0,0
76d1fe567bc26c793cc2d347,1791424971,0,,,,,0,0
76d3577ad4500f59016e53bc,1791424971,0,,,,,0,0
76debc2a67a12e489c5c940f,1791424971,0,,,,,0,0
76e24212bfcd41fcdfa254e4,1791511133,0,,,,,0,0
76e2bf9d0f739d9d0122749e,1791511133,0,,,,,0,0
76f9b63b1abcacd718d5e8da,1791511133,0,,,,,0,0
76fb3325759425a6a425b2fd,1791424971,0,,,,,0,0
76fb4815753aeefd97c07bf9,1791424971,0,,,,,0,0
76fc047e007820efa1ebd96c,1791424971,0,,,,,0,0
770076eef92fa40818463d5a,1791424971,0,,,,,0,0
7704cf68dbe561b88e02fcf9,1791424971,0,,,,,0,0
7706cc10cdffbe0a2f48a5e3,1791424971,0,,,,,0,0
77083d0d7dbbb1e1703dea8e,1791424971,0,,,,,0,0
7708c346c3bdb9286d65d463,1791424971,0,,,,,0,0
770b2206fefa31f35c42ed8f,1791424971,1,0000049196-26-000081,5.02,1790280322,0.5,0,1
771056eb4ac82f0545720ebe,1791424971,0,,,,,0,0
7713c263b4fef0c3574032f2,1791424971,0,,,,,0,0
77155b8950be81e327e76521,1791424971,0,,,,,0,0
7715df045e9700a3b76e4ac4,1791424971,0,,,,,0,0
7717e0b5cf032f3d1dd18167,1791424971,0,,,,,0,0
771f843ec96af93f3f200925,1791424971,0,,,,,0,0
771fda271d01431954aff4fd,1791424971,0,,,,,0,0
7721593fd7394a09dc5aa5ab,1791424971,0,,,,,0,0
7722aea776144a1cd7ed3b29,1791424971,0,,,,,0,0
772b6aaff87e4a12559121f4,1791511133,0,,,,,0,0
772c91d629c9cc442d0d638e,1791511133,0,,,,,0,0
773993b36d074d0f11817611,1791424971,0,,,,,0,0
773fc263afcd7dce3a039a1a,1791424971,0,,,,,0,0
774c61ceac292c02a7b22e94,1791424971,0,,,,,0,0
774cd2e5e05b94354b3e65c4,1791424971,0,,,,,0,0
7756c41e48a90db9c4029500,1791424971,0,,,,,0,0
77581d79a8d1a0a20330ee42,1791424971,0,,,,,0,0
776126464323d0a093049b72,1791424971,0,,,,,0,0
776261ce3923f1d3a27ae94b,1791424971,0,,,,,0,0
776332ff7f2193825cec967e,1791424971,1,0001562762-26-000117,"5.07,9.01",1790971212,0.5,0,0
77639412c0cdecd1deb5eef1,1791424971,0,,,,,0,0
7764e80492d2e6c3a9243936,1791511133,0,,,,,0,0
776c258f46ba112411822f36,1791424971,0,,,,,0,0
776e7165b0c3e12f358c32c2,1791424971,0,,,,,0,0
7772cf5be6e2b35ca687d5e9,1791424971,0,,,,,0,0
777383850dad512e063d1a98,1791511133,0,,,,,0,0
77801f8212bce5533abdeb81,1791424971,0,,,,,0,0
77826f655ca568c4a195af65,1791424971,0,,,,,0,0
77848264fc31b46e54b8cb20,1791424971,0,,,,,0,0
7784d52ff3fb1ce74241cac1,1791424971,0,,,,,0,0
778ad89a6ff608fcaa3e878f,1791424971,0,,,,,0,0
7792eeb48b1923d24cb27702,1791424971,0,,,,,0,0
77933da951d5bdc961d8c662,1791424971,0,,,,,0,0
77936aa31a94f60bf26757ae,1791424971,0,,,,,0,0
77970bbf380e2b136b5fe360,1791424971,0,,,,,0,0
779dfcb08c035e396aed38ab,1791424971,0,,,,,0,0
779f0426ecb3db4cba285220,1791424971,0,,,,,0,0
77a18e22ad5d53bf128001c7,1791424971,0,,,,,0,0
77a1db900b1800a31ca7085a,1791511133,0,,,,,0,0
77a808a2aa6318c43bad934c,1791424971,0,,,,,0,0
77a936ecf8a734786262ce2c,1791424971,0,,,,,0,0
77ab3efcb5aa272cb6567795,1791424971,0,,,,,0,0
77ae181289cc1624fa966630,1791424971,0,,,,,0,0
77b5e0927595dab4dc31057c,1791511133,0,,,,,0,0
77b6f07a9cbce0e7f2a7f65a,1791424971,0,,,,,0,0
77c5c580782f8a87daa4da9a,1791424971,0,,,,,0,0
77c6e592bd81a88c1d93da37,1791424971,0,,,,,0,0
77d0b69843b562e89ee80398,1791424971,0,,,,,0,0
77d26f5dfd722f693eed1872,1791424971,0,,,,,0,0
77d540b473379fab9342b863,1791424971,0,,,,,0,0
77d72469853cbdeb1245714c,1791424971,0,,,,,0,0
77db7bd7a9990691468e0bd6,1791424971,1,0001193125-26-393065,"8.01,9.01",1789589173,1.5,0,1
77e16694d7d23d0e120e892e,1791424971,0,,,,,0,0
77e5cc19f2ed8fcaf4aef0df,1791511133,0,,,,,0,0
77ed7286a8ebcf7a1284cc13,1791511133,1,0001104659-26-114220,9.01,1791378015,3.5,0,0
77ef774aad9a600f61ef4875,1791424971,0,,,,,0,0
77f13431cbf6e6b8c18acb60,1791424971,0,,,,,0,0
77f922e3cec9bb7690a7e17d,1791424971,0,,,,,0,0
77fb523c5b5a79601609c80e,1791424971,1,0001193125-26-365046,7.01,1787686349,0.04138888888888889,0,1
7804927c4805840d2a9fac79,1791424971,0,,,,,0,0
7805b55be62519393ed9f29c,1791424971,0,,,,,0,0
78068aae9aadfa6cd2cc9a9b,1791427778,0,,,,,0,0
780e002b226928e6c3809ad0,1791424971,0,,,,,0,0
78108c2ebcf5dbd40f969fdf,1791511133,0,,,,,0,0
7816c1a6a2d9b306910cf4d6,1791424971,0,,,,,0,0
781b64e636c0d1be548c4481,1791424971,0,,,,,0,0
781e368fe9f65aab4b64d048,1791424971,0,,,,,0,0
781f1f91f94453f7cca7d1c6,1791424971,0,,,,,0,0
78225d5e1e2dc3068cf4bf6a,1791424971,0,,,,,0,0
782700ceabe7263617dad644,1791424971,0,,,,,0,0
782e650aecbae7cd7979083f,1791511133,0,,,,,0,0
7843215866e620840022486b,1791424971,0,,,,,0,0
7843f063747a4328ad934a59,1791424971,0,,,,,0,0
7848ff195dc9f5840b3f3780,1791424971,0,,,,,0,0
7849137faccfe99bc44c8259,1791424971,0,,,,,0,0
785b083efbcb1a258176809e,1791424971,0,,,,,0,0
7868ad1007db15c739f01dac,1791511133,0,,,,,0,0
786ebcdcb5f4f2fdf4cfc1d6,1791424971,0,,,,,0,0
7880f5f79d2213466f0c2416,1791511133,0,,,,,0,0
788e036c39ff1c833f479c00,1791424971,0,,,,,0,0
789128b5f25656417b68210c,1791424971,0,,,,,0,0
7895a3b5ea3216f5cb295a78,1791424971,0,,,,,0,0
78985298e240e8c343d4c92c,1791424971,0,,,,,0,0
7899a6456228e391589e1729,1791424971,0,,,,,0,0
789a9be9df6aa10ec64cfd2b,1791424971,0,,,,,0,0
789b4775e446677bf821126c,1791424971,0,,,,,0,0
78a5c66cb7c0d7aa0873c202,1791424971,1,0001049521-26-000073,"1.01,7.01,9.01",1789560327,3.5,0,1
78a622d19f2624515e7e9e3a,1791424971,0,,,,,0,0
78aa6b2eb3e7277249f09796,1791424971,0,,,,,0,0
78bb6b9366bbedc7da30fc0f,1791424971,0,,,,,0,0
78bc28842a5fc763b13f5f47,1791424971,0,,,,,0,0
78bcd33a7702697960722847,1791424971,0,,,,,0,0
78bd3dbbd2e0c12bedb1a29b,1791424971,0,,,,,0,0
78bd8c98919cf2d8c41f10cf,1791424971,0,,,,,0,0
78c4dedbbcca81f7d1645f55,1791424971,0,,,,,0,0
78c9589c9b3bcc4e9c4edd43,1791424971,1,0001104659-26-112847,"5.02,9.01",1790886647,0.5,0,1
78cc58f87a38ecc0c3f876d0,1791424971,0,,,,,0,0
78cebf43809af3d63a51b23e,1791424971,0,,,,,0,0
78d03b25d043ef4e9450dc6f,1791424971,0,,,,,0,0
78d068569dbd08d6d1b74cdb,1791424971,0,,,,,0,0
78d0e4980cc94d1e9d406c17,1791424971,0,,,,,0,0
78d30eccb971a1baa56ff5ea,1791424971,0,,,,,0,0
78d460829a34452bb2eca35c,1791424971,0,,,,,0,0
78deba846cea604deccd6fb9,1791424971,0,,,,,0,0
78e1de2abf9a873b1d026a4c,1791424971,0,,,,,0,0
78e41d75c062c02e293ff605,1791424971,0,,,,,0,0
78f31ab09cc8c1af918d224f,1791424971,0,,,,,0,0
78f58c447419d5e9a83543be,1791511133,0,,,,,0,0
79003dc8bca221edade4c04f,1791424971,0,,,,,0,0
790186aa74c0a00f1e27153f,1791424971,0,,,,,0,0
79081465c7efc7d4cbf061d7,1791424971,0,,,,,0,0
790aeb4cd1586f1343dcb7bc,1791511133,0,,,,,0,0
7910ec19f596c52f05982b87,1791424971,0,,,,,0,0
79110b8b01caced46bca776c,1791424971,1,0001104659-26-108285,"8.01,9.01",1789590990,13.0,0,1
7916f53fe48f4b8f9d07b901,1791424971,0,,,,,0,0
791a7733655f47b92f25c844,1791424971,0,,,,,0,0
7925e06e3dbcafc021cbbb69,1791424971,0,,,,,0,0
792e1280d302b1aac8476aeb,1791424971,0,,,,,0,0
792fcdf0f44cd7f81b8c313d,1791424971,0,,,,,0,0
7934301ab37215e5c9363dd1,1791424971,0,,,,,0,0
79347afc1467103f1555887f,1791424971,0,,,,,0,0
7934f09528b2b3114cb47566,1791424971,0,,,,,0,0
79373aaad90e7ed3563e0b64,1791424971,0,,,,,0,0
7938c585e256780a2b9baa3e,1791424971,0,,,,,0,0
79460de9ebc14c7d0d6976c5,1791424971,0,,,,,0,0
7948fe29b1a87a18f2743798,1791424971,0,,,,,0,0
794fe91675b395e521a67db2,1791424971,0,,,,,0,0
79544cd8a2047ccacb913e4c,1791511133,0,,,,,0,0
795ccbaea1e540b5844cc65d,1791424971,0,,,,,0,0
795ccc365568ad5879038cd8,1791424971,0,,,,,0,0
796bc65c954eedce60d79e88,1791424971,0,,,,,0,0
796d8c664f718b0072382bc5,1791424971,0,,,,,0,0
7972466f3914633666228cf7,1791424971,0,,,,,0,0
797325d191ac7ebcc1962b78,1791424971,0,,,,,0,0
79736c22d26595b41edc5f14,1791424971,0,,,,,0,0
7974171101d27a522056a219,1791424971,0,,,,,0,0
797593baa194d3cd429bb176,1791424971,0,,,,,0,0
7976060b0469c79ef2ae65ad,1791424971,0,,,,,0,0
797a360bcfed696d1c78d19a,1791511133,0,,,,,0,0
797eea6db26e47e6d5321cac,1791424971,0,,,,,0,0
797ff73499c9279bb0a78b8b,1791424971,0,,,,,0,0
7980ee1a52288e801e0dca73,1791424971,0,,,,,0,0
79832ff0f2d5bda8a8382b5d,1791424971,0,,,,,0,0
798f48d69a7f79862ea30505,1791424971,0,,,,,0,0
7996b9cd97754feab400f24c,1791424971,0,,,,,0,0
799c004a7bbb24fe579696fc,1791424971,0,,,,,0,0
799c69fe88ee027b88824c9e,1791424971,0,,,,,0,0
799e9dbaf4b7eb9ad8ff1a14,1791424971,0,,,,,0,0
79a072addcab926a4d1d12fc,1791424971,0,,,,,0,0
79a1ebb183265189761aad07,1791424971,0,,,,,0,0
79a2ed4219da43a6404867fd,1791424971,0,,,,,0,0
79a8ded0ad066b06180c05e7,1791511133,0,,,,,0,0
79aaa82ac49f07f8e535ae5a,1791424971,0,,,,,0,0
79aab5922391b63296725a3f,1791511133,0,,,,,0,0
79ac5dabf11bfa267467942d,1791511133,0,,,,,0,0
79b1cbc2c3b8a9279354b997,1791424971,1,0000950142-26-002493,"5.02,7.01,9.01",1788466542,7.0,0,1
79b82a326dbf22b42fabb0b1,1791424971,0,,,,,0,0
79bf157abbf0acea982348df,1791424971,0,,,,,0,0
79c5783841605febaeb8da25,1791424971,0,,,,,0,0
79c8be0f6a6275f46ac91491,1791424971,0,,,,,0,0
79d669ef5c8f0af6b59c3df0,1791424971,0,,,,,0,0
79d9a607e60b72e2150b555b,1791424971,0,,,,,0,0
79dc6265e9ecc8b79be735c2,1791424971,0,,,,,0,0
79e171ff5c749dbe4ae87c5b,1791511133,1,0001104659-26-114388,"1.01,9.01",1791405935,11.0,0,1
79e894af9ae5610a79e79a17,1791511133,0,,,,,0,0
79e94589aa7081f1a90ed508,1791424971,0,,,,,0,0
79ecdf768b08e939fab13e9e,1791424971,0,,,,,0,0
79eeef9e9f6ad6af2ade8356,1791424971,0,,,,,0,0
79f12ccccc4063e54aa2ae5d,1791511133,0,,,,,0,0
79f24bad06504e7ac010bb05,1791424971,0,,,,,0,0
79fb6f2facaf58a38d07bbfc,1791424971,0,,,,,0,0
79fd98fb28732ba4b6492ed7,1791511133,0,,,,,0,0
7a01c900c7e1402e057334d9,1791424971,0,,,,,0,0
7a0266a8d011aa15538bb7a2,1791424971,0,,,,,0,0
7a05c63167dd0d994bf3cd51,1791424971,0,,,,,0,0
7a0699473456dcfe5d2473ea,1791424971,0,,,,,0,0
7a06be59bd63195416526dc8,1791424971,0,,,,,0,0
7a09551a5fe0761b363e4319,1791424971,0,,,,,0,0
7a09c4b186dce16758a7659e,1791424971,0,,,,,0,0
7a0df52d6519f1c97da1dd23,1791424971,0,,,,,0,0
7a0e58609ee1c7b9878e76b4,1791424971,0,,,,,0,0
7a10ad694b4b8b923dab4811,1791424971,0,,,,,0,0
7a11ffd244435f83360994dd,1791424971,0,,,,,0,0
7a129a039448d597d5c01b6a,1791424971,0,,,,,0,0
7a12b764576e8df119e97674,1791511133,0,,,,,0,0
7a1987e47c5f2351d7d8e100,1791424971,0,,,,,0,0
7a1cd80715f8e78922d07cca,1791424971,0,,,,,0,0
7a2038088b5ac554b34e0476,1791424971,0,,,,,0,0
7a212cdb359bb56b8b8f0f8e,1791424971,0,,,,,0,0
7a21f30a3aac517186a907fe,1791424971,0,,,,,0,0
7a235c844ae5f13345ae02c2,1791511133,0,,,,,0,0
7a2ccc742c8999b30a4d36cb,1791424971,0,,,,,0,0
7a3116de86cc8a6ff0ad56d4,1791424971,0,,,,,0,0
7a34516b9d4f53415a4ba6db,1791424971,0,,,,,0,0
7a3e17039968af4a67f8fe82,1791424971,0,,,,,0,0
7a412f926ab8f93df95ea976,1791424971,0,,,,,0,0
7a41e0b6d9f4dacb6cf6e558,1791424971,1,0000720005-26-000077,"7.01,9.01",1790195034,13.0,0,1
7a4ca76bc3c59e7c60044bac,1791424971,0,,,,,0,0
7a4d6c2b68b920c22d2400fd,1791511133,0,,,,,0,0
7a5080f569dac55dadb703e1,1791424971,1,0001515673-26-000006,8.01,1789674937,1.4269444444444443,0,1
7a5845479dd581290a9ea8f3,1791424971,0,,,,,0,0
7a58498d06e210530d796eab,1791424971,0,,,,,0,0
7a596c72f5d1e5fb508de964,1791424971,0,,,,,0,0
7a5bf8d097076f7fefc2bbae,1791424971,0,,,,,0,0
7a637f9b24c104382d47f75a,1791424971,0,,,,,0,0
7a642eebf058d20be7fe2c4e,1791424971,0,,,,,0,0
7a6a89a6d123ccbe83111674,1791424971,1,0001193125-26-404006,8.01,1790606813,1.281388888888889,0,1
7a6afd789acb352a13529fc9,1791424971,0,,,,,0,0
7a6c3b09b9beaa40fde49438,1791424971,1,0002071876-26-000221,1.01,1790371721,13.0,0,1
7a6f2d9c66a2a920f60f5c18,1791424971,0,,,,,0,0
7a72e62667b329271339e3ee,1791424971,0,,,,,0,0
7a730b8817b98401c68cb558,1791424971,0,,,,,0,0
7a754ff993c19a3bd331b0c2,1791424971,0,,,,,0,0
7a75f83341a7ff14839129a0,1791424971,0,,,,,0,0
7a7af09aec5df5e9cc16590d,1791424971,0,,,,,0,0
7a7b96115501ea6533eb1e11,1791424971,0,,,,,0,0
7a801079d9b98df89d7333fa,1791424971,0,,,,,0,0
7a8354f14f30ce8e8277d327,1791424971,0,,,,,0,0
7a8879e8cc7441561a335926,1791511133,0,,,,,0,0
7a8a3eb2b7d84427001bc6ab,1791424971,0,,,,,0,0
7a92061235b1432befa9dd4b,1791424971,0,,,,,0,0
7a92c03c57f5fcdb03ba8088,1791511133,1,0001628280-26-065383,5.02,1791457220,8.0,0,1
7a9f835a3ea736bed0b65880,1791424971,0,,,,,0,0
7aa0ae644ea1001f45393842,1791511133,0,,,,,0,0
7aa2bb0b8ee8458b1fe3fc56,1791511133,0,,,,,0,0
7aa4a74d2e2ca353a91d50ea,1791424971,0,,,,,0,0
7aad78eee2efcb388e8645be,1791424971,0,,,,,0,0
7aafc002ff8c8adb888eaeac,1791424971,0,,,,,0,0
7ab4743a67f54a7525000e3b,1791424971,0,,,,,0,0
7ac17bdf88cb8a3e2f566f8f,1791424971,0,,,,,0,0
7ac67a93d3b894bf7082d4ba,1791424971,0,,,,,0,0
7ac69793a3459db77d225800,1791424971,0,,,,,0,0
7aca3f7a5e3051e4c2802822,1791511133,0,,,,,0,0
7acbb52fdda87b5a82eb517f,1791424971,0,,,,,0,0
7ad351c0583bbfd0e7df7284,1791424971,0,,,,,0,0
7aebd088f17d1d6104147921,1791424971,0,,,,,0,0
7aec6177f54c4532828d0f26,1791424971,0,,,,,0,0
7aecc68956c866831e1aaa59,1791424971,0,,,,,0,0
7af094e0300c9ab3491d9f99,1791511133,0,,,,,0,0
7af6e3a0beadb835d945fc32,1791424971,0,,,,,0,0
7affc33390ca9d47b639bc09,1791424971,0,,,,,0,0
7b01d275dc683956a598e306,1791424971,0,,,,,0,0
7b266bb10ee1382368f1148b,1791424971,1,0001628280-26-063890,"2.02,9.01",1790767936,0.5,1,0
7b28d26081d05b661fa56e2c,1791424971,0,,,,,0,0
7b2d5f90e184ec6cb32711b8,1791424971,0,,,,,0,0
7b2d79cbfd397ae6d2f95014,1791424971,0,,,,,0,0
7b358ff540cc4ddc38363814,1791424971,0,,,,,0,0
7b370e31a4d04fe8b9e57c12,1791424971,0,,,,,0,0
7b372e24434ae1fe6b330be4,1791424971,0,,,,,0,0
7b4e37bf5e03a7d0fb2440ae,1791427778,0,,,,,0,0
7b56ae2c1fae3edd041872de,1791424971,0,,,,,0,0
7b5b5f21014f4ed8375aae43,1791424971,0,,,,,0,0
7b5bddf0a765c06ad38cfbcb,1791511133,0,,,,,0,0
7b5f5fedf7fa9e321b0541a2,1791424971,1,0001437749-26-031113,"2.02,9.01",1790254300,1.5,1,0
7b6f94499c36d7eee689fc0d,1791424971,0,,,,,0,0
7b74e09d119bb9d902f5ad53,1791424971,0,,,,,0,0
7b785f5e498dc92d003cfa4c,1791424971,0,,,,,0,0
7b7a198cc4b71a0ed38ce609,1791424971,0,,,,,0,0
7b7c94215ae33d099e52b438,1791424971,1,0001140361-26-035406,"2.02,9.01",1788347144,0.5,1,0
7b7cb4917037ce63bf446fdd,1791424971,0,,,,,0,0
7b832c2df47a37e08b2fcef3,1791424971,0,,,,,0,0
7b83a081ad37d350da5ac29e,1791424971,0,,,,,0,0
7b868295b598d3b005dba6c7,1791424971,0,,,,,0,0
7b8e38f94ec328799a48647b,1791424971,0,,,,,0,0
7b8f2f105c3361cefd4709ec,1791424971,0,,,,,0,0
7b9032e94ec068377260a7d5,1791424971,0,,,,,0,0
7b9364cfd30048e3030d62b6,1791424971,0,,,,,0,0
7b95ea809f9c98a16a78896f,1791424971,1,0000920522-26-000027,"1.01,2.03",1790366780,0.5,0,1
7b9eeba5d92067d31ea3c060,1791424971,0,,,,,0,0
7ba14f27a1f1c2d61be4275a,1791424971,0,,,,,0,0
7ba3cf1641e46acb0fa71d49,1791424971,0,,,,,0,0
7ba77f1524b3584c1ff4c82e,1791424971,0,,,,,0,0
7bb04bcdebd4965cb3b3b681,1791424971,0,,,,,0,0
7bb1035c356ffab4a07f8f48,1791424971,0,,,,,0,0
7bb4bffe7986613e9c399667,1791424971,0,,,,,0,0
7bb818dd13b89c66e3a5b4f7,1791424971,0,,,,,0,0
7bb8890a2b0ad7522f0a7e0e,1791424971,0,,,,,0,0
7bc2c66c8ff7db85d035abdf,1791511133,0,,,,,0,0
7bc36c357de2db24b800138d,1791424971,0,,,,,0,0
7bc48b42a02f783951e0a36c,1791424971,0,,,,,0,0
7bc7b44ff3ca3e9872e9a448,1791424971,0,,,,,0,0
7bc7ff78775180748c7fa6ae,1791424971,0,,,,,0,0
7bcbbae50b02f1b50f9742d4,1791424971,1,0001193125-26-409787,"1.01,2.01,2.03,7.01,9.01",1790852398,8.0,0,1
7bd15f709a11133b6d6ea065,1791424971,0,,,,,0,0
7bd32f13f3d87cc5c24c1cf4,1791424971,0,,,,,0,0
7bd3d1f9465e85a9d1fd4c61,1791427778,0,,,,,0,0
7bd57f6dcf644d456c117584,1791424971,0,,,,,0,0
7bdd2bf6dde86c81c66a218a,1791511133,0,,,,,0,0
7bde684614d87bccc4585501,1791511133,0,,,,,0,0
7be458aca3346cbd581e1622,1791424971,0,,,,,0,0
7beb1acfd1df5f81679b9889,1791424971,0,,,,,0,0
7beb6254ed81bc32f1ae08ab,1791424971,0,,,,,0,0
7becfbe2ea101d6d4dc1b35b,1791511133,0,,,,,0,0
7bf9b8d1384c109d90a2ea6f,1791424971,0,,,,,0,0
7bfef96f4b5bece22d4228d5,1791424971,0,,,,,0,0
7c016ece2245550059f5e102,1791424971,0,,,,,0,0
7c034f86bfcd3c47e2885b69,1791424971,0,,,,,0,0
7c05d7283e0c2defaf53b37e,1791424971,0,,,,,0,0
7c05ea84e9d04bdb31d86803,1791424971,0,,,,,0,0
7c06d173593d9028e9e41945,1791424971,1,0001193125-26-357758,"2.01,3.01,3.03,5.01,5.02,5.03,9.01",1787222033,7.0,0,1
7c0d431bbf233e1cee713cc5,1791424971,0,,,,,0,0
7c1b234db2d95486df0eac5b,1791424971,0,,,,,0,0
7c29315741a2911477efb5f9,1791424971,0,,,,,0,0
7c3cbd4f9e141b35fa77ce19,1791424971,0,,,,,0,0
7c3e8af1e781ec6565fa44c2,1791424971,0,,,,,0,0
7c3f05a179ce5285a85550b4,1791424971,0,,,,,0,0
7c4322f6edfdd4b29b4c16a1,1791424971,0,,,,,0,0
7c437c9e8d6a025aab84da4f,1791424971,0,,,,,0,0
7c44a50f3c384d6e142e134a,1791424971,1,0000920522-26-000027,"1.01,2.03",1790366780,7.0,0,1
7c46fd768f7c6cccc3b43ef5,1791424971,0,,,,,0,0
7c47d66fbbf39d3013a83e71,1791511133,0,,,,,0,0
7c5047fa529dee0d68bae5eb,1791424971,0,,,,,0,0
7c54b11bc0342bc274ba95fb,1791424971,0,,,,,0,0
7c554cb1461f1ca07ebd0037,1791424971,0,,,,,0,0
7c5f7a720b695c58222834f9,1791424971,0,,,,,0,0
7c60c490831195303c000417,1791424971,0,,,,,0,0
7c625c1a756280dd555d663e,1791424971,0,,,,,0,0
7c63ba4f6d96ceedf6d8e049,1791424971,0,,,,,0,0
7c6557f26fb7c7a8170f1ebe,1791424971,0,,,,,0,0
7c66700966dbac09ecf75103,1791424971,0,,,,,0,0
7c68048d0a8180b295f555db,1791424971,0,,,,,0,0
7c6cf3693f832560ea301f9c,1791424971,0,,,,,0,0
7c6f8578d4e29bf22d459f3e,1791424971,0,,,,,0,0
7c705fba55ca591193973584,1791424971,0,,,,,0,0
7c731f66c996618a4e2a6ee4,1791424971,0,,,,,0,0
7c764d59cc36700a71460b67,1791424971,0,,,,,0,0
7c7752b2090452b6db9e3371,1791424971,0,,,,,0,0
7c78c4d50ac192d4e4628a7c,1791424971,0,,,,,0,0
7c7dd598278f857ee286cbe7,1791424971,0,,,,,0,0
7c89e4f7af609eb0f4c503b5,1791424971,0,,,,,0,0
7c8f8b7b02ce11055cdf35ec,1791511133,1,0001628280-26-065252,"5.02,9.01",1791319479,4.5,0,1
7c9e712fe05f517856c84d6b,1791424971,0,,,,,0,0
7ca2b13e8082a7fcb3d04350,1791424971,0,,,,,0,0
7ca32c53f3f94d0d6a93f3c7,1791424971,0,,,,,0,0
7cace0deac6fc98e9fddae58,1791424971,0,,,,,0,0
7cb0fb6476ec362401b5f893,1791424971,0,,,,,0,0
7cb82d7a25d051713081f172,1791511133,0,,,,,0,0
7cb9da230ca77c5169a37cff,1791424971,0,,,,,0,0
7cba7c872673c7460ca2ce58,1791511133,0,,,,,0,0
7cc152580b79cb24e45d6b62,1791424971,0,,,,,0,0
7cc3509ea3714338a944c922,1791424971,0,,,,,0,0
7cc68a3f5f8135bf7fb15b4b,1791511133,0,,,,,0,0
7cc8d66d03030d47d92d3d2d,1791424971,0,,,,,0,0
7ccca9d2ba10fef01f4764f1,1791424971,0,,,,,0,0
7cd2de32f83d121b8d40792d,1791424971,0,,,,,0,0
7cd63b7b8cc4c37c83e9bc1e,1791424971,0,,,,,0,0
7cd7e56f716c8d2a21795583,1791424971,0,,,,,0,0
7cd8a8a32dc31300cddf7732,1791511133,0,,,,,0,0
7cdf26710748f65ae1c3817f,1791511133,0,,,,,0,0
7ce0aaf4269aeaea72face22,1791424971,0,,,,,0,0
7ce75dffec4520ccf0fc196f,1791424971,0,,,,,0,0
7ce7ff5b25a30659d36fd7cb,1791424971,0,,,,,0,0
7cf9372c6354da70d5e0355c,1791424971,1,0000109198-26-000051,5.02,1789662111,9.864166666666666,0,1
7cfe3549dd2c4f8051f0dcce,1791424971,0,,,,,0,0
7d06a843f9c3d2daaa47c329,1791424971,0,,,,,0,0
7d0c938c3817b4fd1868fa0f,1791424971,1,0001193125-26-385256,"5.02,7.01,9.01",1788899426,5.5,0,1
7d12fc2be93d69f0204325fc,1791424971,0,,,,,0,0
7d15e3cf2932390784d6b535,1791424971,0,,,,,0,0
7d1b1a66c5d4d0eb5d9c1154,1791424971,0,,,,,0,0
7d1c4e6796352cb2d3b1a766,1791424971,0,,,,,0,0
7d1dd924157e63808ea75cf4,1791424971,0,,,,,0,0
7d2532e6957d2930fcd5b9a2,1791424971,0,,,,,0,0
7d290d83b63c8ce6978fb699,1791424971,0,,,,,0,0
7d351056b11229b4e1fa3fd6,1791511133,1,0001628280-26-065252,"5.02,9.01",1791319479,2.5,0,1
7d385cbf813d9166da84c462,1791424971,0,,,,,0,0
7d3ea64f5e1feb1d6a516d3e,1791424971,0,,,,,0,0
7d3f8565e6534da9646d4d96,1791424971,1,0001883685-26-000034,"4.01,9.01",1790366841,0.5,0,1
7d4415a0ee9e255855725682,1791424971,0,,,,,0,0
7d46a1cc63d13e2668b54a91,1791424971,0,,,,,0,0
7d4b3cdad2e5b6ab14885b64,1791424971,0,,,,,0,0
7d55ec934583079f7199f984,1791424971,0,,,,,0,0
7d5e902fcbd122f9b3e36f9a,1791424971,0,,,,,0,0
7d5f60d18bb6692e81aacb86,1791424971,1,0001889539-26-000152,5.07,1789677897,8.0,0,0
7d60199a52327854ab672c4e,1791424971,0,,,,,0,0
7d685b2191e30cc3947c74bf,1791424971,0,,,,,0,0
7d6b313808719e68fd18d76f,1791424971,0,,,,,0,0
7d6c7e5b250716ea72172e09,1791424971,0,,,,,0,0
7d6eb3626b4f312d2c1897ed,1791424971,0,,,,,0,0
7d6fec9a0f008b7e84547d2c,1791424971,0,,,,,0,0
7d72083d4fe2d6b89ffb37e3,1791424971,0,,,,,0,0
7d7343446bbe6c20de48a316,1791424971,0,,,,,0,0
7d740fd7f9eade2f0e86bd02,1791424971,0,,,,,0,0
7d7b7b8e10b58d4443900e9e,1791424971,0,,,,,0,0
7d7d298f8d08e5f96472b7ed,1791424971,0,,,,,0,0
7d7de597268f86b054e99ecb,1791424971,0,,,,,0,0
7d8207192659e5b37307b764,1791424971,0,,,,,0,0
7d84a9fde02400f36117e130,1791424971,0,,,,,0,0
7d87ba27fff21958268d38bb,1791424971,0,,,,,0,0
7d8c6167a6256aa6ea1b6a19,1791511133,0,,,,,0,0
7d8de65e888ff6241eab314b,1791424971,0,,,,,0,0
7d8e09694d9eeab824a15349,1791424971,0,,,,,0,0
7d8f9b59b1ddd5e4fa07ce76,1791424971,0,,,,,0,0
7d903c5b56e5dd02773629e8,1791424971,0,,,,,0,0
7d90dfc9f41a6ccd6a40b1b8,1791511133,0,,,,,0,0
7d9c26f0e03392788f86ccc3,1791424971,0,,,,,0,0
7da1b2eac7b8729fa9c5bf17,1791424971,0,,,,,0,0
7daa63209f9bb24d63673ec2,1791424971,0,,,,,0,0
7dac496f7c2117c934a8d3c0,1791424971,0,,,,,0,0
7dad5cda65f7a566218b67ef,1791424971,0,,,,,0,0
7daf7773763e0c1a130873e2,1791424971,0,,,,,0,0
7db3f1d616c053fbe4da9063,1791424971,0,,,,,0,0
7db3f79077d36ecc532fa0c6,1791424971,0,,,,,0,0
7db40ccff0f20a76b72b30d1,1791424971,0,,,,,0,0
7db9263b5f0f6a062ce01eca,1791424971,0,,,,,0,0
7db95a644337dca696a034e6,1791424971,0,,,,,0,0
7dbdb1551281debf82742eb4,1791424971,0,,,,,0,0
7dbe5c58878671e5fb132d8a,1791511133,0,,,,,0,0
7dc1242ebef84c3d2bf79538,1791424971,0,,,,,0,0
7dc3302790875d0d6338aee5,1791424971,0,,,,,0,0
7dc3dc3c183ebe97f82362ad,1791511133,0,,,,,0,0
7dcbdecdd3a909bf604dc524,1791424971,1,0001562762-26-000111,"2.02,9.01",1790762847,1.5,1,0
7dd2dd3addbefaaca5eee5c4,1791511133,0,,,,,0,0
7dd651f02932d0d5a6cd49ec,1791424971,1,0001193125-26-391405,"8.01,9.01",1789476709,0.5,0,1
7dd66fff74d0ff344ddcbc5b,1791424971,0,,,,,0,0
7ddba7f6d28b422f1f5804f8,1791424971,0,,,,,0,0
7ddd16303f034ff9c05d4bdc,1791424971,0,,,,,0,0
7de28e5c811e096a897cea44,1791511133,0,,,,,0,0
7de2d47f47f50abddf664720,1791424971,0,,,,,0,0
7de520433e8f777ade1e7b87,1791424971,0,,,,,0,0
7de8c070a73d9b5a8d62ad07,1791424971,0,,,,,0,0
7dec65d6ff6cd78d26dfe653,1791424971,0,,,,,0,0
7df023b7b2e7fba100c08199,1791424971,0,,,,,0,0
7df1957997d4b0a63bf87863,1791424971,0,,,,,0,0
7df617cd176d5865a1c38fb2,1791424971,0,,,,,0,0
7dfaf30a59f98b333201a5f7,1791424971,0,,,,,0,0
7e0537c133daa1fc65f94604,1791511133,0,,,,,0,0
7e0c592ddc4e7633cc9a85a5,1791424971,0,,,,,0,0
7e0fc1acb0675f17e07074ac,1791424971,0,,,,,0,0
7e12b6ffcbfe86a9c2de81e6,1791511133,0,,,,,0,0
7e142913f391199a339a20cd,1791424971,1,0002071876-26-000221,1.01,1790371721,13.0,0,1
7e185f54a54e94144ee85846,1791424971,0,,,,,0,0
7e203e3b6327879047875b3f,1791424971,0,,,,,0,0
7e22b7dee87e844844dca586,1791424971,0,,,,,0,0
7e25d9b1ba72c2c0ba66bbd7,1791424971,0,,,,,0,0
7e2840b4460f669e241934ba,1791424971,0,,,,,0,0
7e30f302849132967c53b8d6,1791424971,0,,,,,0,0
7e347bda110d5d4e61dec833,1791424971,0,,,,,0,0
7e3669f7adfc1c54662ebbfa,1791511133,0,,,,,0,0
7e37bafa332774121189e4c5,1791424971,0,,,,,0,0
7e37cd1ae5490b92f1271ad0,1791511133,0,,,,,0,0
7e3836f9b53b89f91d6364e9,1791424971,0,,,,,0,0
7e3a1bb8cb98f391ad43b190,1791424971,0,,,,,0,0
7e402b40d6d48c7b222acdb8,1791424971,0,,,,,0,0
7e423cb6f6e7a17e5e247dc1,1791424971,0,,,,,0,0
7e445eb5e2eb2e55ecaff70d,1791424971,1,0001628280-26-061011,"2.02,9.01",1788951875,0.5,1,0
7e45e475854e56098babbe71,1791424971,0,,,,,0,0
7e498fdffa74520a452bf669,1791424971,0,,,,,0,0
7e5017ed46c72a9508997da8,1791424971,0,,,,,0,0
7e55bec8155dc7ff5c661ed7,1791424971,0,,,,,0,0
7e56eef12de898ef45579b27,1791424971,0,,,,,0,0
7e5d85aba5a6d484e3645b41,1791424971,0,,,,,0,0
7e621597aa8a2849938359ef,1791424971,0,,,,,0,0
7e622662b95217c021b6b033,1791511133,0,,,,,0,0
7e6536fc33db6ba5260f40f2,1791424971,0,,,,,0,0
7e6610152ecceb83cc441858,1791424971,0,,,,,0,0
7e70b04675352cf3defca3e2,1791424971,0,,,,,0,0
7e70c0dd8a35b611ab241297,1791424971,0,,,,,0,0
7e720d7bab7837c721a9c7dc,1791424971,0,,,,,0,0
7e74381881a86747bfc40624,1791424971,0,,,,,0,0
7e75fa1a7cbabee264967b46,1791424971,0,,,,,0,0
7e76a926ffcdc19a61d43e3e,1791424971,0,,,,,0,0
7e7be8163f01dc2b91e77795,1791424971,0,,,,,0,0
7e7c8ad1497f0d49f81c7d52,1791511133,0,,,,,0,0
7e7de7bd06802f0a76a66a30,1791424971,0,,,,,0,0
7e7ff95050c983f045e87f14,1791424971,0,,,,,0,0
7e80fc9e82b4371df24f8d0d,1791424971,0,,,,,0,0
7e815d632d651653ffba2637,1791511133,0,,,,,0,0
7e8b4f9475dcb6ccdd902916,1791424971,0,,,,,0,0
7e91afca00003fc09cd1a26d,1791424971,0,,,,,0,0
7e935a6c47bea5e56a546f73,1791424971,0,,,,,0,0
7e936d74b45171d317fe2622,1791424971,0,,,,,0,0
7e9844b37efad789e895bec8,1791424971,0,,,,,0,0
7e98e14864e3c72471dd0524,1791424971,0,,,,,0,0
7e9d6b49ca78c9376b60f3b3,1791511133,0,,,,,0,0
7e9e1843fd3ab1cfb1cd7786,1791424971,0,,,,,0,0
7e9f36d874a83af17059b26d,1791424971,0,,,,,0,0
7ea452506341696b931e4aaa,1791424971,0,,,,,0,0
7ea49fa83611b461dea8a572,1791511133,0,,,,,0,0
7eb767a5fb4fcdbdfb3a6ceb,1791424971,0,,,,,0,0
7ebb57d5fee6feed1d9b34f8,1791424971,0,,,,,0,0
7ebc19d0835d5037f35ed0e0,1791424971,0,,,,,0,0
7ebec637f00e090877eec0ef,1791424971,0,,,,,0,0
7ecbd68013c68d36aa94ce71,1791511133,0,,,,,0,0
7ed06e7ab84d92d81297a242,1791424971,0,,,,,0,0
7ed0e14e9cafb95935e0ffb5,1791424971,0,,,,,0,0
7ed14a5009a7d05a5e42da32,1791511133,0,,,,,0,0
7ed16d017cd3f4ad56083f0c,1791424971,0,,,,,0,0
7ed6ef44e1af0f46865b7b94,1791424971,0,,,,,0,0
7ed88b36394373666beac291,1791424971,0,,,,,0,0
7edae15216046e2e518d8a64,1791511133,0,,,,,0,0
7edafd7211fedc46e0ef4e32,1791424971,0,,,,,0,0
7ee031150e36ab7e0ad40a6e,1791424971,0,,,,,0,0
7ee25cfd081e46a1950bf316,1791424971,0,,,,,0,0
7ee2deec4fcf37f18b5fe3b6,1791424971,0,,,,,0,0
7ee36b1df6650e66a98d3fc4,1791424971,0,,,,,0,0
7ee950fd5fb235a96d0e316c,1791424971,0,,,,,0,0
7eec718e6e727ea062f7bff2,1791424971,0,,,,,0,0
7eeef02ba876840f4abb8bf5,1791424971,0,,,,,0,0
7eef6b93f74895f1e7d75d5a,1791424971,0,,,,,0,0
7ef16df16a20e4eb15a14381,1791424971,0,,,,,0,0
7ef1ef557b7fe28da33da502,1791511133,0,,,,,0,0
7ef20145261f703051e95294,1791424971,0,,,,,0,0
7ef6fe09a7497df5b2e224cc,1791424971,0,,,,,0,0
7eff5ae455dd8f0cfa51a0ef,1791424971,0,,,,,0,0
7f109653a95092ad294a0229,1791424971,0,,,,,0,0
7f144b1421b61e92c02684e2,1791511133,0,,,,,0,0
7f1cf1911652836157e5b2d9,1791424971,0,,,,,0,0
7f24d413e57d15c1dba50082,1791511133,0,,,,,0,0
7f2799079180eafd3d63beb2,1791424971,0,,,,,0,0
7f280633760dbd7d6750c83e,1791424971,0,,,,,0,0
7f29494152b8ba496f11553f,1791424971,0,,,,,0,0
7f2ab1b8ebab75e31ed764be,1791424971,0,,,,,0,0
7f2b0cb10cce38b94ae5e9f4,1791424971,0,,,,,0,0
7f353f2af7c8eb81b3f9b7e4,1791424971,0,,,,,0,0
7f35fada6ea27c2ed5773f82,1791424971,0,,,,,0,0
7f385ace9bfe2ca875372692,1791424971,0,,,,,0,0
7f38f4ce445952e126acffad,1791424971,0,,,,,0,0
7f3eca16793b83058d6c0351,1791424971,0,,,,,0,0
7f419b5b9106a4137d028584,1791424971,0,,,,,0,0
7f4216b5327b849067bc6d36,1791424971,0,,,,,0,0
7f4729e7542f478b900ccbf0,1791424971,0,,,,,0,0
7f473365ec99d3f9247f1307,1791424971,0,,,,,0,0
7f4764b635f4c7ba75710d13,1791424971,0,,,,,0,0
7f479ac292b7c0fb83ca5d2e,1791424971,0,,,,,0,0
7f48a1f3856788f9173e581b,1791424971,0,,,,,0,0
7f4925cfc1d3f27d5a9c08b8,1791424971,0,,,,,0,0
7f4e95546939499f0138986b,1791424971,1,0001628280-26-060438,"2.02,9.01",1788466223,1.5,1,0
7f4fbd05ac59802dca3f0bf0,1791424971,1,0001193125-26-357758,"2.01,3.01,3.03,5.01,5.02,5.03,9.01",1787222033,12.0,0,1
7f5815bff9b541e67e6c508f,1791424971,0,,,,,0,0
7f5e1f27a0a894d3814ba19c,1791424971,0,,,,,0,0
7f6159257ff45cd60ece9f6c,1791424971,1,0001104659-26-112420,"8.01,9.01",1790803628,2.5,0,1
7f6174c6683290b69d28d454,1791424971,0,,,,,0,0
7f63a15888d66b8b895f0775,1791511133,0,,,,,0,0
7f6432025d924b7f534c7438,1791424971,0,,,,,0,0
7f678d814f97f7d654f1ba59,1791424971,1,0001676238-26-000039,"2.02,9.01",1788898025,0.5,1,0
7f67d32f12248ddf915bb786,1791424971,0,,,,,0,0
7f705af8deb8a585a37f8ba4,1791424971,0,,,,,0,0
7f7a78979964e2133d06c355,1791424971,0,,,,,0,0
7f7ab54d3ba514b02d18a4a8,1791424971,0,,,,,0,0
7f7cdb2bd397de0abb6b7c29,1791511133,0,,,,,0,0
7f7dc922f25e4a6e26b8a47c,1791424971,0,,,,,0,0
7f8099e56c4c78cbbce9d0ae,1791424971,0,,,,,0,0
7f8b9301b7128b7b326c6f35,1791424971,0,,,,,0,0
7f8ba7e9a01845ff1a1bf29a,1791424971,0,,,,,0,0
7f8cca240c20838c71cc92da,1791424971,0,,,,,0,0
7f9e69bbef758cc5ca2e045d,1791424971,0,,,,,0,0
7fa138c3ce548335056ef21d,1791424971,0,,,,,0,0
7fa38ef00dc75ac3cfc16d04,1791511133,0,,,,,0,0
7fa47632e028c598ea51c91e,1791424971,0,,,,,0,0
7fa6ab20556ae4910cfe5e9f,1791424971,0,,,,,0,0
7fa965afda731ff0dfdb257c,1791424971,0,,,,,0,0
7fa9697d072a2ff50a57733c,1791424971,0,,,,,0,0
7fac2e167f02ab1fcfc50515,1791511133,0,,,,,0,0
7fac33adff50cbf67bbb8aed,1791511133,0,,,,,0,0
7fac9980ccee95f461921fb1,1791424971,0,,,,,0,0
7fb4177e256c98d2694326c9,1791424971,1,0000950157-26-001058,"1.01,8.01",1790946977,0.5,0,1
7fb4f2b5a2a6cbb7ae782edf,1791424971,0,,,,,0,0
7fc744477f7a178d1cdb19f6,1791424971,1,0001104659-26-112420,"8.01,9.01",1790803628,1.5,0,1
7fc7b8264077d4d3c14857f3,1791424971,0,,,,,0,0
7fc7f5b33b047519cb5b061b,1791424971,0,,,,,0,0
7fcc1bf0ba35b1a4b267f487,1791511133,1,0000950103-26-015293,8.01,1791321723,7.0,0,1
7fcd4bd0cca7e77e9a081a88,1791424971,0,,,,,0,0
7fd0d06f959fc77819d730e6,1791424971,0,,,,,0,0
7fd1e70f3df18a693b95fc45,1791424971,0,,,,,0,0
7fd2cd4acdf6e136f124c937,1791424971,0,,,,,0,0
7fd53b519f902a65b7629172,1791424971,1,0001140361-26-033932,"1.02,2.01,3.01,3.03,5.01,5.02,5.03,9.01",1787265652,7.0,0,1
7fd84f60645494b9f8afb01a,1791424971,0,,,,,0,0
7fd8810a684a3fba6ab1acac,1791424971,0,,,,,0,0
7fd8b107b550e08c870d2382,1791424971,0,,,,,0,0
7fde02c8c411cfc84c2d3f29,1791424971,0,,,,,0,0
7fe04bdc7026ffef0fb44638,1791424971,0,,,,,0,0
7fe8d8aeecf57ce6307a8039,1791424971,0,,,,,0,0
7febec2fbb453831e8551c1e,1791424971,1,0001193125-26-388699,"8.01,9.01",1789132480,4.5,0,1
7fec8a58806447ca00c4e7fb,1791424971,0,,,,,0,0
7feec8f1e801ee8c1780a7e6,1791424971,0,,,,,0,0
7ff2ee481594fa65024cb489,1791424971,0,,,,,0,0
7ff9484f4cb158b0f937ff0f,1791424971,0,,,,,0,0
7ffadc26de27612a729ef5d1,1791424971,0,,,,,0,0
80022f33fb374e175c6cd1a1,1791424971,0,,,,,0,0
800c517977656f1a3fe8a90c,1791424971,0,,,,,0,0
8019cf75ecf9da71b0322e38,1791424971,0,,,,,0,0
80234426a40e206a2ffc393e,1791424971,0,,,,,0,0
80284d6ffadb7564397f0623,1791424971,0,,,,,0,0
802aae03431114e23c47bc83,1791424971,0,,,,,0,0
803290517110d6ebda3e7a9d,1791424971,0,,,,,0,0
8032e679a6d5bfaadf136152,1791424971,0,,,,,0,0
8033ed8850a8ac3ec32c1d68,1791511133,0,,,,,0,0
8038ae05dc964c2136ff4fab,1791424971,0,,,,,0,0
803af06f89e4696fc04bc92c,1791424971,1,0001728951-26-000064,"7.01,9.01",1789590971,8.0,0,1
803cd5538517fd58c220a1cc,1791424971,0,,,,,0,0
803ce8cdcb083e1b41909a25,1791424971,0,,,,,0,0
803d9a0c73ca310dcfa517fc,1791424971,0,,,,,0,0
803f8a8db5f593a401fbdf13,1791511133,0,,,,,0,0
8047935584c6b5a2188118d8,1791424971,0,,,,,0,0
8053d1fc1a42ec1a6b47698b,1791424971,0,,,,,0,0
80547f64708d9486399c8582,1791424971,0,,,,,0,0
80595defc74b5a74261cf195,1791424971,0,,,,,0,0
8059a8aa8a58475ffaf7aa90,1791424971,0,,,,,0,0
805cd2a247804d1acb677719,1791424971,0,,,,,0,0
8060969c2391717b0f90cbfe,1791424971,0,,,,,0,0
806c24e03525a2aa3e5b73d2,1791511133,0,,,,,0,0
807232faafb8c88250e4c329,1791424971,0,,,,,0,0
80759230a505e5466835dc79,1791424971,0,,,,,0,0
807759dda7dd2312d1e96285,1791424971,1,0000940944-26-000035,5.07,1790284832,6.5,0,0
807f40d58c6798d6d17cf0f0,1791424971,1,0001428205-26-000111,"8.01,9.01",1790885992,6.5,0,1
808758e934fad391836dcbab,1791511133,0,,,,,0,0
80888bb97d6ca11e14217eab,1791424971,0,,,,,0,0
808c4f7e955a351fa14364cc,1791511133,0,,,,,0,0
808ee68b57b8cb47764b3736,1791424971,0,,,,,0,0
8099281f014bbf65b69bf214,1791511133,0,,,,,0,0
809c1212137869bb7503d3a5,1791511133,0,,,,,0,0
809fe10f608677833bd8dd83,1791424971,0,,,,,0,0
80a03163a878bede7ae5271a,1791511133,0,,,,,0,0
80a08adb8bc5f490c45c497d,1791424971,0,,,,,0,0
80a3f6b02ef5a21f7cf48773,1791424971,0,,,,,0,0
80a84ce363ebe26812e8d299,1791424971,0,,,,,0,0
80a9ee72f9e26b46fd9ba045,1791424971,0,,,,,0,0
80aaaa0c364934e74bfde5de,1791424971,0,,,,,0,0
80c29f84c9447285dc38fc97,1791424971,0,,,,,0,0
80c398b2f91220991f832b77,1791511133,0,,,,,0,0
80c3e672458465c89dcdee62,1791511133,0,,,,,0,0
80c8a51a35536709e497face,1791511133,0,,,,,0,0
80ccd5913b8f7ca0532dce0a,1791424971,0,,,,,0,0
80d36eb5e206219ecf05c005,1791424971,0,,,,,0,0
80d603fbbb65a9577ccbf370,1791424971,0,,,,,0,0
80dc88e3a1fdb9fa947e58a0,1791511133,0,,,,,0,0
80dd301aa3a31855b706e1cf,1791511133,0,,,,,0,0
80de777b9849a6799ed11bbb,1791424971,0,,,,,0,0
80e3611b1bd63a3119a9d211,1791424971,0,,,,,0,0
80e4dbae529ffae379acd159,1791424971,0,,,,,0,0
80e4f300569989e4f2dbc5f8,1791424971,0,,,,,0,0
80ea0d20766323f88f8dae24,1791424971,0,,,,,0,0
80f03befedf173b7e5c9cda4,1791424971,0,,,,,0,0
80f9b9af13dbb9ad05534d69,1791424971,0,,,,,0,0
80fc00cf8719edb5bf8254d6,1791424971,0,,,,,0,0
810387b5b4413a4ae43ec714,1791424971,0,,,,,0,0
810654d4b018d08d324e364b,1791424971,0,,,,,0,0
8107ed168e16f74c6708802e,1791511133,0,,,,,0,0
81087c64d406f3f316fdf192,1791424971,1,0001628280-26-059271,"2.02,5.02,9.01",1787862672,0.5,1,0
811b03103b67b93968d1b4ec,1791424971,0,,,,,0,0
811f3ff3971cb9e7d215ae58,1791424971,0,,,,,0,0
8122e5bc6f4e13d561f88550,1791424971,0,,,,,0,0
8127feebe71a47faf1ed5189,1791424971,0,,,,,0,0
8128830ccbb5a5e5892936f7,1791424971,0,,,,,0,0
812ba7292789353695e81d7e,1791424971,0,,,,,0,0
812bd16ea2132d88cf4634c0,1791424971,0,,,,,0,0
812c8b02eb1120e5d21b46e1,1791424971,0,,,,,0,0
812e35dc8e656f3221610ee6,1791424971,0,,,,,0,0
8135860bec0653ad72b99729,1791511133,0,,,,,0,0
813887f45c7f2a80ec27f309,1791424971,0,,,,,0,0
8140f374bc89af4a0c162fc0,1791424971,0,,,,,0,0
8144a8664e1de90e90b98228,1791424971,0,,,,,0,0
8147507440fe7b47e7404fa3,1791424971,0,,,,,0,0
814c35f66df25e4137bd0722,1791424971,1,0001193125-26-357758,"2.01,3.01,3.03,5.01,5.02,5.03,9.01",1787222033,8.0,0,1
814ceadaf98a7d50198f5e2f,1791424971,0,,,,,0,0
81500870ec792f7d9737461c,1791511133,0,,,,,0,0
8152ef192a9ac79d737f88ce,1791511133,0,,,,,0,0
81539b9515341bb6ec286c5c,1791424971,0,,,,,0,0
81581e16689906ed859595c7,1791511133,0,,,,,0,0
815891d8e616c5e30af8c914,1791424971,1,0001628280-26-063850,"7.01,8.01,9.01",1790716525,6.5,0,1
81678b0c4edf3c5a320d78bd,1791424971,0,,,,,0,0
8169b4dd37b13a8499d456d9,1791424971,0,,,,,0,0
8169f6e1e8bc4a3cccf0fe3d,1791424971,1,0000950157-26-001036,"2.03,8.01",1790110897,0.5,0,1
816e5d2790b700d7af7a5037,1791424971,1,0001193125-26-392151,"7.01,9.01",1789507287,3.5,0,1
817458617c954612d515734b,1791511133,0,,,,,0,0
81849b388623949c12277d27,1791424971,0,,,,,0,0
818990d6186f4f01b9c42eb0,1791424971,0,,,,,0,0
818a77a925a1fdb35a91f65e,1791424971,0,,,,,0,0
818b82ff7bb3a521490aaf7d,1791424971,0,,,,,0,0
818fd725ea6f369a4b2bbb0b,1791424971,0,,,,,0,0
8192255818d06acdc7fa8595,1791511133,0,,,,,0,0
8195ebc06ac65162ee228aff,1791424971,0,,,,,0,0
819791d132c6a954c5c494d8,1791424971,0,,,,,0,0
819ae14fb1931bab5c977aeb,1791511133,0,,,,,0,0
81a497cfce4f6e0027b0f6c6,1791424971,0,,,,,0,0
81a4ffa8840ccad44cd92dce,1791511133,0,,,,,0,0
81a5d8a42fe41a39bfd5beae,1791511133,0,,,,,0,0
81afbaa2be22789aa5d349ef,1791511133,0,,,,,0,0
81b16a457cc700f72e7fd141,1791424971,0,,,,,0,0
81b1dad6eb375468520c0070,1791424971,0,,,,,0,0
81b2e0b68de26b952fb52620,1791424971,0,,,,,0,0
81be83c90ef58b5f46392c08,1791424971,0,,,,,0,0
81c746f095aebda8fc94e5cf,1791424971,0,,,,,0,0
81c799c2535c64960c2bff1c,1791511133,0,,,,,0,0
81ca35bc71af0098036ed82b,1791424971,0,,,,,0,0
81ca73e07fd13a8bbb203fc4,1791424971,0,,,,,0,0
81cc6821cf3ec5441e1e8d3c,1791424971,0,,,,,0,0
81ceb548b889f54333d1d7fe,1791424971,0,,,,,0,0
81d393dc1b8a4b16df8370ce,1791424971,0,,,,,0,0
81d77c1c2a5c351417629051,1791511133,0,,,,,0,0
81dce6141317d767421d288f,1791424971,0,,,,,0,0
81dd9b9af8add733ff4deee5,1791424971,0,,,,,0,0
81de79b50a8c2713a18107cd,1791424971,0,,,,,0,0
81e1026e02a2422a81d6ff38,1791511133,0,,,,,0,0
81e3679b0aff18356c6cb1d5,1791424971,0,,,,,0,0
81e88d17c65930272f88ee98,1791424971,0,,,,,0,0
81e8f88f34ec1939bae9f127,1791511133,0,,,,,0,0
81f38278367117a528c188cb,1791511133,0,,,,,0,0
81f6cf85273862986b2a3e18,1791424971,0,,,,,0,0
81fa4538a37913732e4195fb,1791424971,0,,,,,0,0
81fcba1f5dd86ad0c1520f48,1791424971,0,,,,,0,0
81fd75554a00d862f8c35e11,1791511133,0,,,,,0,0
8201ba6041b510516a230270,1791424971,0,,,,,0,0
82025f615f50dc01c49b28be,1791424971,0,,,,,0,0
8204316d724a17238f6bc156,1791424971,0,,,,,0,0
8204331b14717a98805edfd3,1791424971,0,,,,,0,0
82057b6e562d9248f46f2ce8,1791424971,0,,,,,0,0
82082be5eed2f3bf59cffb41,1791424971,0,,,,,0,0
82093221a11d1adbfb9bca38,1791424971,1,0000074208-26-000077,"7.01,9.01",1788985049,0.5,0,1
820b2edc38e0d5239feedd8d,1791424971,0,,,,,0,0
820d7debe05d89bbb5478352,1791424971,0,,,,,0,0
82113f2170835fdc4d289f78,1791424971,1,0001193125-26-386510,"2.02,9.01",1788985817,0.5,1,0
821224967b899efb69b57be3,1791424971,0,,,,,0,0
8215d6e69c84bdd0fee71abe,1791424971,0,,,,,0,0
822026d0ba14ad2d1b9dcde1,1791424971,0,,,,,0,0
822a9a73ba0bc4df97e36c77,1791424971,0,,,,,0,0
822fec99802dca398de09f14,1791424971,1,0001564708-26-000190,"8.01,9.01",1787874987,1.5,0,1
823054b07bc56e744890b99d,1791424971,0,,,,,0,0
82348a0a98806069ddeefe1b,1791424971,0,,,,,0,0
8235844f3f9c47bf7b2ee608,1791424971,0,,,,,0,0
8238795e05406b0a366dfef6,1791424971,0,,,,,0,0
82399a2364b6d7fe877a3a99,1791424971,0,,,,,0,0
823d058795a1f6f3d3019e62,1791424971,0,,,,,0,0
824371363b0dcc5d6f25c26e,1791424971,0,,,,,0,0
824622de8de04363d0528f15,1791424971,0,,,,,0,0
8248443ad049e94602ad014b,1791427778,0,,,,,0,0
824c7a089e8af8ee258e95e6,1791511133,0,,,,,0,0
824d790d2c19294154405512,1791424971,0,,,,,0,0
825651998f3e8b5a672bc1f1,1791424971,0,,,,,0,0
825b17fa56e3b31d75350579,1791424971,0,,,,,0,0
825e91012e06a329a0533d67,1791424971,0,,,,,0,0
825ef99d0027e268acbf0152,1791424971,0,,,,,0,0
826b62fa90acd5c8c67c093e,1791424971,0,,,,,0,0
826bd56b5465784f1a641509,1791424971,0,,,,,0,0
826e9e9954131f0eb82c50d8,1791424971,0,,,,,0,0
827d9d86e7467d256d34d48d,1791424971,0,,,,,0,0
8280d826eb5363d77483b230,1791424971,0,,,,,0,0
82835ea7fac3e3a99586c9d2,1791424971,0,,,,,0,0
8283a156eb8a22075beee8b9,1791424971,0,,,,,0,0
8295ff124149282a5df5413f,1791424971,0,,,,,0,0
82a09b7e983842fa3dc8c688,1791424971,1,0001170010-26-000102,"2.02,9.01",1790679630,3.5,1,0
82a72e4aa50b70052b4d1f0e,1791424971,0,,,,,0,0
82ae0c3b03a9d3f3358706bf,1791424971,0,,,,,0,0
82af6e9f87416f6911fa3444,1791424971,0,,,,,0,0
82af82ef8756f3c324a45471,1791511133,0,,,,,0,0
82b11da3a8bdb9979f216f4f,1791424971,0,,,,,0,0
82b127dccee2378d07910c7a,1791424971,0,,,,,0,0
82b5c7254e57c60cc7b42697,1791424971,0,,,,,0,0
82bae02bf407017891260a67,1791424971,0,,,,,0,0
82bc70747f7409ee9c871d1d,1791424971,0,,,,,0,0
82bd3b0fc42cafc0a3cf16e0,1791424971,0,,,,,0,0
82bd6fa33764f6df0c352905,1791424971,0,,,,,0,0
82be7fda1fee9f5671f78991,1791424971,0,,,,,0,0
82be8bfa63c5b39657786d4f,1791424971,0,,,,,0,0
82c3186f2b8a9f37fd2fef7b,1791511133,0,,,,,0,0
82cc1c1c3611c77c10c709d2,1791424971,0,,,,,0,0
82d060981bf48e05cec877ff,1791511133,0,,,,,0,0
82d23e9505242c1ae9b604a5,1791424971,0,,,,,0,0
82d48f48631ed2421290780d,1791424971,0,,,,,0,0
82d7cfed64d1d47281547fff,1791424971,1,0001676238-26-000039,"2.02,9.01",1788898025,6.5,1,0
82d9a1c176fb9542da8a64ad,1791424971,0,,,,,0,0
82e36f6b655f30e5c7266105,1791424971,0,,,,,0,0
82e9a6d847dcf8ddb468c7b8,1791511133,0,,,,,0,0
82e9bac9e0303fd83576faa1,1791424971,0,,,,,0,0
82ee56bec0b1f4200280d694,1791424971,0,,,,,0,0
82ef7f7dc1137166b09b27c3,1791424971,0,,,,,0,0
82f1477b8e586676cc691648,1791424971,0,,,,,0,0
82f34fb36904d30de2ed28da,1791424971,0,,,,,0,0
82f488ddb5a491ffb970a312,1791424971,0,,,,,0,0
83013f89110553be975f59c5,1791424971,0,,,,,0,0
830973348d91a80f578e61bb,1791424971,0,,,,,0,0
830c4f9424dceb71a23f6fd5,1791424971,0,,,,,0,0
830db7e9bd2806575610bd83,1791424971,0,,,,,0,0
831291f5730aa8710acafbf0,1791424971,0,,,,,0,0
8313c955fba4fe57fd24f694,1791424971,0,,,,,0,0
8313df6dfe2c6556eef4cdaa,1791424971,0,,,,,0,0
83153e359d18075b7c7bd464,1791424971,0,,,,,0,0
8319e584c9b99e3c7bcc0005,1791424971,0,,,,,0,0
831a3a1ea1369b0daeebd23c,1791424971,0,,,,,0,0
831d2ab43ed86c5ece6afeba,1791424971,0,,,,,0,0
831da696e373868ef5e04b4b,1791424971,0,,,,,0,0
831f46fb396a34629b0bb8a6,1791424971,0,,,,,0,0
831f5a30d54ba9817bb6f0ce,1791424971,0,,,,,0,0
831f98cd1462076569fd19ea,1791424971,0,,,,,0,0
832244e42317ae5dacff1d3b,1791424971,0,,,,,0,0
832382e6efbb894dcd2d12cd,1791424971,0,,,,,0,0
83239102d4a7cbbc43306155,1791511133,0,,,,,0,0
8327586747b62b855ac68250,1791424971,0,,,,,0,0
832e3c96a50da544dbf60962,1791424971,0,,,,,0,0
8334ddf12d2371ae4aa9cf8c,1791424971,0,,,,,0,0
833c8dbd47e470b03bfd397d,1791424971,0,,,,,0,0
833f9ba2ff28d595d941ba6b,1791424971,0,,,,,0,0
834f17984ace3e0c48998944,1791424971,0,,,,,0,0
834f431cf7bcdc3f7ecbdfed,1791424971,0,,,,,0,0
835080b88386035613a469a3,1791424971,1,0001564708-26-000208,"8.01,9.01",1790208173,0.5,0,1
8356600f36cd4d1870176936,1791424971,0,,,,,0,0
8357bd7e2a5007b18354bc9b,1791424971,0,,,,,0,0
8358513fe3d3b48bd5b07839,1791424971,0,,,,,0,0
8358f94f283fff0df69a0a19,1791424971,0,,,,,0,0
835dec3ff866f3e7ed5b2709,1791511133,0,,,,,0,0
835ff562445c085b613ba4ab,1791424971,0,,,,,0,0
836474eee96c074f0d2925cf,1791424971,0,,,,,0,0
8365be62be57b9259bd24781,1791424971,0,,,,,0,0
837aa6a334ee9a3227d694f6,1791424971,0,,,,,0,0
837ab0435beb9499d6d6ee58,1791424971,0,,,,,0,0
837b842147e52e5334432be2,1791427778,0,,,,,0,0
837c2c0af6b414e3033e5fff,1791424971,0,,,,,0,0
838434386e13b708d9328e2a,1791424971,0,,,,,0,0
83854c4a3c3def5b810d4711,1791424971,0,,,,,0,0
838834484896986d7f6dfc17,1791424971,0,,,,,0,0
838c6b7481bf5bcc4001eef6,1791424971,1,0001104659-26-112420,"8.01,9.01",1790803628,4.5,0,1
8395ef368c23cdf6b846fdd9,1791511133,0,,,,,0,0
8396cae56ece9e4037199fe5,1791424971,0,,,,,0,0
8396df1e7c5d221479b10188,1791424971,0,,,,,0,0
839b3731eed74058856dc25b,1791424971,0,,,,,0,0
83a106d1072e144e4679ee5c,1791424971,0,,,,,0,0
83a1cb0cd3305c83564d98bc,1791424971,0,,,,,0,0
83a379ec03aa47eb11ccebdc,1791511133,0,,,,,0,0
83a86a7d42d68b3af56dd4be,1791511133,0,,,,,0,0
83a89a9682301982b6304092,1791424971,0,,,,,0,0
83ab855dfdf51c191a1db552,1791511133,0,,,,,0,0
83ae3671c5ad2d7bc2b87657,1791424971,0,,,,,0,0
83b0720c3b7430411ccf64b5,1791424971,0,,,,,0,0
83b56f44294f5e1b753ccb20,1791424971,0,,,,,0,0
83b71b6ddeb3d9fba032d5cb,1791424971,0,,,,,0,0
83b9a2339822aac3b4807283,1791424971,0,,,,,0,0
83bbebd32f1228c737153aa2,1791424971,0,,,,,0,0
83bde0c5ca5975e5f817389f,1791424971,0,,,,,0,0
83bee9bc97722de43f2e676d,1791424971,0,,,,,0,0
83c0e0c8bc5f5cda6753645f,1791424971,0,,,,,0,0
83c1bda1df2c9c2a9430badf,1791424971,0,,,,,0,0
83c326c829fc81863fbc2e38,1791424971,0,,,,,0,0
83c48155419fcdb892aced7e,1791511133,0,,,,,0,0
83c7654999169149547734d5,1791424971,0,,,,,0,0
83c836a77b38c59f91e02a3f,1791424971,0,,,,,0,0
83c8f4b3d633e3b66305db1e,1791511133,1,0001506293-26-000139,"5.02,7.01,9.01",1791231603,0.5,0,1
83d4dbe77747c6278f86bbf0,1791511133,0,,,,,0,0
83d5c13600edcc617e4b751a,1791511133,0,,,,,0,0
83d8e3e09f694ba50f272ffa,1791424971,0,,,,,0,0
83df2bc3c1d262d4234179af,1791511133,0,,,,,0,0
83e0978c96c9174f586c325b,1791424971,0,,,,,0,0
83e69b3a0ebffe8f9520f8b1,1791424971,0,,,,,0,0
83e71509802487a28195d1db,1791424971,0,,,,,0,0
83e878f3220e776bb8e02628,1791424971,0,,,,,0,0
83ed9a0ec695fbb472b7e5b7,1791424971,0,,,,,0,0
83f1cee03ed73908c255fb53,1791424971,0,,,,,0,0
83f2bdcc8ba509c4e004a82e,1791424971,0,,,,,0,0
83fce7be5a326d2881ca3f89,1791424971,0,,,,,0,0
83ffbb4bc21f88c806b3f0b3,1791424971,0,,,,,0,0
840d6c7c69392eeba012612f,1791511133,0,,,,,0,0
840f3a105975aad7ed376e80,1791424971,0,,,,,0,0
8418969e082681d7e2d36ae8,1791424971,0,,,,,0,0
8418cd1892fab2cec5e43a6c,1791511133,0,,,,,0,0
841f31eadd40dd38a02ed0ac,1791424971,0,,,,,0,0
841fa0ad58e522f5dfb6b0e4,1791424971,1,0000887343-26-000181,"7.01,9.01",1790802429,7.0,0,1
8421ba0945795ffe32c011da,1791424971,0,,,,,0,0
84256b9204e794566578d484,1791424971,0,,,,,0,0
842e5ab3dafe9b79eb8298ec,1791424971,0,,,,,0,0
843905f3c3b60588dd5c9e2c,1791424971,0,,,,,0,0
843d1d7f26eb797ae878c362,1791424971,1,0001170010-26-000102,"2.02,9.01",1790679630,1.5,1,0
843fd1b99e58053a59ee0904,1791424971,0,,,,,0,0
8441be406f390e9111ea85c4,1791511133,0,,,,,0,0
844547e7f4599884c38c3fe8,1791424971,0,,,,,0,0
8450f2cb70569c0a0d36e10b,1791424971,0,,,,,0,0
8451c345dbb6eae03c1564ca,1791424971,0,,,,,0,0
8453c3efc8abf916ea9c64cd,1791424971,0,,,,,0,0
846211af4291c389a4fe18c4,1791424971,0,,,,,0,0
846699dee90b5c2dc38c117a,1791424971,0,,,,,0,0
846c0228ea39db41b949fdad,1791424971,0,,,,,0,0
846fbc4726d3c09bf86f8fe5,1791424971,0,,,,,0,0
8475848b7c4a292cc374635e,1791424971,0,,,,,0,0
847cdbee16829a6f4a2186b0,1791424971,0,,,,,0,0
84838d22fc0d2bcc7f59c0bf,1791424971,0,,,,,0,0
848b9f29cdd622559228116c,1791424971,0,,,,,0,0
848f882962be4d3d2e8a862f,1791424971,0,,,,,0,0
84946ee59e19f1f817290237,1791424971,0,,,,,0,0
849768c7ce9128a9a73a9f5b,1791424971,0,,,,,0,0
849c3a8d9797fb1af4e07545,1791511133,0,,,,,0,0
849f6d450c9997d62c6b5bcc,1791424971,0,,,,,0,0
84a5bbe3e304b82167979415,1791511133,1,0001637459-26-000067,5.02,1791321644,6.5,0,1
84ad830a9c1730321cdc44ca,1791424971,0,,,,,0,0
84b16fc1b765decfa54a89f5,1791511133,0,,,,,0,0
84b290d8f7324c78928e5e7c,1791424971,0,,,,,0,0
84b50981cc26bf816bbe8500,1791511133,0,,,,,0,0
84b572d0037821bbc379667e,1791424971,0,,,,,0,0
84b685eda6fda8daf51445bd,1791424971,0,,,,,0,0
84b82c98551bc8bda8965c71,1791424971,0,,,,,0,0
84c3a4ea1a9ccc07c61a6685,1791424971,0,,,,,0,0
84c7b33e71433caa46515901,1791424971,0,,,,,0,0
84cb28bdf1322f73b8c5bf80,1791424971,0,,,,,0,0
84ccde6e58ced4b03823b160,1791511133,0,,,,,0,0
84cd328617bae763954f2e0d,1791424971,0,,,,,0,0
84cdbc87ee27f58f37641944,1791424971,0,,,,,0,0
84ceb6b2a17b0d1b8173c4a1,1791424971,0,,,,,0,0
84d5737c6c90c47ef69ae17d,1791424971,0,,,,,0,0
84d695440f3589fcf83a88b2,1791424971,0,,,,,0,0
84dd3df03c7816fe00c15c7c,1791424971,0,,,,,0,0
84e53ba64584e6ea68c59e9c,1791424971,0,,,,,0,0
84e69d18d16f9a99f499bacb,1791424971,0,,,,,0,0
84e74e24079fd4ab0760d28c,1791424971,0,,,,,0,0
84eed9da958a8a1641a3e1c3,1791511133,0,,,,,0,0
84f02275d5f19be11ad810d5,1791424971,0,,,,,0,0
84f8ad48379a497e5a7aad78,1791424971,0,,,,,0,0
84f8e143dca810ba13ac148c,1791424971,1,0001655888-26-000063,"2.02,9.01",1790885782,5.5,1,0
84f9212abff18d2e8f06aed8,1791424971,0,,,,,0,0
84f931651eba60fc8cde894a,1791424971,0,,,,,0,0
84fa84612d98e2013ab07e80,1791511133,0,,,,,0,0
84fca483aa09c2f6a695d35f,1791424971,0,,,,,0,0
84fd11a68d472cb9590a0d0c,1791424971,0,,,,,0,0
84fdfdb38b9eaa2e300d2510,1791424971,0,,,,,0,0
850289cf6752cae6e1b79527,1791424971,0,,,,,0,0
8505b6afc9c3a342ff08ea5e,1791424971,0,,,,,0,0
850702d238338cfe73f651dc,1791424971,0,,,,,0,0
850b0840ea145eaa25a89190,1791424971,0,,,,,0,0
850c109de1bd81f0c6841788,1791424971,0,,,,,0,0
85140be286e0b05a2af88234,1791424971,0,,,,,0,0
85172a6496e8000a5c063e3c,1791424971,0,,,,,0,0
851be63fe4a84a8f8a995e4d,1791424971,0,,,,,0,0
851f8c49134c629f97d14684,1791424971,0,,,,,0,0
8528248b4b2bbbae6aef2c64,1791424971,0,,,,,0,0
852923f75acd574832b7c67a,1791511133,0,,,,,0,0
852b0cab79acdf261efbf700,1791424971,0,,,,,0,0
852e4e48d858d7cbdf44b70c,1791424971,0,,,,,0,0
8535dc48faa08eb33923a0ee,1791424971,0,,,,,0,0
85361edd97b8f68cec6bf04d,1791424971,0,,,,,0,0
85390056c75897ab331087a9,1791424971,0,,,,,0,0
853ce01e4413a3d3857e1d02,1791424971,0,,,,,0,0
853dcafd07c8c4026e35903b,1791511133,0,,,,,0,0
853ea349d147e2f3d9932da7,1791424971,0,,,,,0,0
8540085e6c3a3757f5fec4a2,1791424971,0,,,,,0,0
85477571a6787d96bce23e0d,1791424971,0,,,,,0,0
8549cc133d794d905e4e3727,1791424971,0,,,,,0,0
854bf61e690177653d9203bb,1791424971,0,,,,,0,0
854e7048f9d5ed26b9b84e58,1791424971,0,,,,,0,0
85508bc8952822acc982716d,1791424971,1,0001679788-26-000113,5.02,1790971464,6.5,0,1
8555f54fbe75c0e02f107b3a,1791424971,0,,,,,0,0
85628272bed1d23a4445103c,1791424971,0,,,,,0,0
856365a0e7fbd16dbd1af615,1791424971,0,,,,,0,0
856375460690f28a967df554,1791424971,0,,,,,0,0
856771caa45a4e23931fbaa8,1791424971,0,,,,,0,0
8569669affcb873f48726254,1791424971,1,0001171843-26-006074,"8.01,9.01",1789588817,1.5,0,1
856ba456a5a71026921fd79d,1791511133,0,,,,,0,0
857227b8c396a2ed5cbb75fe,1791424971,0,,,,,0,0
8577a37259aa4acbbfe69167,1791424971,0,,,,,0,0
857a62187b7a48e8a76c89eb,1791424971,0,,,,,0,0
85800096c9ec0741473d2265,1791424971,0,,,,,0,0
85803222dd7c68ebfa0238b7,1791424971,0,,,,,0,0
858158cb467623418ec4a14f,1791424971,0,,,,,0,0
8583dcfc4ba7e676e5c38317,1791424971,0,,,,,0,0
858a1182a43bb29984ab79dc,1791424971,0,,,,,0,0
858d4b5a2d079c7381b0b291,1791424971,0,,,,,0,0
858d66e1bec8ab05c66fb852,1791424971,0,,,,,0,0
859593a5e65b7a6863b7a37c,1791424971,1,0001428336-26-000045,"5.02,7.01",1790773336,7.0,0,1
859907244c0d8c5453130142,1791424971,0,,,,,0,0
85b3f55fef4ede28cd066af0,1791424971,1,0001193125-26-401157,"7.01,8.01,9.01",1790284267,0.5,0,1
85b420112460512738b944c4,1791424971,0,,,,,0,0
85b687a9850d3d87362627cf,1791424971,0,,,,,0,0
85b6d69d77daf900204382a1,1791424971,0,,,,,0,0
85b8453bd168fab366779ce3,1791424971,1,0001104659-26-111778,"7.01,9.01",1790699690,1.0805555555555555,0,1
85bbd97160015733c7637114,1791511133,0,,,,,0,0
85c2133bb3f0dcd78f67ed74,1791424971,0,,,,,0,0
85c7375295d32db3abb49bfa,1791424971,0,,,,,0,0
85cc7d15ab4ce474f41aed0d,1791424971,0,,,,,0,0
85d03f1cb31eaacee713fae2,1791424971,0,,,,,0,0
85d184613e3373b2dad28ad8,1791424971,0,,,,,0,0
85d5928e30c14cdaebe9f719,1791424971,0,,,,,0,0
85d625d9de4bf9e749cffbd8,1791424971,0,,,,,0,0
85dd1fc03d81028ca029e303,1791424971,0,,,,,0,0
85e3abb145352c0a336c95f3,1791424971,0,,,,,0,0
85e4fb55349484619ce59a60,1791424971,0,,,,,0,0
85e54eb614e3ff8c1ce30bf3,1791424971,0,,,,,0,0
85e60a9f266ac0f30a2a4bd5,1791424971,0,,,,,0,0
85e6ef95354804408ed89eec,1791424971,0,,,,,0,0
85e6fd6307375490f7e8778d,1791424971,0,,,,,0,0
85ecf6d4577a06cc1795f4f8,1791424971,0,,,,,0,0
85edb4d9f682947166311c4e,1791424971,0,,,,,0,0
85ede14e279c542a172c42e3,1791424971,0,,,,,0,0
85f16ca064ef11e77604d1d8,1791424971,0,,,,,0,0
85f541d5690e714e01ed3a2f,1791424971,0,,,,,0,0
85fd414f63003704c10140e7,1791511133,0,,,,,0,0
85fd6bfc9619012dfde54222,1791424971,0,,,,,0,0
8604a48744d09112fbbb6bcf,1791424971,0,,,,,0,0
860c72211b673fc0cce00763,1791424971,0,,,,,0,0
860f6029c8ee8e203b557504,1791424971,0,,,,,0,0
8611fbc4582136cc7c06e3c2,1791511133,0,,,,,0,0
8619ec41173ffa532a636fea,1791424971,0,,,,,0,0
861f98fca4986bc88ae32e59,1791424971,0,,,,,0,0
8621f4a84268ae016476e0f0,1791424971,0,,,,,0,0
8623d4cd6a0f749bfba4ad51,1791424971,0,,,,,0,0
862668468a5ccc2f0f8d9d37,1791511133,0,,,,,0,0
862c77213d792283217feffe,1791511133,0,,,,,0,0
862cf33224914af5a36d0c6c,1791424971,0,,,,,0,0
86347f83ce650f0a433ae11e,1791424971,0,,,,,0,0
86366400f4ddddb5a4344924,1791424971,0,,,,,0,0
8637a45790a84e1b526c0d00,1791424971,0,,,,,0,0
863ddf66d5d01a18c782914d,1791424971,0,,,,,0,0
863fc8fea403bb1f04e20a29,1791424971,0,,,,,0,0
8640ad3c60c7ba5e69c145bd,1791424971,0,,,,,0,0
864609cf54c555fed1b12125,1791424971,0,,,,,0,0
864a8784f5f01b30961830f4,1791424971,0,,,,,0,0
864dea496c0a4a90989629a6,1791424971,0,,,,,0,0
8651c446057ff429a6cb4ef8,1791424971,0,,,,,0,0
865287382a4857a8713d93e3,1791424971,0,,,,,0,0
8654dea993216b84114f6cfa,1791424971,0,,,,,0,0
8656a0a3ddf44a7a719da2e3,1791424971,0,,,,,0,0
8659bdbd2185541c1c6f41ef,1791424971,0,,,,,0,0
865f11dc13bc8593e3194be9,1791424971,0,,,,,0,0
8661113ef37ae8deaabb539d,1791424971,0,,,,,0,0
86638866bbf3c0fd33edef43,1791424971,0,,,,,0,0
866615289432f9129f88dc00,1791424971,0,,,,,0,0
866a8f4b22858ea8a567ffdd,1791424971,0,,,,,0,0
866b340df4b9d1faf1c6418e,1791424971,0,,,,,0,0
867b933f5411d3563b960798,1791424971,0,,,,,0,0
867c011c73a12aeeee5da846,1791424971,0,,,,,0,0
8680f917c99a7e1f14ac027c,1791424971,0,,,,,0,0
8687157d27783afaeaa3f2fc,1791424971,0,,,,,0,0
8689001e822202c1d2b82aa3,1791424971,0,,,,,0,0
868ca14c0f033cd30b0bbe1a,1791424971,0,,,,,0,0
868d3433f8cb13ab8285387f,1791424971,0,,,,,0,0
868f5e40465599a3b7216710,1791511133,0,,,,,0,0
8690a21bea6382dded5c940d,1791424971,0,,,,,0,0
86931ac4e4208474bccb83f5,1791424971,0,,,,,0,0
86952f569cab03d6158341c1,1791424971,0,,,,,0,0
8696aafef3f09dc850e3b01c,1791424971,0,,,,,0,0
869a8bdf044551464cd7c51c,1791511133,0,,,,,0,0
869d1ec656806bc0d0873381,1791424971,0,,,,,0,0
869d341160a3b56ca34e90f0,1791424971,0,,,,,0,0
86a2ceb7f7fd7b814a6414ae,1791424971,0,,,,,0,0
86a32ab5e39b970d4206c72a,1791424971,0,,,,,0,0
86a836c74169d25009086058,1791424971,0,,,,,0,0
86ab14345b506252bdc404af,1791424971,0,,,,,0,0
86adf15558d74c233e4d271c,1791424971,0,,,,,0,0
86bd75907df40ceac9b14d6a,1791424971,0,,,,,0,0
86c0c18c0440d96c844b2118,1791424971,1,0001628280-26-060438,"2.02,9.01",1788466223,0.5,1,0
86cac54e8b27346e47377a84,1791424971,0,,,,,0,0
86cc99c597aeb62cb91cb530,1791424971,1,0001140361-26-038468,"1.01,2.03,9.01",1790986367,6.5,0,1
86cd6eabc348ceddc1f217a2,1791424971,0,,,,,0,0
86cf2fe599f2eab6b12dc584,1791424971,0,,,,,0,0
86d38042afaabd339e62d09b,1791424971,0,,,,,0,0
86d5ab65a4344440ac118b22,1791424971,0,,,,,0,0
86dbc4f84084407c85e87874,1791424971,0,,,,,0,0
86e1ee9522ff3e08b587ea7e,1791424971,0,,,,,0,0
86e4f81b216f43405511a89a,1791424971,0,,,,,0,0
86efd863619192e5c42ac518,1791424971,1,0002071876-26-000221,1.01,1790371721,6.5,0,1
86f1ceed606fe2828f944ea3,1791511133,0,,,,,0,0
86f32ed59bf3036a61a3e74f,1791424971,0,,,,,0,0
87019b6fbd47872ca2797b3a,1791424971,0,,,,,0,0
8709bb53283e40b800af1279,1791424971,0,,,,,0,0
870bb0170993a4dfa83aff28,1791511133,0,,,,,0,0
87105bff18d6b97583cc97e7,1791424971,0,,,,,0,0
871334044e7f76cb8b28aa5c,1791511133,0,,,,,0,0
871d11d946c36027c496d013,1791424971,0,,,,,0,0
8721a89473659cb286a3a0ad,1791424971,0,,,,,0,0
8721c1e3dc2ecd1b1a7a7544,1791424971,0,,,,,0,0
872a87ead92cb689e9735f52,1791424971,0,,,,,0,0
872d095050675bf325900e93,1791424971,0,,,,,0,0
872de0cb456068f4df32fcf4,1791424971,0,,,,,0,0
872ea1541f43627300427018,1791424971,0,,,,,0,0
8737793e7845945f6973d661,1791424971,1,0000049196-26-000079,"8.01,9.01",1789761967,6.5,0,1
873a9c0db270bfcea3449167,1791424971,0,,,,,0,0
8747ad79b898f9be71f108f9,1791424971,0,,,,,0,0
8747c755d88de8e8cbde0856,1791424971,0,,,,,0,0
8747e63cdfe6b1da4a4d9d40,1791424971,1,0001655888-26-000063,"2.02,9.01",1790885782,0.5,1,0
87499124ce5c8aabf34cef2a,1791424971,0,,,,,0,0
874c0c8334bc90296b48c5fd,1791424971,0,,,,,0,0
87501bc3aa4ab5c8756d4c1c,1791511133,0,,,,,0,0
8751831a070ad5d3da331042,1791511133,0,,,,,0,0
875201087cc1809d3c31232c,1791424971,0,,,,,0,0
87521fd343c97e804f63ea21,1791424971,0,,,,,0,0
8757d125d89d289c2422c30a,1791424971,0,,,,,0,0
8764aa76bf33202e7f46c48d,1791424971,0,,,,,0,0
87660df99df44e801f96f750,1791424971,0,,,,,0,0
876c2a135a73706a7f583894,1791511133,0,,,,,0,0
8771fe475f64f4d662e9fade,1791424971,0,,,,,0,0
877454b55fd1c8b57b8cc90c,1791511133,0,,,,,0,0
87758785bb2548c3663f8990,1791424971,0,,,,,0,0
877e4360533a7523eda48fa2,1791424971,0,,,,,0,0
877e7fba18c1b9c7e7fc09e6,1791424971,0,,,,,0,0
8780bcc26074875262ac992c,1791511133,0,,,,,0,0
87824d9cd9d1ea1036096e59,1791424971,0,,,,,0,0
878330e511ffb14c92e3eadb,1791511133,0,,,,,0,0
8790cf9591c2bd3b36a7e826,1791424971,1,0001193125-26-400727,"7.01,9.01",1790267907,3.640833333333333,0,1
879342923d98a6c2c29a2bc2,1791424971,1,0001104659-26-104395,"8.01,9.01",1788308890,7.0,0,1
87958e375b079406debbe6a4,1791511133,0,,,,,0,0
87959f1398821877d8b2f049,1791424971,0,,,,,0,0
8795b2b5e50621de437b431f,1791424971,0,,,,,0,0
87995ef058608fc5ce970dfc,1791424971,0,,,,,0,0
879e26437d2fa7f16a052d76,1791424971,0,,,,,0,0
879ffe26d05479f61ac65545,1791424971,1,0000109198-26-000051,5.02,1789662111,4.364166666666667,0,1
87a23513c06e33ddf2203b02,1791511133,0,,,,,0,0
87a29b972d03580a9f1a97ce,1791424971,0,,,,,0,0
87a92a4b626580ae034437e2,1791424971,0,,,,,0,0
87aaa1e7668c2483d52262c3,1791427778,0,,,,,0,0
87ab52920231724edfb506ab,1791424971,0,,,,,0,0
87ae0a206e2ce1764a7caf92,1791424971,0,,,,,0,0
87b01d56acf3c9e4b0dd872d,1791424971,0,,,,,0,0
87b2437ba1bbeb6fd5a1c71a,1791424971,0,,,,,0,0
87b3d16d689649e60cf40254,1791424971,0,,,,,0,0
87b64d4c5a6e9ba0ca9f070c,1791511133,0,,,,,0,0
87ba3edc0dc64a7d917b0611,1791424971,0,,,,,0,0
87be296f29081b0e59231f6d,1791424971,0,,,,,0,0
87c07b62cdc9ec096e39c6f1,1791424971,0,,,,,0,0
87c2ed870f5d147cbeb4e139,1791424971,1,0001676238-26-000039,"2.02,9.01",1788898025,0.5,1,0
87c76036f556921d9849af83,1791424971,0,,,,,0,0
87c9342a7c8e2a943f5d11bf,1791424971,0,,,,,0,0
87c99734d9b4a323072d975f,1791424971,0,,,,,0,0
87c9a493d828af161a1b22e7,1791424971,0,,,,,0,0
87ce77080432981e3c48dd58,1791424971,0,,,,,0,0
87d004a05aaee76aaeb399f0,1791424971,0,,,,,0,0
87d6151a24a2e28f0655930c,1791424971,0,,,,,0,0
87d893d54c9a2a0105885673,1791427778,0,,,,,0,0
87dce64fa41b49766262ce84,1791424971,0,,,,,0,0
87de7ac3dee2f62d374dee72,1791424971,0,,,,,0,0
87e72358a313649b7a395964,1791424971,0,,,,,0,0
87e7baa65961404b61f0c349,1791424971,1,0001628280-26-064246,"7.01,9.01",1790885515,0.5,0,1
87e8ee9c6e3979d014b222c5,1791424971,0,,,,,0,0
87e91bdbc234f4ab72a6fe40,1791424971,0,,,,,0,0
87e9560111bb070034f535da,1791424971,0,,,,,0,0
87ed0a809db07073bf5f1e9e,1791424971,0,,,,,0,0
87f0184182d3db162003ed17,1791424971,0,,,,,0,0
87f95b8f34bc3af4e5bffa7b,1791424971,0,,,,,0,0
87fb0bef9f6762ef221b0c0f,1791424971,0,,,,,0,0
87fbd6814d33c6eeefac3a34,1791424971,0,,,,,0,0
87fcf0940116d2a7d9466d89,1791424971,0,,,,,0,0
87ff33704dc86bdca9b4d965,1791424971,0,,,,,0,0
87ffca3a0f8af80951da19aa,1791511133,0,,,,,0,0
880294176c75103ed9cc4927,1791424971,0,,,,,0,0
8802a02522959080688057d5,1791424971,0,,,,,0,0
880331af5758d9985c573e26,1791424971,0,,,,,0,0
8803918dfad8491e84d6c42a,1791424971,0,,,,,0,0
8804d7b17f2f3fe67dc23bf2,1791424971,0,,,,,0,0
880b1170ef6228a690e772e4,1791424971,1,0000826675-26-000112,"3.03,5.03,8.01,9.01",1790712805,13.0,0,1
880b6babf8e407544be34cae,1791511133,0,,,,,0,0
880be4cedc7cfeb09c66da26,1791424971,0,,,,,0,0
880d34bca848b581ed17d4f8,1791511133,0,,,,,0,0
880eecdf19b98afeab6f6139,1791424971,0,,,,,0,0
88120083e9991faed0a64a53,1791424971,0,,,,,0,0
88144d4ee43f1265273d7eb0,1791424971,0,,,,,0,0
88171b5276d68c9929d3d4af,1791424971,0,,,,,0,0
8819aa852b593aae78adadcd,1791424971,0,,,,,0,0
881c27bb1f00ce68eb738d3d,1791424971,0,,,,,0,0
881cdad46b49d4f32108df9f,1791424971,0,,,,,0,0
881d571d8ab8a93c5790d35b,1791424971,1,0001564708-26-000211,"8.01,9.01",1790639482,0.5,0,1
8820476cea597be7c2fcc11a,1791511133,0,,,,,0,0
8822e64b044ec5a88f5ca68b,1791424971,0,,,,,0,0
8823d68368e86c8f685523f3,1791424971,0,,,,,0,0
882926c98a4256f383a835eb,1791424971,0,,,,,0,0
882b18aaed06d88ea1a8ad37,1791424971,0,,,,,0,0
882d76b9a3ef9560f750bfe7,1791511133,0,,,,,0,0
882f303aa9ae60f4fb8a7679,1791424971,1,0001515673-26-000006,8.01,1789674937,1.4269444444444443,0,1
8834288de3a565d71c4c73a4,1791511133,0,,,,,0,0
88357ffe266599ba160f3003,1791511133,0,,,,,0,0
883825adf96be04eed5c4b43,1791511133,0,,,,,0,0
883aeb42d30b3c1d27a6a0f9,1791424971,0,,,,,0,0
883b33142daf5830c7333612,1791424971,0,,,,,0,0
883b5cb8e52067c336fe1bf7,1791424971,0,,,,,0,0
883df65cf4401d84e1af524e,1791424971,1,0000832988-26-000227,"1.01,2.02,9.01",1788951344,0.5,1,0
8847080920e6342411e8d044,1791424971,0,,,,,0,0
884e6a9cbad0525db7d015d5,1791424971,0,,,,,0,0
884ec808a1b065a7af404859,1791424971,0,,,,,0,0
8850f47a75a36198696d8076,1791511133,0,,,,,0,0
8857d47b95322a76be3919bc,1791424971,0,,,,,0,0
8859c812aa573b78a8f4b204,1791424971,0,,,,,0,0
8859f3a8287a08d6e890af85,1791424971,0,,,,,0,0
885ebec0c0a48f17b3d809ef,1791511133,0,,,,,0,0
8862148acb74ac972e5e0c97,1791424971,0,,,,,0,0
886606db1fb6f6dff2df788b,1791511133,0,,,,,0,0
8869bf645f2d5478ed45b765,1791424971,0,,,,,0,0
886e1036766762952ee7e040,1791424971,0,,,,,0,0
887016e9646aab0db86de4ff,1791424971,0,,,,,0,0
88704e74751d7791f1893563,1791424971,0,,,,,0,0
8871aa6866b939743ae56f70,1791424971,0,,,,,0,0
887c0826f004f29394c63d8b,1791511133,0,,,,,0,0
88820a9ca1108e92de3ce496,1791424971,0,,,,,0,0
8883299f61b1e06ec740cca0,1791424971,0,,,,,0,0
888866158b1833cfce5ceef2,1791424971,0,,,,,0,0
88890490e6c27aba6cb33cb2,1791424971,0,,,,,0,0
888cdcc2f57dce1b088970b9,1791424971,0,,,,,0,0
888d3773049b29e5aa638c1b,1791424971,0,,,,,0,0
8893e9f2f3dbcd3d96dd6b86,1791424971,0,,,,,0,0
88955c78a3da67bfc17f1b27,1791424971,0,,,,,0,0
88969075da931b25b1ca4b8f,1791424971,0,,,,,0,0
889a5415571d0e04cdf2f9ee,1791424971,1,0001335258-26-000041,"5.02,9.01",1790975142,8.0,0,1
889b5d32e37e2703efcb00d6,1791424971,0,,,,,0,0
889db24439555e50bf150a36,1791511133,0,,,,,0,0
88a09d777f04f13f9fb4117f,1791511133,1,0001679273-26-000053,"5.02,9.01",1791320492,1.5,0,1
88a75dd3d41e0951187aba4b,1791424971,0,,,,,0,0
88ac4a066326fc6f76ad6296,1791424971,0,,,,,0,0
88b069ba50b2b97a0394fa6b,1791424971,0,,,,,0,0
88b179e21a3fb47dd9771aaf,1791511133,0,,,,,0,0
88b295164c595944165793d4,1791424971,0,,,,,0,0
88b56a1ef75dde8a7677d40c,1791424971,0,,,,,0,0
88b6b1f2576d55e343109570,1791424971,0,,,,,0,0
88c2382a877b3789388f22df,1791424971,0,,,,,0,0
88c265f2f7c61fdccff1de46,1791424971,0,,,,,0,0
88ca6377378d885c38e525ae,1791424971,0,,,,,0,0
88cef6e93a3116b235cca789,1791424971,0,,,,,0,0
88d521ce6dc5a0019c556ded,1791511133,0,,,,,0,0
88dd0b5a9a7ebea1a0c43e38,1791424971,1,0000109198-26-000051,5.02,1789662111,5.364166666666667,0,1
88e3e0de13d4fb55c4d6fb7a,1791511133,0,,,,,0,0
88e9d842359263f9e0e5be80,1791424971,0,,,,,0,0
88e9e3c3a79f114638cfc4b6,1791424971,0,,,,,0,0
88eab075b12e75914db5e8ff,1791424971,0,,,,,0,0
88ed166b342889022345809b,1791424971,0,,,,,0,0
88f3fa169209265309b3ed28,1791424971,0,,,,,0,0
88f8e35955703da51fe62cdf,1791511133,0,,,,,0,0
88f9ea46ad8a19bbee80b76a,1791424971,0,,,,,0,0
890d3ddc289f445a81e29667,1791424971,0,,,,,0,0
890f1e3ae493e870207f3294,1791511133,0,,,,,0,0
8914a58d46a67e96b8b3b26e,1791424971,0,,,,,0,0
8919bb77a01dd307d4c09510,1791424971,0,,,,,0,0
891db4b3092b77de8c972f45,1791424971,0,,,,,0,0
8923690cfb5f12b792238be5,1791424971,0,,,,,0,0
89241fd142f50bd3bbdde392,1791424971,0,,,,,0,0
892dcfde1936ae19662cf174,1791424971,0,,,,,0,0
89300f40c74b4f7e79028e88,1791424971,0,,,,,0,0
8930c9eeba5942a00e6ef60a,1791424971,0,,,,,0,0
8932e90ff8de6f209b986ad8,1791424971,1,0001477932-26-005971,7.01,1790935262,0.5,0,1
89335ef8130775129008134c,1791424971,0,,,,,0,0
89364bb8f2edd1cd2cdb2d67,1791424971,0,,,,,0,0
8936f6451b57e32bf972d653,1791511133,0,,,,,0,0
89379ee10e5a9a435281e555,1791424971,0,,,,,0,0
893a669c2d34fdb29b01f54b,1791424971,0,,,,,0,0
893ba909d4fede2b884b6b8d,1791424971,0,,,,,0,0
89404f1298dad486dd1b7ae4,1791424971,0,,,,,0,0
894170292cb683cdafbe415c,1791424971,0,,,,,0,0
89422acddeaa11d31510d921,1791424971,0,,,,,0,0
89438f37580642e0db541ec0,1791511133,0,,,,,0,0
89468b0fd811b87c834c2cd7,1791424971,0,,,,,0,0
8949e7369ec41039a74778c9,1791424971,0,,,,,0,0
894aedd6f55aa175c9adf4fc,1791424971,0,,,,,0,0
894c14ac523f810855283f79,1791424971,0,,,,,0,0
89568ce5ee2c55dd89ba6534,1791424971,0,,,,,0,0
895dd3d5e32a8cb079a55c3a,1791511133,1,0001564708-26-000216,"8.01,9.01",1791243185,0.5,0,1
89620b5c5b63c9223df0e763,1791424971,0,,,,,0,0
89627906b0d0c414f16d21f1,1791424971,0,,,,,0,0
896b68f655189e9fa0318f26,1791424971,1,0000950142-26-002556,"8.01,9.01",1789590885,1.5,0,1
8977c264048e3aeeb59974de,1791424971,0,,,,,0,0
89785ec5915c5fef80cbcb38,1791424971,0,,,,,0,0
8979a10685f129fd0ac0bcc5,1791424971,0,,,,,0,0
897cc027589ac214ed36f2b2,1791424971,0,,,,,0,0
897dd59ea9936338391d542d,1791424971,0,,,,,0,0
89817c70d3537113bd54a72b,1791511133,0,,,,,0,0
8982201748b54ac36c1b9cc3,1791424971,0,,,,,0,0
8982fac96af297c677262df9,1791424971,0,,,,,0,0
898b333c5a83f64fb275c7cf,1791424971,0,,,,,0,0
898c34e5c8cbfdd89314cd60,1791424971,0,,,,,0,0
89908f4d46df7c759b59da12,1791424971,0,,,,,0,0
89948d9cd6eb75f4787c26ad,1791424971,0,,,,,0,0
8996bc64b451f1595e0b7cd8,1791424971,0,,,,,0,0
899cd5fa44d18d86a47d6bb9,1791424971,0,,,,,0,0
899f50ea0f631742ef73a715,1791424971,0,,,,,0,0
89a2887095562afc84f32d40,1791424971,0,,,,,0,0
89a2ac30b828f5ac296840a4,1791424971,0,,,,,0,0
89a60e7eabda4c26798a311b,1791424971,0,,,,,0,0
89ae64eac22eff7ba8a91287,1791424971,0,,,,,0,0
89afe72a0bc58f328202fe45,1791424971,0,,,,,0,0
89b08f384e64a5eb73f0bc35,1791424971,0,,,,,0,0
89badc405c35031c1d51c94a,1791424971,0,,,,,0,0
89c06da3027907d78832ebc0,1791424971,0,,,,,0,0
89c646be7e6a1feca175182b,1791424971,0,,,,,0,0
89c80e61daafe94842b83810,1791424971,0,,,,,0,0
89cb16f32dd71d54577c310c,1791424971,0,,,,,0,0
89cb35679e87acb48ccba730,1791424971,0,,,,,0,0
89cc5c3171333b628db127d6,1791424971,0,,,,,0,0
89cedf0ff4e32f40a0c40384,1791511133,0,,,,,0,0
89d011e9f2440ddefe384da1,1791424971,0,,,,,0,0
89d9dc581f793bb1052a1025,1791424971,0,,,,,0,0
89db727c1937fbe05a542349,1791424971,0,,,,,0,0
89db76b5ca6bdf9ea5fe671a,1791424971,0,,,,,0,0
89de38d8e3f5336afe31a294,1791424971,0,,,,,0,0
89e51ad9e391dc9d95265376,1791424971,0,,,,,0,0
89e545b76fd629633abc9724,1791424971,0,,,,,0,0
89e8103d192ac5338a707526,1791424971,0,,,,,0,0
89f06d5696c1f2a202f0b31b,1791424971,0,,,,,0,0
89f20a9c4baafd06282727aa,1791424971,0,,,,,0,0
89f368c75f5925ddca233ad7,1791424971,0,,,,,0,0
8a00f9a070ab26b181391965,1791424971,0,,,,,0,0
8a016e1b8bde4f639b60bb4e,1791424971,0,,,,,0,0
8a01d037ce0b8e5994e379c4,1791424971,0,,,,,0,0
8a06979c36c15f0267d01f27,1791424971,0,,,,,0,0
8a090b8710917cb52ea9f2a3,1791424971,0,,,,,0,0
8a0f328fb2aae19bba445e60,1791424971,1,0001193125-26-377822,"7.01,9.01",1788275062,1.5727777777777778,0,1
8a11249d290caecec03bd3bd,1791511133,0,,,,,0,0
8a149f66e1099107f5c1860c,1791424971,0,,,,,0,0
8a155b8757f33c7a4c92cd36,1791424971,0,,,,,0,0
8a17851bbf4a509ffdb5af12,1791424971,0,,,,,0,0
8a179635d365911baef73af4,1791424971,0,,,,,0,0
8a1d7c819bddc222d7e6c39e,1791424971,0,,,,,0,0
8a1f14589dfcecf909f1ff04,1791511133,1,0000753308-26-000074,"8.01,9.01",1791317739,5.5,0,1
8a2d559f30e777733c4e2732,1791424971,0,,,,,0,0
8a2dbde61132b4f4d1f665ce,1791424971,0,,,,,0,0
8a2f2ab0388d726a80537833,1791424971,0,,,,,0,0
8a35e55e3ca1435421c98b89,1791424971,1,0001144215-26-000047,"2.02,9.01",1790853655,0.5,1,0
8a376c3287b6cee107d0436b,1791511133,0,,,,,0,0
8a3ae3add3196b800771d476,1791424971,0,,,,,0,0
8a3c4451ee7dc0c9bb7d9d30,1791424971,0,,,,,0,0
8a422d853bd6125896321cb5,1791424971,0,,,,,0,0
8a44be2be3b415aa95c6b6ce,1791424971,0,,,,,0,0
8a485a9de38ce82646de07a8,1791511133,0,,,,,0,0
8a4aa7c80a1cf34d09c5b4c1,1791424971,0,,,,,0,0
8a4ad7402fbb628a94f4132d,1791424971,0,,,,,0,0
8a4b49cee8ea87b945aa9d91,1791424971,0,,,,,0,0
8a5349a1951bd8e656e33561,1791424971,0,,,,,0,0
8a5b497d85dde2d717c66b32,1791424971,0,,,,,0,0
8a5ef8dfc62c539e1f1b0547,1791424971,0,,,,,0,0
8a624c1a054b8fcc6c0e0a11,1791511133,0,,,,,0,0
8a66127f5b47da1de98188d9,1791424971,0,,,,,0,0
8a6ace0ba980c7dd1e86783c,1791424971,0,,,,,0,0
8a6e4fcb8fe1beeb39618c76,1791511133,0,,,,,0,0
8a6eeaffe9ce5a2accbe9af3,1791424971,0,,,,,0,0
8a6fda11d2ecd01996bd9424,1791424971,0,,,,,0,0
8a7e72951cc1bb1b8e81524e,1791424971,0,,,,,0,0
8a867c60824876d1ff7955f4,1791424971,0,,,,,0,0
8a8b12244d91bd017b59ae26,1791424971,0,,,,,0,0
8a8dfaaa6a527ac80ef37e92,1791424971,0,,,,,0,0
8a90765a78e27b60f0190312,1791424971,0,,,,,0,0
8a974d1d9263c9b685d0cc1b,1791424971,0,,,,,0,0
8aa5d2742a67090cdc7f24fe,1791424971,0,,,,,0,0
8aa7861340a405c25b0d4c87,1791424971,0,,,,,0,0
8aa94bff4aed5fdc1b3f2cc9,1791424971,1,0000826675-26-000104,"1.01,7.01,9.01",1790367359,4.5,0,1
8aab5c155d11cc827aaafa13,1791424971,0,,,,,0,0
8aae16c209002065ac6d9573,1791424971,0,,,,,0,0
8aae34afeca72a2b72646c7e,1791424971,0,,,,,0,0
8aafc25ec326febef0030495,1791424971,0,,,,,0,0
8ab2f41ca8c1d7f38aa6c997,1791424971,1,0001515673-26-000006,8.01,1789674937,0.42694444444444446,0,1
8ab3eac5dfee9df275182d8b,1791424971,0,,,,,0,0
8ab4d8fc8290d8d2aa0ee94a,1791424971,0,,,,,0,0
8abab13ec10108dc63c40a20,1791424971,0,,,,,0,0
8abe5c5b6d7c41abff8ef91e,1791511133,0,,,,,0,0
8abf84babb8f042999775cf8,1791424971,0,,,,,0,0
8acc360e248d8c7a77c9fea2,1791424971,0,,,,,0,0
8acc4436dce36fed70f57981,1791424971,0,,,,,0,0
8acd818dbdf63f81e416865d,1791424971,0,,,,,0,0
8aced6a0c7755f35d78fc66c,1791424971,0,,,,,0,0
8ad79dae9d343865bfcef423,1791511133,0,,,,,0,0
8adbcd8ba165603175451b2c,1791424971,0,,,,,0,0
8add0b5204dfd1bfd9fcbf11,1791424971,0,,,,,0,0
8ae05fa381015875a14cc9f7,1791424971,0,,,,,0,0
8ae12b80d056efec779bf7cd,1791424971,0,,,,,0,0
8ae2b4542ec2032c6ffe15b9,1791424971,0,,,,,0,0
8ae593072fea116e150e84ce,1791424971,0,,,,,0,0
8ae607a3b17d9f67f5e6e8ce,1791424971,0,,,,,0,0
8ae6b013777d469bd321597b,1791424971,0,,,,,0,0
8ae7c52e80059429a7f60514,1791424971,0,,,,,0,0
8ae9be9b636294c7e87df8da,1791424971,0,,,,,0,0
8aec199cffcc02f8c0fd765c,1791511133,0,,,,,0,0
8aecf1c8649d2c37259dcb5a,1791424971,0,,,,,0,0
8af2b6341bc6e273fa82b302,1791424971,0,,,,,0,0
8af2d9bea14df883622edc11,1791424971,0,,,,,0,0
8af909eb33a693c29b486691,1791424971,0,,,,,0,0
8af96e1e5936d579b23b25d1,1791424971,0,,,,,0,0
8afc4e6cb040d0fe07deafb1,1791424971,0,,,,,0,0
8afda4e732e7ec3065227894,1791424971,0,,,,,0,0
8afee7f9d04125642aa0510d,1791424971,0,,,,,0,0
8b0166fcc8ac32cfcdbda31f,1791424971,0,,,,,0,0
8b029ea7f2f9e23303c3f7ba,1791424971,0,,,,,0,0
8b083561dfd1c276648e79e2,1791424971,0,,,,,0,0
8b08e12a0982136a3901ce33,1791424971,0,,,,,0,0
8b0bd279a36d4b5daaf731cb,1791424971,0,,,,,0,0
8b14156ed821092ae3c903a3,1791424971,0,,,,,0,0
8b198d82837f563fd952abcb,1791424971,0,,,,,0,0
8b1ca127f52a56696fe1f613,1791424971,0,,,,,0,0
8b2522f8bf3f437b46bd24c1,1791424971,0,,,,,0,0
8b273801b6a5929da5b23053,1791424971,0,,,,,0,0
8b2c463c805cbed8b763a76b,1791424971,0,,,,,0,0
8b2c5cf5431629bb32d3fab8,1791424971,0,,,,,0,0
8b2d1016650e9016df74f9cc,1791424971,0,,,,,0,0
8b347a1bfc3042a7a8082e09,1791424971,0,,,,,0,0
8b3d169c3876c71019266bf6,1791424971,0,,,,,0,0
8b413412188c5e6296078d60,1791424971,1,0001104659-26-112116,7.01,1790768626,6.5,0,1
8b4360645c35470616d0e738,1791424971,0,,,,,0,0
8b47bc0356e88c074d0c3033,1791424971,0,,,,,0,0
8b47f6963aabb67eccedc814,1791424971,0,,,,,0,0
8b482e1f55dc136dcaa168d7,1791424971,0,,,,,0,0
8b4a127a45c2506432a2b101,1791424971,0,,,,,0,0
8b57f7fa72e4eee331b000b9,1791511133,0,,,,,0,0
8b58bfa05e95891fa9b0e3a7,1791424971,0,,,,,0,0
8b5aeb2c601a2833b98fb29e,1791424971,0,,,,,0,0
8b5e959b54f4e38bb4a9d3fd,1791424971,0,,,,,0,0
8b5edd986ca0f5ede5d476a9,1791424971,0,,,,,0,0
8b63a2356182f8d848bc5626,1791424971,0,,,,,0,0
8b63ca4ed0845bf6f9acb0c4,1791424971,0,,,,,0,0
8b6c9a24dde3258b1d3262c5,1791424971,0,,,,,0,0
8b6f92f22db81d0707df46f5,1791424971,0,,,,,0,0
8b73a3be87de2023a7e7fb30,1791511133,0,,,,,0,0
8b7b3a97487241246b029711,1791424971,0,,,,,0,0
8b7cc8cd8d8623680b3d1997,1791511133,0,,,,,0,0
8b88314e4d83dc50fee8977d,1791511133,0,,,,,0,0
8b8d5db366fc98128fe2c6cc,1791424971,0,,,,,0,0
8b8e75f756cb40cd221e5445,1791424971,0,,,,,0,0
8b8f33a7d251eadbc13464cb,1791511133,0,,,,,0,0
8b8fb0d7aa96741728898ee9,1791424971,0,,,,,0,0
8b92ace38e8c1b0ba78d4a6a,1791424971,0,,,,,0,0
8b9340a2eb3088e26458ad02,1791424971,0,,,,,0,0
8b939bb71bff1799815364f0,1791424971,0,,,,,0,0
8b96f1c3c6245b9d1ed391ae,1791511133,0,,,,,0,0
8b973260310ff907ac6cb2bc,1791511133,0,,,,,0,0
8b9c39ad859a7cc703c24722,1791424971,0,,,,,0,0
8bb835cc29f9e01fedfabb33,1791511133,0,,,,,0,0
8bbb3cc31435e390e511636b,1791424971,0,,,,,0,0
8bbd458e30318eafcb858acf,1791511133,0,,,,,0,0
8bbd8098b34a55ca0cdadce4,1791424971,1,0001104659-26-114051,"7.01,8.01,9.01",1791317725,13.0,0,1
8bbf8814bd41491ab92b4f6c,1791424971,0,,,,,0,0
8bc495ce23695969aa688304,1791424971,0,,,,,0,0
8bc955cc3e96242651733538,1791424971,0,,,,,0,0
8bcfd1a14b928dc28b7b1d89,1791424971,0,,,,,0,0
8bd068cee130bad56e81dc98,1791424971,0,,,,,0,0
8bd1511740ac7819d341ba8b,1791424971,0,,,,,0,0
8bd8256b9f3555eabec0beb9,1791424971,1,0000035527-26-000222,"8.01,9.01",1790195306,6.5,0,1
8bdf462b305cc68f1e349f02,1791424971,0,,,,,0,0
8bdf77477a19bc9810e263e0,1791424971,0,,,,,0,0
8be0e65998d9c485951df4de,1791424971,0,,,,,0,0
8be419fe5ad991cb8b13467e,1791424971,0,,,,,0,0
8be4236a9ee6cdeca2662af4,1791424971,0,,,,,0,0
8bf2558ab12e97c396f5fdee,1791424971,0,,,,,0,0
8bf3fe8497353415b9119099,1791424971,0,,,,,0,0
8bf4bbe3b702715c5572a9d4,1791424971,0,,,,,0,0
8bf8be4974d7b1eea3933ef2,1791424971,0,,,,,0,0
8bf8cb2c3e0766a5d54f7e90,1791424971,0,,,,,0,0
8bfd1a3a85fe7ada4a85110c,1791424971,0,,,,,0,0
8c08690dff16b15c7b6c0f00,1791511133,0,,,,,0,0
8c0eae8e6c03e9e92e31c7d6,1791424971,1,0000917251-26-000066,8.01,1790938829,0.5,0,1
8c12f20828cfd0f2ee2b3a50,1791424971,0,,,,,0,0
8c1460c2c37f4e39f8951890,1791511133,0,,,,,0,0
8c153caf5056c36fab913c64,1791424971,0,,,,,0,0
8c197ceafa0f38b28dacbe2f,1791424971,1,0000016918-26-000034,"7.01,9.01",1788902404,0.5,0,1
8c33e9915a227242f621c5ec,1791511133,0,,,,,0,0
8c3453a23d3a5d6c8d903153,1791424971,0,,,,,0,0
8c350f16307f34ae16de7151,1791511133,0,,,,,0,0
8c35b15b4cc238f0bf515a2e,1791424971,0,,,,,0,0
8c397195257f6d816f40c380,1791424971,0,,,,,0,0
8c3dba0302da18f2995afd25,1791424971,0,,,,,0,0
8c40673efb75548340da2ffe,1791424971,0,,,,,0,0
8c40f443123f66fb393ac3fd,1791424971,0,,,,,0,0
8c483900119af7576824b9f9,1791424971,0,,,,,0,0
8c494bb673458ba448d7b543,1791511133,0,,,,,0,0
8c4e1f249dfcb3ba869b6e57,1791424971,0,,,,,0,0
8c4f42a1d98f6b77ce7ae314,1791424971,0,,,,,0,0
8c51d5a6976ec0f8ae58d094,1791424971,0,,,,,0,0
8c52aa38666fe349065b7afb,1791424971,0,,,,,0,0
8c5534842cd537cecc8c4db6,1791424971,0,,,,,0,0
8c558b9e5f7f54b6e20cc42a,1791424971,0,,,,,0,0
8c5c277530f7f2621adeb1eb,1791424971,0,,,,,0,0
8c61e858736ca0ad9037c21e,1791424971,0,,,,,0,0
8c6318f56e94fad4d0623906,1791424971,0,,,,,0,0
8c6331a435bcfd1014f24c94,1791424971,1,0001628280-26-063314,"2.02,9.01",1790247785,1.5,1,0
8c65f6a9098223f7f5462801,1791424971,0,,,,,0,0
8c683e7495a4b026b6b1d53e,1791424971,1,0001193125-26-393065,"8.01,9.01",1789589173,0.5,0,1
8c684696fed3ebc50a278ecd,1791511133,0,,,,,0,0
8c690c520ba88a96b5243fa5,1791424971,1,0000016918-26-000034,"7.01,9.01",1788902404,4.5,0,1
8c6bee40a487ff79d62bbfd2,1791424971,0,,,,,0,0
8c7246e8e77bef59ecec6933,1791511133,0,,,,,0,0
8c72991b688265041c121c18,1791424971,0,,,,,0,0
8c751e6af1aef7ad2926a6f6,1791424971,0,,,,,0,0
8c758713d8c6034c52728c2d,1791424971,0,,,,,0,0
8c76b03e8c81166eaef1983e,1791424971,0,,,,,0,0
8c791d9fa2bd373456589dc9,1791424971,1,0001357615-26-000177,"5.02,9.01",1790888681,2.5,0,1
8c7e64fc0df4dac8c0dcf6d0,1791424971,0,,,,,0,0
8c8150747851322e342327aa,1791424971,0,,,,,0,0
8c8231a0b9414662c3eb7087,1791424971,0,,,,,0,0
8c83408c6d84b0b3579de7fc,1791424971,0,,,,,0,0
8c869b1aa9ab1ae1c7ec20e4,1791511133,0,,,,,0,0
8c88b3b503af18295836bc40,1791424971,0,,,,,0,0
8c8a0e8049805dd417b5b123,1791424971,0,,,,,0,0
8c8b1b0e326847ba5f2f3785,1791424971,0,,,,,0,0
8c930c918059506a09faa2d3,1791424971,0,,,,,0,0
8c99edaa8e731e943db322a6,1791424971,0,,,,,0,0
8c9a562d7d6322cfcf69fe44,1791424971,0,,,,,0,0
8c9d27a0b08930f0bfa91ae9,1791424971,0,,,,,0,0
8c9fa1c9a1b0ce029a8d49e9,1791424971,0,,,,,0,0
8ca02be8740e37d013230599,1791511133,0,,,,,0,0
8ca1cee98c05cc995d96bf8e,1791424971,0,,,,,0,0
8ca3013fb8b2c39a670d97aa,1791424971,0,,,,,0,0
8ca793a9e2988975527ac3b7,1791424971,0,,,,,0,0
8ca804cdcaca9186117b0e38,1791424971,0,,,,,0,0
8ca8544913cbac43f46df504,1791511133,0,,,,,0,0
8ca95f6f15cdaf1e1bf537e3,1791424971,0,,,,,0,0
8cade163082ab2de9744ee7f,1791424971,0,,,,,0,0
8cbb24c9ceb352557aa72d4d,1791424971,0,,,,,0,0
8cbc18da777641157ed24ea2,1791424971,0,,,,,0,0
8cbdad7171ac687b8f41727d,1791424971,0,,,,,0,0
8cbea1d8447af74e64ed44ea,1791424971,0,,,,,0,0
8cc07b0ea716008ccb7d40cd,1791424971,0,,,,,0,0
8cc3a4a6aa62bc6e969232e5,1791424971,0,,,,,0,0
8cc65313ce882cbcb2a3eb5f,1791424971,0,,,,,0,0
8cc75cdce94c1a4734f86045,1791424971,0,,,,,0,0
8cc915e4da2382bcccf3f964,1791424971,0,,,,,0,0
8ccb87c2fb41448acb48c502,1791424971,0,,,,,0,0
8cd2bdd9424118153615b082,1791424971,0,,,,,0,0
8cd3d89d06d4f990a4958b80,1791511133,0,,,,,0,0
8cd5cfc6900965de90b339e2,1791424971,0,,,,,0,0
8cd78ddeb921c0fb692203f8,1791424971,0,,,,,0,0
8cd7e4668d81fa0dc687f377,1791424971,0,,,,,0,0
8cd85d516911ab1f1008e1e7,1791424971,0,,,,,0,0
8ce146cebc49894eb23d3b18,1791424971,0,,,,,0,0
8ce3ea22a1e60441cd0263ee,1791424971,0,,,,,0,0
8ce6d9ca15f47ce47fd643e0,1791511133,0,,,,,0,0
8ce9548c6b93d8adf65fd8ef,1791424971,0,,,,,0,0
8cea5d346e88ce30c021f300,1791424971,0,,,,,0,0
8ceb4d366a8a12d163ade97b,1791424971,0,,,,,0,0
8ceb943d0d174a8b70e85fb1,1791424971,0,,,,,0,0
8cebd3fba7b49f7c556ca4af,1791424971,0,,,,,0,0
8cedc6ca98099f6dbda62a87,1791424971,0,,,,,0,0
8cf0cb8796902c4b26936105,1791424971,0,,,,,0,0
8cf226c62a84537ecef88e1d,1791424971,0,,,,,0,0
8cf6de930008c1b9a0c71eb0,1791424971,0,,,,,0,0
8cfa8812043ab99882a90609,1791424971,0,,,,,0,0
8cfc0ba689c1a045cec2f2a2,1791424971,0,,,,,0,0
8cfffffe63d714b7c7eabac1,1791424971,0,,,,,0,0
8d00512a0232c979806bb817,1791424971,0,,,,,0,0
8d0395395b6a154dd803085c,1791424971,0,,,,,0,0
8d079d3cbd0d5c59ef3eb295,1791511133,0,,,,,0,0
8d083e6de0f380e386ce0b4b,1791424971,0,,,,,0,0
8d09e85310e894d95191aead,1791424971,0,,,,,0,0
8d14ccf6959291ff32d6cd4e,1791424971,0,,,,,0,0
8d1bf6f9201baa4daf600112,1791424971,0,,,,,0,0
8d1d2321b6a9184fd81a587d,1791424971,0,,,,,0,0
8d20c574afdc85424c11bfd2,1791424971,0,,,,,0,0
8d215a169f59b1295dd6db57,1791427778,0,,,,,0,0
8d234f39fcf9bde8fa2b1446,1791424971,0,,,,,0,0
8d2389a51b08743ec6635809,1791511133,0,,,,,0,0
8d245c115b3551ef6a5ce647,1791424971,0,,,,,0,0
8d249513d9d9a25fca8e44a7,1791424971,0,,,,,0,0
8d288aebd47d71bdb0facea1,1791424971,0,,,,,0,0
8d2936e30723744651a1ab87,1791424971,0,,,,,0,0
8d2986eea3c6b3f312bacadd,1791424971,1,0001193125-26-366694,"1.02,2.01,3.01,3.03,5.01,5.02,5.03,9.01",1787765221,2.950277777777778,0,1
8d2a0ebb05254dd87946f510,1791424971,0,,,,,0,0
8d2be9242078c2a887a376e2,1791511133,0,,,,,0,0
8d2d51b4471cab0b6ff2f834,1791511133,0,,,,,0,0
8d2feb3275921b0eebdc8227,1791424971,0,,,,,0,0
8d34601ef1001c0f2d317d7e,1791511133,1,0000040729-26-000021,"5.03,9.01",1791404492,8.0,0,1
8d34dff75fa3e3e6775bba8f,1791424971,0,,,,,0,0
8d3a9b2ade61ba41a3fb2179,1791424971,0,,,,,0,0
8d3bfa83cbd03273a953a766,1791511133,0,,,,,0,0
8d45cde5fa0d274561dba2e6,1791424971,0,,,,,0,0
8d4871a5397a6e17af251b92,1791424971,0,,,,,0,0
8d48c578f8dcb78c91df8944,1791424971,0,,,,,0,0
8d4baf5d007c13ba1dc0fb3d,1791424971,0,,,,,0,0
8d4eecedc7c0cad8c40736f5,1791424971,0,,,,,0,0
8d50094765ebcb930fa133c4,1791424971,0,,,,,0,0
8d56332d87131faabc0dc242,1791424971,0,,,,,0,0
8d5e926187cf85aeac1481bf,1791427778,0,,,,,0,0
8d640a85e801747fe2bbe563,1791424971,0,,,,,0,0
8d6763a1fb267a8e34e28964,1791424971,0,,,,,0,0
8d67a34ac1a3b2309c68c837,1791511133,0,,,,,0,0
8d694b462093f60fb3dcd4f1,1791424971,0,,,,,0,0
8d6bc7473ffd59ce6780d075,1791424971,0,,,,,0,0
8d754871cebcb111ef4d01a8,1791424971,0,,,,,0,0
8d7ec969c51c7f5a569772b6,1791511133,0,,,,,0,0
8d80a355059ccc201fc7cc1c,1791424971,0,,,,,0,0
8d831e24e89cc7669950e354,1791424971,0,,,,,0,0
8d83bd9d98b1e570129714bb,1791424971,0,,,,,0,0
8d8911abeecbbdd08092e1ba,1791424971,0,,,,,0,0
8d89a38bd0d519ee844c77a6,1791511133,0,,,,,0,0
8d9130903c20055f3b6f0d70,1791511133,0,,,,,0,0
8d92dd388abeac7f5f178a39,1791424971,0,,,,,0,0
8d983e64b42f552aee29c252,1791424971,0,,,,,0,0
8d9fea8da4ab73dadaaca2b6,1791424971,1,0001193125-26-402912,"5.02,9.01",1790368510,8.0,0,1
8da3dd77aba9c6930f9e7fa7,1791424971,0,,,,,0,0
8da47416be12e09cca726e3a,1791424971,1,0000920148-26-000205,7.01,1790109818,6.5,0,1
8da63185f3fd2fc07e13553d,1791424971,0,,,,,0,0
8daa5d75ed98282b675feef7,1791424971,0,,,,,0,0
8db2d4f9d109801aacca2381,1791424971,0,,,,,0,0
8dbb83e128aa65c68a26aae3,1791424971,0,,,,,0,0
8dbecfee7b375a001bc96b99,1791424971,0,,,,,0,0
8dcaf169590eaabd743c41ee,1791511133,0,,,,,0,0
8dce19cdee955960df9a182d,1791424971,0,,,,,0,0
8dce85310fe6963a7c99c08f,1791424971,0,,,,,0,0
8dceb677490e778f11f1189f,1791511133,0,,,,,0,0
8dd40bfb36fb4ce108c700d2,1791424971,0,,,,,0,0
8dd5d275e5b5139610a23b77,1791424971,1,0001104659-26-110218,"7.01,9.01",1790251489,7.0,0,1
8dd9f191f633bc1d4c849f71,1791424971,0,,,,,0,0
8de0617100f4241cf83444b6,1791424971,0,,,,,0,0
8deaf88ffd20f16b64a489ff,1791424971,0,,,,,0,0
8dec8a4032017d5ce49d9112,1791424971,0,,,,,0,0
8defc774fd5dfa7848901d5f,1791511133,0,,,,,0,0
8df0f18c672b8d140e809cce,1791424971,0,,,,,0,0
8df965efe9d082947e4ffe6a,1791424971,0,,,,,0,0
8dfe1391b1c374616627dff7,1791424971,0,,,,,0,0
8e068bd970abe46b2ccd72ec,1791424971,0,,,,,0,0
8e08fb9e7d2b23bc0a2e117e,1791424971,0,,,,,0,0
8e0b99855ac858066844a9f6,1791511133,0,,,,,0,0
8e106244c1fd37bd529b41b0,1791424971,0,,,,,0,0
8e154c8e527c5b686c913adc,1791424971,0,,,,,0,0
8e1a73eca1163d74b2fd65ea,1791424971,0,,,,,0,0
8e1bec5ff500edd7183e9465,1791424971,0,,,,,0,0
8e1e4623f6c2543a39c00334,1791424971,0,,,,,0,0
8e1efe750c453bb236a78a67,1791424971,0,,,,,0,0
8e200498340085ef534bf67d,1791424971,0,,,,,0,0
8e2235ad7984c99603e8df8e,1791424971,0,,,,,0,0
8e253dc52ad5f44839b6fbbd,1791424971,0,,,,,0,0
8e27491b4bfc2be1e5280b5e,1791424971,0,,,,,0,0
8e3797431e3b9dbcf4e2a8d2,1791424971,0,,,,,0,0
8e3f4fe084e5bede93193f09,1791424971,1,0001628280-26-063850,"7.01,8.01,9.01",1790716525,12.0,0,1
8e419bce2c6b897044e5c776,1791424971,0,,,,,0,0
8e44c061d97125d089a35724,1791424971,0,,,,,0,0
8e44d0c63b9579fc036d8d66,1791424971,0,,,,,0,0
8e45292aed47a1e6dec63d8a,1791511133,0,,,,,0,0
8e4999b177240206d661210e,1791424971,0,,,,,0,0
8e4a7c10f9e3741db70e10ed,1791424971,0,,,,,0,0
8e4a7fe2bbac6975d6bc1fe1,1791424971,0,,,,,0,0
8e5bf8752210a97983e7f432,1791424971,0,,,,,0,0
8e5c122c37dd0d2dc2442917,1791424971,0,,,,,0,0
8e5ce0770d8ff08ed63f4878,1791424971,0,,,,,0,0
8e6099df03f25985237801c9,1791424971,0,,,,,0,0
8e619750c4019895ae3fcad7,1791511133,0,,,,,0,0
8e666e22ae2b113f0191fab9,1791424971,0,,,,,0,0
8e68f9ec9cfd2f23a0aa69dd,1791424971,0,,,,,0,0
8e6c2f157317376759b2fe0e,1791424971,0,,,,,0,0
8e6dfb91c952f482780fdcc7,1791424971,0,,,,,0,0
8e6e9cca9dc4ad6cc35dc0b9,1791424971,1,0001213900-26-105305,5.07,1790802010,3.5,0,0
8e794c80ce32b407bb3ef9e3,1791424971,0,,,,,0,0
8e7c1c00e1e54c1ed3e433f3,1791511133,0,,,,,0,0
8e7da9acf896ec886c7acddb,1791424971,0,,,,,0,0
8e7de56f877c1155812d8051,1791424971,0,,,,,0,0
8e806fb7db37b879620a019c,1791424971,1,0001331875-26-000087,"7.01,9.01",1789591203,7.0,0,1
8e8444a8557d4d3cad5303d7,1791424971,0,,,,,0,0
8e85ba0ae4f60b4e7b05855e,1791511133,0,,,,,0,0
8e9215bc32d9ee3d67945dca,1791424971,0,,,,,0,0
8e93cddbb02e38cc7d0e1d14,1791424971,0,,,,,0,0
8ea019aaaa69a594c5eaf2e1,1791424971,0,,,,,0,0
8ea230e79dc170b7c12f34ff,1791424971,0,,,,,0,0
8ea32a395411f3b72908acb5,1791424971,0,,,,,0,0
8ea809dbd511628c6a9b4eb2,1791424971,0,,,,,0,0
8eab2944b52fb4d5a93ec069,1791427778,0,,,,,0,0
8eac714edfc72f1dec9bbafb,1791424971,0,,,,,0,0
8eb7bf2b4dc48b596a27b37a,1791424971,0,,,,,0,0
8eb852f2aeec2a9c0da3494f,1791424971,0,,,,,0,0
8eb9ff2b4b62060e78364b9d,1791511133,0,,,,,0,0
8ebb5a66671f03c831b11a06,1791424971,0,,,,,0,0
8ebbe6d171758145ee3b7b70,1791424971,0,,,,,0,0
8ebd277854221b87ab43dd55,1791424971,0,,,,,0,0
8ebe1eafebaeb13104f54ceb,1791424971,0,,,,,0,0
8ec201b48d020797c3ced569,1791424971,0,,,,,0,0
8ec7bcdfeaafb0f6a0f872a9,1791424971,0,,,,,0,0
8ee70d687ad316034721dfa8,1791424971,0,,,,,0,0
8ee8647f2dc57e1980a07a9d,1791424971,0,,,,,0,0
8eeccb63fb0b166138741b2d,1791424971,0,,,,,0,0
8eef88118075a3b61e73bf99,1791424971,0,,,,,0,0
8f0230adf11308590366190f,1791424971,0,,,,,0,0
8f0331c1f7e3bd35c0b2a74a,1791424971,0,,,,,0,0
8f0706874b780c874a935447,1791424971,0,,,,,0,0
8f11b3389de89ca488fc2cb3,1791424971,0,,,,,0,0
8f17be3eabf5d3cafdfd85f6,1791511133,0,,,,,0,0
8f1af03f6edbe2724d790c50,1791424971,0,,,,,0,0
8f1bb3ce40d9635dbd13dfc9,1791424971,0,,,,,0,0
8f22e8765ca2553e23395196,1791424971,0,,,,,0,0
8f24f42a9053726856d7d0d0,1791424971,0,,,,,0,0
8f2b8bc93371795c08313b94,1791424971,0,,,,,0,0
8f301671fd112a89d6a7d176,1791424971,0,,,,,0,0
8f33a36c2f9bf230778f12cf,1791424971,0,,,,,0,0
8f3c02255a5cce22c594148b,1791424971,0,,,,,0,0
8f3c59522df4774721f150e2,1791511133,0,,,,,0,0
8f40402c2eb20e2c90ba68ba,1791424971,0,,,,,0,0
8f429f52cde8b29e884759ec,1791424971,0,,,,,0,0
8f443c38f09b2cdd14219abb,1791424971,0,,,,,0,0
8f460e9f8e6d7759f3072891,1791424971,0,,,,,0,0
8f474a42b877f709e116c56f,1791424971,0,,,,,0,0
8f4883c1f325d6f0042c741a,1791424971,0,,,,,0,0
8f53a24c897717d3cb18505a,1791424971,0,,,,,0,0
8f5410cb300c4a0bd4f23a44,1791424971,0,,,,,0,0
8f54590da9bfa10f0f48d7f2,1791424971,0,,,,,0,0
8f54af5981bf4a8f4ac6d940,1791424971,0,,,,,0,0
8f55433956dec8da2917734b,1791424971,1,0001193125-26-357758,"2.01,3.01,3.03,5.01,5.02,5.03,9.01",1787222033,12.0,0,1
8f62997c2f6e504a306a9071,1791424971,0,,,,,0,0
8f67928473c493384bc3c624,1791424971,0,,,,,0,0
8f688a18549eeaa3ca592efa,1791424971,0,,,,,0,0
8f69a258e9e76618ee8b1420,1791511133,0,,,,,0,0
8f6ac8e2f877531a3f6d0ae7,1791424971,0,,,,,0,0
8f6da1329dc4c56bd97171f1,1791424971,0,,,,,0,0
8f785886819a89317a914024,1791424971,0,,,,,0,0
8f7e0de9e7743721e99336fe,1791424971,0,,,,,0,0
8f7ee78b7ae26ca95c733e21,1791424971,0,,,,,0,0
8f7f328ccd2f89ab401175ce,1791424971,0,,,,,0,0
8f80292569afea71fc958064,1791424971,0,,,,,0,0
8f8565a039f5052d68feb27d,1791424971,0,,,,,0,0
8f87024a951b2291fba879d7,1791424971,0,,,,,0,0
8f88491e9cf25251bbd0fc07,1791511133,0,,,,,0,0
8f9d326bb3da55c29383dfde,1791424971,0,,,,,0,0
8fa187e86865e3e90898204a,1791511133,0,,,,,0,0
8fad735b71af34a230f08f83,1791424971,0,,,,,0,0
8fb065accec1bd10d018a7b4,1791424971,0,,,,,0,0
8fb251d4ddfbe981cac68bf0,1791424971,0,,,,,0,0
8fb636f115ae24bdd1c20b0a,1791424971,1,0001193125-26-408403,"5.02,7.01,9.01",1790772254,7.0,0,1
8fb8d9c04a3b0c171cc75dd5,1791511133,0,,,,,0,0
8fc0ac6b14559a675c63bc66,1791424971,0,,,,,0,0
8fc0e4820c42e6660fa04429,1791511133,0,,,,,0,0
8fc2b58be72a7fef83f58579,1791424971,0,,,,,0,0
8fca93d8e475203cc22660c0,1791424971,0,,,,,0,0
8fcfc4c6b286e73f645e30a5,1791424971,0,,,,,0,0
8fd9c6a4351c795281bde3ba,1791424971,0,,,,,0,0
8fdc673062af48d36fbe1cee,1791424971,0,,,,,0,0
8fde3919cb8fe38c9d8e3976,1791424971,0,,,,,0,0
8fe45a886f35460f78d569ff,1791424971,0,,,,,0,0
8fe670f6dc7b9d2740ef7176,1791424971,0,,,,,0,0
8fe81fb567416c366bbbd034,1791424971,0,,,,,0,0
8feb0e65d5fd5d78030c0373,1791424971,0,,,,,0,0
8ff13c7aa8c00bac48c99d15,1791424971,0,,,,,0,0
8ff6d3bec2e51fd980f05dc4,1791424971,0,,,,,0,0
8ffb3719b5d6c2367dcea5ef,1791424971,0,,,,,0,0
900337782d60aa358c8ad065,1791424971,0,,,,,0,0
90048793f964f873c7d697e5,1791424971,0,,,,,0,0
9005f42f6e2f7c62ccd74742,1791424971,0,,,,,0,0
900b6070fefc75050b4bb3fa,1791424971,1,0002071876-26-000221,1.01,1790371721,5.5,0,1
900c1db2a2f2f7226f6a493d,1791424971,0,,,,,0,0
900c94ba4f762263db29f061,1791424971,0,,,,,0,0
900d82581a478f12b2039c00,1791424971,0,,,,,0,0
9010b13eca6991e37f6dc70f,1791424971,0,,,,,0,0
9015750a6d206d71f6a7061d,1791424971,0,,,,,0,0
9019a4c982e41bfe3dd99647,1791424971,0,,,,,0,0
9019c76a14b2d4955614351a,1791424971,0,,,,,0,0
9020175f34a71fa62e94ce85,1791424971,0,,,,,0,0
90230d3d18079869b26d65bc,1791424971,0,,,,,0,0
902698b0f12a7f270f07ed01,1791511133,0,,,,,0,0
9027ad6f941dc9857136b7dd,1791424971,0,,,,,0,0
902f9e5480722fe5b51ec6cc,1791424971,0,,,,,0,0
903d702ea42823facb7ab0aa,1791511133,0,,,,,0,0
903fc18f4d9254e6b6fe779d,1791424971,0,,,,,0,0
9047df144d04def4c0737776,1791424971,0,,,,,0,0
90497ab22162201dff1b5b15,1791424971,0,,,,,0,0
904e0a4bea9543e363f2cf51,1791424971,0,,,,,0,0
9052496cb4516edea8623f52,1791424971,0,,,,,0,0
905bdc34264152ef671e9e34,1791511133,0,,,,,0,0
905be6f9e05c6d903970fc75,1791511133,0,,,,,0,0
905c2ee8544f1fa32bf4c9df,1791424971,0,,,,,0,0
905c623b32f216ef31dceb78,1791424971,0,,,,,0,0
905d6bcba7058ea2bcbd377c,1791424971,0,,,,,0,0
90642475fe8cddf9bf29414f,1791424971,0,,,,,0,0
90649aa1077ada0f2dbfa484,1791424971,0,,,,,0,0
9065ed4e26e240dc5beeb04a,1791424971,0,,,,,0,0
90696d7d19511583e9fefbee,1791424971,0,,,,,0,0
906996e1a0ae3237b5109826,1791424971,0,,,,,0,0
906af01bfcb4231a39f24853,1791424971,0,,,,,0,0
907ba45d0c1b9cf0ba16a35f,1791424971,0,,,,,0,0
907bab65c42d59ab3d4b6654,1791424971,0,,,,,0,0
907cc385e78c459be1716d39,1791424971,0,,,,,0,0
907d267771bfcd0c0de138fb,1791424971,0,,,,,0,0
907e3ab8231ce521b99c6bc9,1791424971,0,,,,,0,0
907f37b1bc38a8a1e1b93138,1791424971,0,,,,,0,0
9081d53985752dcbae3a3e92,1791424971,0,,,,,0,0
9085131cc417328a1d9cc41f,1791424971,0,,,,,0,0
908e532ae34c5675ba59b870,1791424971,0,,,,,0,0
908ece26ff8a330daf88139a,1791424971,0,,,,,0,0
9099ede9502c24d44c2b68d9,1791511133,0,,,,,0,0
909f153a6b177da547d13ac4,1791424971,0,,,,,0,0
90a31820ec001eae94bdaa00,1791424971,1,0001213900-26-100373,8.01,1789564514,1.5,0,1
90a47389b48cf5ade02f57c1,1791424971,0,,,,,0,0
90a5079739ee1f72274c4c69,1791424971,0,,,,,0,0
90a8cb76a7ab942d0e8ac324,1791424971,0,,,,,0,0
90afbf1ffc46c8ee8f4d06a7,1791424971,0,,,,,0,0
90b7cb2632ef8a0d06df3755,1791511133,0,,,,,0,0
90b8fc6cb1c6868f38222f42,1791424971,0,,,,,0,0
90bd9a5ec67ba9d0bcdc37c8,1791424971,0,,,,,0,0
90c09f3a1b6b41c99f675a19,1791424971,0,,,,,0,0
90c127cdaf3964c7970eefb2,1791424971,0,,,,,0,0
90c166235c2712dd47bdcfc2,1791424971,0,,,,,0,0
90c36d4ca0abb6ff6cb69f8d,1791511133,0,,,,,0,0
90c6f6ad12d8f4285714fecd,1791424971,0,,,,,0,0
90c9c8a49c57f3108a9389b1,1791424971,0,,,,,0,0
90cbb6b30149fdf2cc277b92,1791424971,0,,,,,0,0
90cf2aeb0ba8e46011be4dec,1791424971,0,,,,,0,0
90d512c0d80806cd2d1521df,1791424971,1,0001193125-26-408403,"5.02,7.01,9.01",1790772254,13.0,0,1
90dbbb5ef8cc17595a6ff1d1,1791424971,0,,,,,0,0
90dc57817cbfa047b3168bb3,1791424971,0,,,,,0,0
90dd4737e12a91feafd4e86a,1791424971,0,,,,,0,0
90de3259b1e76b54f5049729,1791424971,1,0001193125-26-357758,"2.01,3.01,3.03,5.01,5.02,5.03,9.01",1787222033,13.0,0,1
90de37c413fc171dd143c617,1791424971,0,,,,,0,0
90e76911a3189b1c9cbcecfb,1791424971,0,,,,,0,0
90e8a12b5c279574c63297f7,1791424971,0,,,,,0,0
90eb51ef1c8df8471cd41960,1791511133,1,0001193125-26-417188,"5.02,9.01",1791417639,13.0,0,1
90ed5bb10562ab6d667c62d5,1791424971,0,,,,,0,0
90ed6bf04a0997b682711501,1791424971,0,,,,,0,0
90fb7c262e93b022bfcd98f2,1791424971,0,,,,,0,0
91013ab6763126ef0034ba0e,1791424971,0,,,,,0,0
910146b55ce7dd8d8f9bfbdf,1791424971,0,,,,,0,0
9109604459b3e8a535610888,1791424971,0,,,,,0,0
910bc003d38212ccf1f0c924,1791424971,0,,,,,0,0
910db170735b260239829d3e,1791424971,0,,,,,0,0
910f610b4a3ab0569c664727,1791511133,0,,,,,0,0
911b5b2708c4b1e7a3a8bfcd,1791511133,0,,,,,0,0
91203f2968a1ae2a7e337bb5,1791424971,0,,,,,0,0
9120b7a32c3c64f8c41b174f,1791424971,0,,,,,0,0
912a5c06d076b66201de0c52,1791511133,0,,,,,0,0
912ac85045bb1169eaaa7757,1791424971,0,,,,,0,0
912b9557fe69abfe94a399f7,1791424971,0,,,,,0,0
912f4424eaf2c40805b04e79,1791424971,0,,,,,0,0
9130a5202a8dfd2c6bcb5013,1791511133,0,,,,,0,0
9130e0632ec7b8e80d2ef5ce,1791424971,0,,,,,0,0
91327a5c48c5f72883984abd,1791424971,0,,,,,0,0
91379c99f71fc58af2d5ae64,1791424971,0,,,,,0,0
913806e72f6687c279ad8918,1791511133,1,0001104659-26-114051,"7.01,8.01,9.01",1791317725,5.5,0,1
9138abb7590e26ff4624254b,1791511133,0,,,,,0,0
9142f4990db7e6dee7ae5810,1791424971,0,,,,,0,0
914611d14ff487d44d19a30f,1791424971,0,,,,,0,0
914ab0749165b8499e18412d,1791424971,0,,,,,0,0
914bf517d623e40edc004bfe,1791424971,0,,,,,0,0
914e40ef9c3daaefdb6a3889,1791424971,0,,,,,0,0
9150e8ae2db1c50e53240663,1791424971,0,,,,,0,0
915b0d230ada14d60b197267,1791424971,0,,,,,0,0
915dc086e2837a186028f0be,1791424971,0,,,,,0,0
91609b0d11391db869020126,1791511133,0,,,,,0,0
916de494bc629ecdfc45b612,1791424971,0,,,,,0,0
916e48936f89ad6ee4572d24,1791424971,0,,,,,0,0
9170d5205ac45614b1b6d635,1791424971,0,,,,,0,0
917e851900bb28e1e33edba6,1791424971,0,,,,,0,0
917fec8a50ccf700f17e59a0,1791424971,0,,,,,0,0
91801254ec29aed6bb43b5f7,1791424971,0,,,,,0,0
918145760cd07629731a4bc9,1791424971,0,,,,,0,0
918840a431112bc88d45d5f7,1791424971,0,,,,,0,0
918856840bb24de6acc86d5a,1791424971,0,,,,,0,0
918856b775ccb18efda29793,1791424971,0,,,,,0,0
9188a91f5864cdef40215fe9,1791424971,0,,,,,0,0
918da4cf9b494a59b87b8e95,1791424971,0,,,,,0,0
918e1c8136ff08e24cbf4a6b,1791424971,0,,,,,0,0
9194188a6899fe5f0043220f,1791511133,0,,,,,0,0
9199654dce84af0590e3ae55,1791424971,0,,,,,0,0
919b12298e390e6677870000,1791424971,0,,,,,0,0
919d9dc98f7fc0a85cd5b8d0,1791511133,0,,,,,0,0
919ee1aa6e2429e0079fa859,1791424971,1,0001104659-26-109755,"8.01,9.01",1790157698,1.5,0,1
919f401acaa516eea6a2f4e2,1791424971,0,,,,,0,0
919f81c149f19eee05f19ba7,1791424971,0,,,,,0,0
91a9691707cc2fcce9ed189f,1791424971,0,,,,,0,0
91afc1dc2ce92f1444137e23,1791424971,1,0001104659-26-106743,"2.02,9.01",1789073401,0.5,1,0
91b76b7c95b4c72ac5c7a163,1791424971,0,,,,,0,0
91b9421b8f6c42c27cfbe0cd,1791424971,0,,,,,0,0
91b95c00995c1191cf76bdc1,1791424971,0,,,,,0,0
91b9a5a133aab7acd38ad96b,1791424971,0,,,,,0,0
91bad004ff08601cdcea2b9d,1791424971,1,0001193125-26-357758,"2.01,3.01,3.03,5.01,5.02,5.03,9.01",1787222033,1.5,0,1
91c21dc494a904b5486be2ad,1791511133,0,,,,,0,0
91c57a0e55bd04c683698245,1791424971,0,,,,,0,0
91cb5eed6fd4ee6ab2680343,1791424971,0,,,,,0,0
91cb73183b67d3996b7f0ce4,1791424971,0,,,,,0,0
91d0f710ea37850eaa29ec22,1791424971,0,,,,,0,0
91d6d69efb9a9d7215fd802a,1791424971,0,,,,,0,0
91d94fea5eb2eb178aa6593a,1791424971,0,,,,,0,0
91e13c6cb16ac6b3d2cb110c,1791424971,1,0001628280-26-064413,"5.03,5.07,9.01",1790954717,1.9213888888888888,0,1
91e292ab3dcb4ed023508f4f,1791424971,0,,,,,0,0
91e93ebb286f38bb4607e864,1791424971,0,,,,,0,0
91e9b8b6989bae654b0a43fc,1791511133,0,,,,,0,0
91ea714a0326e38ec2163134,1791511133,0,,,,,0,0
91eef2a01ac633aa2670cb18,1791424971,0,,,,,0,0
91fa6a008f4a0ac219673e67,1791424971,0,,,,,0,0
91faa2fcc8f39f144e03e13a,1791424971,1,0001193125-26-393065,"8.01,9.01",1789589173,1.5,0,1
9200fa755a8c167a8db884ee,1791424971,0,,,,,0,0
92018a78ba34ddb9a988c3b8,1791424971,0,,,,,0,0
92034d12b1eeeb7b71671263,1791424971,0,,,,,0,0
920926d949a7d000681da3b6,1791511133,1,0001104659-26-114388,"1.01,9.01",1791405935,11.0,0,1
920bf98cd28cafa083ddc800,1791424971,0,,,,,0,0
920d41660e3a1ec57ecc3d6f,1791424971,0,,,,,0,0
92112253a4f150d85641dc01,1791424971,0,,,,,0,0
921960469892d50599156887,1791424971,0,,,,,0,0
921d8fa9b2da70315335954e,1791424971,0,,,,,0,0
92204253710a4cdfc10bb304,1791424971,0,,,,,0,0
92251d2ed54f469122c6e001,1791511133,0,,,,,0,0
9229caeac261a90261b539e9,1791424971,0,,,,,0,0
922a33cd6f533047e27e85d0,1791424971,1,0001628280-26-063850,"7.01,8.01,9.01",1790716525,1.5,0,1
922a8505dad4eb94a2429add,1791424971,1,0001193125-26-400727,"7.01,9.01",1790267907,3.640833333333333,0,1
922b03e7eaa19321b8862bfb,1791424971,0,,,,,0,0
922b52f80df70306bc7e89a6,1791424971,0,,,,,0,0
922cd74c40f48e81775032da,1791424971,0,,,,,0,0
92304aa2ec9af498c6b1a4ae,1791424971,1,0001104659-26-111420,8.01,1790630727,0.5,0,1
92322f23d44b8ce2a0abb774,1791424971,0,,,,,0,0
92352a5484ac1240d5e45c05,1791424971,0,,,,,0,0
9239d638c5262a5ae0f59c30,1791424971,0,,,,,0,0
923a2833ab66b8b4c62ed2aa,1791424971,0,,,,,0,0
923d19aff5c50d6cda9ac5ff,1791511133,0,,,,,0,0
923ea22bcdc93f39ba3b1a66,1791424971,0,,,,,0,0
923f2f836d16ad19a592bd09,1791424971,0,,,,,0,0
9244efa2e841f9448041b97b,1791424971,0,,,,,0,0
92471f180ea704c96b75c6bb,1791424971,0,,,,,0,0
924970cb2989d30dcf984446,1791424971,0,,,,,0,0
9249dc2c350de6b1a5d346c9,1791424971,0,,,,,0,0
9250927931d7d75fa1303af4,1791424971,0,,,,,0,0
925410f675d71d8f35a22f56,1791424971,0,,,,,0,0
925864c276e286a6c92a171e,1791424971,0,,,,,0,0
925a7abde94309452ef58029,1791424971,0,,,,,0,0
925b365c20a39837c35844fb,1791424971,0,,,,,0,0
925c5b53e7d186e74353f114,1791424971,0,,,,,0,0
925e456387c64c5a5b156b3e,1791424971,0,,,,,0,0
925f20bff248bc79dd5a9b08,1791424971,0,,,,,0,0
925fb41aad8bd997e62f1fdf,1791424971,0,,,,,0,0
926605cd7bb805f8a7fbf482,1791424971,0,,,,,0,0
926797874aac8712f643ad20,1791424971,0,,,,,0,0
92689058e6003a9040aa3365,1791424971,0,,,,,0,0
926ab90cc42b725e2ddd68ce,1791424971,0,,,,,0,0
926bc560c612686144fbe629,1791424971,0,,,,,0,0
926d1383894cd086d7c78227,1791424971,1,0001193125-26-404006,8.01,1790606813,0.2813888888888889,0,1
9270cd60e15214b733255dd7,1791424971,0,,,,,0,0
927c90ec26045f202d9a9c89,1791424971,0,,,,,0,0
927dd045c443003f3ec22bf9,1791424971,0,,,,,0,0
927e31b59e67421b4f3fda02,1791424971,0,,,,,0,0
927f6e7524d8c885a3271d99,1791424971,0,,,,,0,0
928ac865f687df497f738e72,1791424971,0,,,,,0,0
92938d1c648ab8fb37a5f2bb,1791424971,0,,,,,0,0
9295d4200e32b59073f436ff,1791424971,0,,,,,0,0
9298092febef9c506039471f,1791424971,0,,,,,0,0
929b9d05b48d90d5ca913cbb,1791424971,0,,,,,0,0
92a4234aa520d0e7409096ce,1791424971,0,,,,,0,0
92a4d61146f60b54a910f3d5,1791511133,0,,,,,0,0
92a5044fc8d4ff3bbacb200e,1791424971,0,,,,,0,0
92a9f3a8d6b10496cd6b4861,1791424971,0,,,,,0,0
92ac17c65f8b9a092cd17ec1,1791424971,0,,,,,0,0
92afc0664e17e103a996e6e9,1791424971,0,,,,,0,0
92b30a4d97c7a7bf5ccea059,1791424971,0,,,,,0,0
92bd07a0d23618c5b18f6c59,1791424971,0,,,,,0,0
92c54ff29e6016955a308e7d,1791511133,0,,,,,0,0
92c957d4dc9b0f33218f2960,1791511133,0,,,,,0,0
92cd29a1c4a9da6af56b82b0,1791424971,0,,,,,0,0
92cf60ff3c16eb0ead8fa6e2,1791424971,0,,,,,0,0
92dcf6d652a8a435aa4df553,1791424971,0,,,,,0,0
92dddd28cea492635a138e2c,1791424971,0,,,,,0,0
92e2393816b4952a6b15b214,1791424971,0,,,,,0,0
92e23c45be35ab08ec1e2a55,1791424971,0,,,,,0,0
92e58f16ea0450e2f98fa047,1791511133,0,,,,,0,0
92ec2c2181d2a94ee04c44ac,1791424971,0,,,,,0,0
92ecdbc1a987ad40677a8a66,1791424971,1,0001193125-26-361156,"5.07,7.01,9.01",1787343902,10.0,0,1
92fba7220149a6da9cdf0eac,1791424971,0,,,,,0,0
93000258a6f516cf8345ee26,1791424971,0,,,,,0,0
93017d9aeca8dd6bfb717c13,1791424971,1,0001104659-26-114051,"7.01,8.01,9.01",1791317725,12.0,0,1
9305478a13d9d271936944c6,1791424971,0,,,,,0,0
9308aa904fba6d38edb027ec,1791424971,0,,,,,0,0
930a769f3c64a90a535348e6,1791424971,0,,,,,0,0
930c6bf21660537d1e76ea20,1791424971,0,,,,,0,0
930ccc18086416c705f11192,1791424971,0,,,,,0,0
9313f2396a74472bf3bb1554,1791424971,0,,,,,0,0
93188598c3cc8969b71e29b5,1791424971,0,,,,,0,0
931db7795666677e7411e637,1791511133,0,,,,,0,0
931fecf1c389cf5c79fdb623,1791424971,0,,,,,0,0
9321bb96597e1c6babb92537,1791424971,0,,,,,0,0
932955923c6e9480e5d95fca,1791424971,0,,,,,0,0
932a2e1cff82c2a233ae3758,1791424971,1,0000795266-26-000068,"2.02,9.01",1790108145,0.5,1,0
932b7dc0450d98aaedd449cf,1791511133,0,,,,,0,0
93303842bff2133862202f32,1791424971,0,,,,,0,0
933273acdf68842d948411a1,1791424971,0,,,,,0,0
9335bd279a9c1ed14ec53537,1791511133,0,,,,,0,0
933a0b01571131a4d5a06728,1791424971,0,,,,,0,0
933d38ceeaa0f6d27f4e1c46,1791424971,0,,,,,0,0
93457a5a65ac0eda2f3f112c,1791424971,0,,,,,0,0
934865dee0584b46b875f903,1791424971,0,,,,,0,0
934a452504c07c7412a51863,1791424971,0,,,,,0,0
934c6b1d4c833d486f6b1cf1,1791424971,0,,,,,0,0
9350e97e3d47a4db4fa53227,1791511133,0,,,,,0,0
93529edda3492e3b939737f0,1791424971,0,,,,,0,0
9356d9f926e0f7821741ba5a,1791424971,0,,,,,0,0
9357673a5254a2eec815fbba,1791424971,0,,,,,0,0
935b51a3c28bdf4ffc217300,1791424971,0,,,,,0,0
935f30782309b0954417ebb9,1791424971,0,,,,,0,0
93655b8755c1a3207a3cf57a,1791424971,0,,,,,0,0
93659cf4a1a300ab6ef53f08,1791424971,0,,,,,0,0
93670debf786ded7ac460603,1791424971,0,,,,,0,0
936a0f2eb1bc11d83b8bbe52,1791424971,0,,,,,0,0
936b55154602051798947344,1791424971,0,,,,,0,0
938325072ba7ca35ade2c122,1791424971,0,,,,,0,0
93835366d3400cea2acfb1ce,1791424971,0,,,,,0,0
93846995da057feb89e19a2c,1791424971,0,,,,,0,0
9390376dce6814a2ad4f1b40,1791424971,0,,,,,0,0
9393fbe900b8b0f8d6398eec,1791424971,0,,,,,0,0
93990d91acba411a68a5689f,1791511133,0,,,,,0,0
9399dfe4ff4b1442860810b5,1791424971,0,,,,,0,0
939b828ab5d8383ba4f4beaf,1791424971,0,,,,,0,0
939f01067293086d2d64d6c8,1791424971,0,,,,,0,0
93a66b7a7789c939b1c27a8f,1791424971,0,,,,,0,0
93ae7c8da0d1717f225949ca,1791424971,0,,,,,0,0
93b8b10eadbd6ae3d3e4aeb4,1791424971,0,,,,,0,0
93b8c27edf7bd894d06f3a99,1791424971,0,,,,,0,0
93ba015f65801bca20225ba6,1791424971,1,0001628280-26-063314,"2.02,9.01",1790247785,0.5,1,0
93bf21d390fceb6f520f6647,1791424971,0,,,,,0,0
93c4a8ddfe51942a0c2c9add,1791424971,1,0001193125-26-386510,"2.02,9.01",1788985817,13.0,1,0
93c4bbda8923114d698b29b2,1791424971,1,0001193125-26-401157,"7.01,8.01,9.01",1790284267,1.5,0,1
93caad507b56fbfe565dab09,1791424971,1,0000950157-26-001058,"1.01,8.01",1790946977,9.0,0,1
93cdff3f8443e41f01676de9,1791424971,0,,,,,0,0
93d0689e0e16450ab4d73bce,1791511133,0,,,,,0,0
93d2463925c0f6aea2aaca59,1791427778,0,,,,,0,0
93d528321c75a078343582fa,1791424971,0,,,,,0,0
93da44d81c9aef278b787757,1791424971,0,,,,,0,0
93dbe5091f7447099546b2d4,1791424971,0,,,,,0,0
93deb7fd590eb06f9bffdbe8,1791424971,1,0001104659-26-109755,"8.01,9.01",1790157698,6.5,0,1
93e25ca2ec3e7a97470b5ba7,1791424971,0,,,,,0,0
93e662b0d1c6f5e6189c02ff,1791424971,0,,,,,0,0
93e7ae72df8ccf8cf585c02b,1791424971,0,,,,,0,0
93ece2ed05f627e880d71a03,1791424971,0,,,,,0,0
93f319216ed391b34ed9111d,1791424971,0,,,,,0,0
93f3ab7d787fad12428e7834,1791424971,0,,,,,0,0
93f706e88f612b275f444a23,1791424971,0,,,,,0,0
93f903fe238f6836f1955b50,1791424971,0,,,,,0,0
93fa3f56a1b4a4d9b26a822c,1791424971,1,0001193125-26-357758,"2.01,3.01,3.03,5.01,5.02,5.03,9.01",1787222033,13.0,0,1
94048f7a98c6168ba6548561,1791424971,0,,,,,0,0
940aca65a62a393ae07310f7,1791424971,0,,,,,0,0
940c93731040f45ccee8e592,1791424971,0,,,,,0,0
941a8573371a40783a447ce5,1791424971,0,,,,,0,0
941ef2086c54be1076d47ede,1791424971,0,,,,,0,0
9421b94d7eb7a11ef01e2b59,1791511133,0,,,,,0,0
9423c27b7f3ccf528a64d588,1791424971,0,,,,,0,0
94241ec1fec4fd18dc31eb2e,1791424971,0,,,,,0,0
9426fb6cb73718a4b07340ec,1791511133,0,,,,,0,0
942aab363d83ee5f6051f0b9,1791424971,0,,,,,0,0
9437f24b40365a3fd59b7307,1791424971,0,,,,,0,0
943b0a23603669c7bccff843,1791424971,0,,,,,0,0
944075b3c42c8782bf5e376b,1791424971,0,,,,,0,0
9441b3e60d7a0e16dda5401f,1791424971,0,,,,,0,0
944b8c83ed0db771e429a673,1791424971,0,,,,,0,0
945202af639bd961eeafb65b,1791424971,0,,,,,0,0
9456ad2c88e28ced3c508dbf,1791424971,0,,,,,0,0
9459f6199dd1cf18e535533b,1791424971,0,,,,,0,0
945cad91abcbe8940f81fb32,1791424971,0,,,,,0,0
946878e8ed19f51e0bb7e93e,1791424971,0,,,,,0,0
94920e78b1db10f13700b8ae,1791424971,0,,,,,0,0
949817748789255e6f024ee2,1791511133,0,,,,,0,0
949a23fbb66c70dcd738c8db,1791424971,0,,,,,0,0
949fb312851d998b1afcf265,1791424971,0,,,,,0,0
94a96e7c3f055de2ee133b0e,1791424971,0,,,,,0,0
94a9c46ae5e898c0d4efde45,1791424971,0,,,,,0,0
94aac1dec92800815fc64d97,1791511133,0,,,,,0,0
94ac26b0ab2ea2bf8fa4d496,1791424971,0,,,,,0,0
94aef28792ff5a0ec602f47a,1791424971,0,,,,,0,0
94afc83447d8539ebb9973a8,1791511133,0,,,,,0,0
94b2b3185b13fd1a50647153,1791424971,0,,,,,0,0
94b383848883f7c3d3e5c51a,1791424971,0,,,,,0,0
94b4957b42f40dd1f491e9ea,1791424971,0,,,,,0,0
94b4a9e6e4d53f17917d13f7,1791424971,0,,,,,0,0
94b58f1dbb7b39c7a32312e4,1791424971,0,,,,,0,0
94bb7d6b1ab5b6ed787c72f3,1791424971,0,,,,,0,0
94c08a50b774a1f89e519979,1791424971,0,,,,,0,0
94c48d13f42d7b56f04194e7,1791424971,0,,,,,0,0
94cbb675ce261977056d8266,1791424971,0,,,,,0,0
94cc5c3f8cf65d7976482c4b,1791424971,0,,,,,0,0
94cecce5c7b6a83d06986fe5,1791424971,0,,,,,0,0
94d761b462489c76d47fd768,1791424971,0,,,,,0,0
94d79972bcbf304cd51945e8,1791424971,0,,,,,0,0
94d8084a16c97aa5780210e4,1791424971,0,,,,,0,0
94d900ef21c8fdf916564123,1791424971,0,,,,,0,0
94dbcb8dd9f53178db56c9bd,1791424971,0,,,,,0,0
94e76a0e1e12c79ea0592d48,1791424971,0,,,,,0,0
94e8499692233dad47cb092f,1791424971,0,,,,,0,0
94ebdc40a592a9a857f7049d,1791424971,0,,,,,0,0
94f2f97f9957db7a0964b55e,1791424971,0,,,,,0,0
94f66c63983576a5ea2192d3,1791511133,0,,,,,0,0
94f68853d3340013d65b1cd8,1791424971,1,0001428205-26-000107,"7.01,9.01",1789157589,13.0,0,1
94f6fd5f1508158190b05fa9,1791424971,0,,,,,0,0
9503174d5a51b080e9f11fd1,1791424971,0,,,,,0,0
95032c1c66fbaafb0574a3d8,1791424971,0,,,,,0,0
95035b1bd6e937a7a99d9933,1791424971,0,,,,,0,0
95080d559409cd1f2258804d,1791424971,0,,,,,0,0
950eb0ac30e2a1428c32cdfe,1791424971,0,,,,,0,0
9510b08d5a4061eefc3bc722,1791424971,0,,,,,0,0
951123b0a114c8cab9758c8e,1791424971,0,,,,,0,0
9512a636c8821bfcbbf8304c,1791511133,0,,,,,0,0
9515822a3490ffe461b78b2a,1791424971,0,,,,,0,0
951653aa83113bb40e418099,1791424971,0,,,,,0,0
951c6e9464761ff9437eb33b,1791424971,0,,,,,0,0
951f1528e91bdadd7bf3a9b6,1791424971,0,,,,,0,0
9524305ba2ec0b1531952e51,1791511133,0,,,,,0,0
952983e8a8b96b272728e806,1791511133,0,,,,,0,0
9529f2d4145296b08b22393b,1791424971,0,,,,,0,0
952b3da3194717d1b970fdb8,1791424971,0,,,,,0,0
95316e56afc72c81f9f2e11c,1791424971,0,,,,,0,0
953743a03046efa3c00b4458,1791424971,0,,,,,0,0
95397072ea5cf1e860e42e18,1791424971,0,,,,,0,0
953d106128d70d13314873da,1791424971,0,,,,,0,0
953f1d9ed03d7ce5424cfaea,1791424971,0,,,,,0,0
9540256e3d89c6797cd86c42,1791424971,0,,,,,0,0
95427b94da6c85c54a603b46,1791424971,0,,,,,0,0
9545de0c7b288f973fcda4ce,1791424971,0,,,,,0,0
954a9bb0c8313fbfc124c263,1791424971,0,,,,,0,0
954dab945a5182af0b94bd29,1791424971,0,,,,,0,0
955318b9930602fe419410cc,1791424971,0,,,,,0,0
955342f804e8fc4e7a266b6b,1791424971,0,,,,,0,0
9554a59d4118448a4d8c8238,1791424971,0,,,,,0,0
95673bf75ec32957fbb358dd,1791511133,0,,,,,0,0
956b9e2fd0e8311909ac0d8c,1791424971,0,,,,,0,0
956c0fdb6d127de7e7a30c3c,1791424971,0,,,,,0,0
956d34554ec5333ffb2c13a6,1791424971,0,,,,,0,0
956d5e87341d6b0e457f179a,1791424971,0,,,,,0,0
956d9f4ed5db0726fed0198d,1791424971,1,0001171843-26-006315,"8.01,9.01",1790812794,5.5,0,1
9571dd6905ca5a8ab3843b6b,1791424971,0,,,,,0,0
957e0393d0ef05a589c155f2,1791424971,0,,,,,0,0
957f295d91ade53bd38ef1ec,1791424971,0,,,,,0,0
957f6b064c5fefd5662efb80,1791424971,0,,,,,0,0
9580e1e485a793ba7c50a2ff,1791424971,0,,,,,0,0
95829415aa6c3b52bb6d3d99,1791424971,0,,,,,0,0
958c9a80d08f024068cc69ed,1791424971,0,,,,,0,0
958ec768c27d137ec472d317,1791424971,0,,,,,0,0
95907bc607cfc45571eaf54d,1791511133,0,,,,,0,0
9596554b251aa1eb6d4b2aa8,1791424971,0,,,,,0,0
959e10473e2c00eb1b94d458,1791511133,1,0000753308-26-000074,"8.01,9.01",1791317739,5.5,0,1
959eb876cc6a27d9c7674bec,1791424971,0,,,,,0,0
959f10fd3571c89d8d570942,1791424971,0,,,,,0,0
959f391f0b9ca4084606d6ad,1791424971,0,,,,,0,0
959feea07d8b998d610e2f4c,1791424971,0,,,,,0,0
95a0784c2163680acc50c4ef,1791424971,0,,,,,0,0
95a1907621d16c120a3afc2c,1791511133,0,,,,,0,0
95a614dd26989ab31b0605aa,1791424971,0,,,,,0,0
95a88096bb483694310725cf,1791424971,0,,,,,0,0
95a885e13bc0b751892c7a7f,1791424971,0,,,,,0,0
95a90b3092747019ed557dc8,1791424971,0,,,,,0,0
95a931a3e834a661f993a8f1,1791424971,1,0001174922-26-000066,"8.01,9.01",1789080198,6.5,0,1
95aa1970150eff969345238b,1791424971,0,,,,,0,0
95ab420e8ee3e84fcc67dcbb,1791424971,0,,,,,0,0
95ae274f8515b3f6e1c778ca,1791511133,1,0001104659-26-114364,"1.01,2.03,9.01",1791404165,10.0,0,1
95b1d7a41bb2e61b80ba3d67,1791424971,0,,,,,0,0
95b94b92c14105f4108ba8d0,1791424971,0,,,,,0,0
95c4cc3f460d45987dce2e16,1791424971,0,,,,,0,0
95c8f4747d29cf66d903a032,1791424971,0,,,,,0,0
95d348fe8f1bd1c607bec0db,1791511133,0,,,,,0,0
95da6a4248899c05ef988b51,1791424971,0,,,,,0,0
95dcdb557dfb6135fbf7d86c,1791424971,0,,,,,0,0
95e29da7ed2ebc55b3b08c24,1791424971,0,,,,,0,0
95e302addccf10e479991959,1791424971,0,,,,,0,0
95e3d802a314e0f49fc6fd68,1791424971,0,,,,,0,0
95e56906ad1e19248ddec057,1791424971,0,,,,,0,0
95e634be152138ddc1e63fa4,1791424971,0,,,,,0,0
95e9220fc9446c5259bed289,1791511133,0,,,,,0,0
95eb02a4b4419463d29f4088,1791511133,0,,,,,0,0
95f00992da51b8a09af6e6d4,1791424971,0,,,,,0,0
95f14bc246bffa930329fefe,1791424971,0,,,,,0,0
95f995d613de925b4f729300,1791424971,0,,,,,0,0
95fc7a129313f012ac901ca6,1791424971,0,,,,,0,0
96019aea4ed6f4f54189475b,1791424971,0,,,,,0,0
960763362cc686c25862f801,1791511133,0,,,,,0,0
9608610116093d2a8153195f,1791511133,0,,,,,0,0
96097e0e714cd860fad2bcaa,1791424971,0,,,,,0,0
960d158033941631377773d2,1791424971,0,,,,,0,0
9616104ebdb4b62a4c712e30,1791424971,0,,,,,0,0
961be836c6ea34e90ac04193,1791424971,0,,,,,0,0
961fb4ce3104d81fc1a103da,1791424971,0,,,,,0,0
9626410b5f1456d09474268b,1791424971,0,,,,,0,0
962f1d973e09982062ad43ff,1791424971,0,,,,,0,0
9637f8a2c68949310f62af72,1791424971,0,,,,,0,0
96397b13baccdb0501038f7e,1791424971,0,,,,,0,0
963d29bbbdcbfacae93bacba,1791424971,0,,,,,0,0
9646670369f21cbc262a9e56,1791424971,0,,,,,0,0
96470898a50eaeb0db2eb51d,1791511133,0,,,,,0,0
964c2413f6d75b81ca0fe2ce,1791424971,0,,,,,0,0
964d0a1788b8f2c676c17469,1791424971,0,,,,,0,0
964dce6952142310c5e56b6f,1791511133,0,,,,,0,0
964fab0a0002afa0ac40442b,1791424971,0,,,,,0,0
9651567d1eb28558d307d827,1791424971,0,,,,,0,0
9653769dbbcf1451bad9b99c,1791424971,0,,,,,0,0
9656abd3f1dde9caa52818b8,1791511133,0,,,,,0,0
9657bd44dec6a671146ce7bd,1791424971,0,,,,,0,0
9659228f900e845f2b95dc83,1791424971,0,,,,,0,0
965bb3d6f468b6391c09deae,1791424971,0,,,,,0,0
965d95a3a82e586f64a46c6f,1791424971,0,,,,,0,0
965e0ee41f75a9959ee0e59a,1791511133,0,,,,,0,0
96696618c41cb9e923ddd001,1791511133,0,,,,,0,0
966b8329b7ac701ab437effd,1791424971,0,,,,,0,0
96703660231884f6990dfe76,1791511133,0,,,,,0,0
9671039ccb1abb48c618ad38,1791424971,0,,,,,0,0
967235f3b1fbb08122a88fb6,1791424971,0,,,,,0,0
9673b3e627c363bcbfe91814,1791424971,0,,,,,0,0
96743faae5b4f828866f4546,1791424971,0,,,,,0,0
9674981b4eb38ca5e53df679,1791424971,0,,,,,0,0
96781d5b40378f0635ed7346,1791424971,0,,,,,0,0
96a057c6eb954fc01e1ae6d4,1791424971,0,,,,,0,0
96a14a575016678a24b566b1,1791424971,0,,,,,0,0
96a22436390c307be9a76218,1791424971,0,,,,,0,0
96a441d08673f9ae66394b3a,1791424971,0,,,,,0,0
96a952df7dbc49e8e131a9d3,1791424971,0,,,,,0,0
96a96a731f15198ef55fe384,1791424971,0,,,,,0,0
96b1ead64dd4f568868aeb66,1791427778,0,,,,,0,0
96b63974346248152df515d3,1791424971,1,0001289419-26-000048,"7.01,9.01",1790367648,0.5,0,1
96bd022ff17fee74c2e6f1d9,1791424971,0,,,,,0,0
96c0e6a857b76cdc3ef2807e,1791427778,0,,,,,0,0
96c2d11e98e53a6e0699daf5,1791424971,0,,,,,0,0
96c2f86c9d7b81cdbbcb2a23,1791424971,0,,,,,0,0
96cca747c3fd31ee7a62a4d1,1791424971,0,,,,,0,0
96d4aecedbbe28526fc51d87,1791424971,0,,,,,0,0
96d842ca56a1e2d322ca7f18,1791424971,0,,,,,0,0
96db0d1244d0e398324a14b7,1791424971,0,,,,,0,0
96e1f557033f68d444357e27,1791424971,0,,,,,0,0
96e5ee28229f394bfceba1d1,1791511133,0,,,,,0,0
96eabdce734eb78bb148116e,1791424971,0,,,,,0,0
96f13d9b8ae7e9b7016bbff5,1791511133,0,,,,,0,0
96fc569a9bae89b069f55753,1791424971,0,,,,,0,0
96febd7abcaa666c0aaece6f,1791424971,0,,,,,0,0
97001b457a65c12f9bc18945,1791424971,0,,,,,0,0
9703cb869ad9669d2533ba93,1791424971,0,,,,,0,0
97067ea2b17593da128fc70d,1791424971,0,,,,,0,0
970f5ff40e17fd255a5d0258,1791424971,0,,,,,0,0
9710907c13f416b8581fc54e,1791424971,0,,,,,0,0
9710f01eb4251dd893a36a08,1791424971,0,,,,,0,0
9712864a9c7639498c889ff1,1791424971,0,,,,,0,0
9714b894b8f9f33e7464d876,1791424971,0,,,,,0,0
97194f55075062705e10c7b1,1791424971,1,0001104659-26-107721,7.01,1789475450,6.5,0,1
971a46a77ffcba32d255b29c,1791424971,0,,,,,0,0
971ac4a19afc646354125726,1791424971,0,,,,,0,0
971cd83c4a1f989f30e350dc,1791424971,0,,,,,0,0
971e5fec80d33dfb4ab10d70,1791424971,0,,,,,0,0
9721b77f082136c50f943468,1791424971,0,,,,,0,0
9722821aa9e270250776fc55,1791424971,0,,,,,0,0
972d54849b4f7722cf57d6af,1791511133,0,,,,,0,0
9731485851d4044fabae7685,1791424971,0,,,,,0,0
97331569f87b520e87122990,1791424971,0,,,,,0,0
97384901d395d8ccb40222cb,1791511133,0,,,,,0,0
973c36e8ee4ee24546f69d88,1791424971,1,0001193125-26-394356,"1.01,2.03",1789676115,6.5,0,1
973e5f8bc86b3841f81341a1,1791424971,0,,,,,0,0
973f4fa65ca88ca4a4d6d052,1791424971,0,,,,,0,0
974138ba9c696c4faf20c897,1791424971,0,,,,,0,0
9749d7331109ab54b9579781,1791424971,0,,,,,0,0
974d8fe9eac0f016be72c3d2,1791511133,0,,,,,0,0
974f8cdff6395037ffd331de,1791424971,0,,,,,0,0
9752f1d2588b73b47c656c61,1791424971,0,,,,,0,0
9757d0f61b13962750ad43db,1791424971,0,,,,,0,0
975b18abfde7239d3c1b75e3,1791424971,0,,,,,0,0
975e2c43f86c60a949660958,1791511133,0,,,,,0,0
97628cfe307f077db209461c,1791424971,0,,,,,0,0
97685e4cc7978e908bf9a966,1791424971,0,,,,,0,0
97692b9dea0863714aa09c68,1791427778,0,,,,,0,0
976b6c09835fcd89e87e3296,1791424971,0,,,,,0,0
97715d528bfacabe23eed858,1791424971,0,,,,,0,0
97780e860191c909a8a9ba23,1791424971,0,,,,,0,0
9778efe1385fb58c9bfada44,1791424971,0,,,,,0,0
977985ffd6e22f5f6b7eeaca,1791424971,0,,,,,0,0
977abe2d32e957c6c4bf45ea,1791424971,0,,,,,0,0
977d140712c28bee4e2b1167,1791424971,0,,,,,0,0
9787094bf2783b191c816686,1791424971,0,,,,,0,0
9788d6f559e00bb87a3e40f8,1791424971,0,,,,,0,0
978a162a98683c26f2c23a8b,1791424971,0,,,,,0,0
978a2fef9f3ed213f7e8ce9c,1791424971,0,,,,,0,0
978f75574565d0cc2c0867a8,1791424971,1,0001506293-26-000136,5.02,1790975405,7.0,0,1
9793f3b049dd2148a633ed24,1791511133,0,,,,,0,0
979516dd5e219e683bfaa360,1791424971,0,,,,,0,0
97a3246840d80c6e8c8576ef,1791424971,0,,,,,0,0
97acef69f2cc0f3d4f249537,1791427778,0,,,,,0,0
97ada8ef9415bdd494fa6811,1791424971,1,0001193125-26-402817,"5.02,7.01,9.01",1790366715,5.5,0,1
97af83bdfecaaf49256d0bfc,1791424971,0,,,,,0,0
97afd2793df2a05f6ca45ea2,1791424971,0,,,,,0,0
97b39d62435503e00e77b40c,1791511133,0,,,,,0,0
97b428775e44c4a9cf23aee4,1791511133,0,,,,,0,0
97b4daa090b62da348365ee9,1791424971,0,,,,,0,0
97b5b2d94623d91ae6375b4b,1791424971,0,,,,,0,0
97ba698ffa9ad933d88ade6f,1791424971,1,0001104659-26-108945,"3.01,7.01,9.01",1789762524,8.0,0,1
97c23fcc8984ebc960939faa,1791424971,0,,,,,0,0
97c3cff3e7ae5cca1d143499,1791511133,0,,,,,0,0
97d24be8db2c447605dd6db0,1791424971,0,,,,,0,0
97d357908ea8d6294e39da59,1791424971,0,,,,,0,0
97dcec83d211b54f3fbd8ab4,1791424971,0,,,,,0,0
97e4456885e62a417b66c95a,1791424971,0,,,,,0,0
97e45984079928f1a0cc8bfb,1791424971,0,,,,,0,0
97ec059d4790cacd30ae2e97,1791424971,0,,,,,0,0
97ecdd08b97d799607b691f1,1791424971,0,,,,,0,0
97f2672c3bf8a669835cddf9,1791424971,0,,,,,0,0
97f493fdbeb34780eea0b951,1791424971,0,,,,,0,0
97f7576a7c61a67d9aa43697,1791424971,0,,,,,0,0
97fd736094965e24a67495a8,1791424971,0,,,,,0,0
97fdba4b8214df49f54f0acc,1791424971,0,,,,,0,0
97feb0b11ab368734a6af9d8,1791424971,0,,,,,0,0
9802fe374907c5014ffc4e68,1791424971,0,,,,,0,0
980d49bc9111532f85665c7e,1791424971,1,0001193125-26-397208,"1.01,2.03,9.01",1790073326,4.5,0,1
980d97f25550a016a998aea0,1791424971,0,,,,,0,0
980f02675add8785a4335e24,1791424971,0,,,,,0,0
980fef051d0ad29a045b340c,1791424971,0,,,,,0,0
9819136151da60bbd756e4e0,1791511133,0,,,,,0,0
981afc808e456a105c3f102a,1791424971,0,,,,,0,0
9824b53d2f057a87b6b3611b,1791424971,0,,,,,0,0
98260206d123928a2d9e1a7e,1791424971,0,,,,,0,0
9826228bec407a4f3caec039,1791424971,0,,,,,0,0
9826c0253159ac71e81ae29e,1791424971,0,,,,,0,0
982738a14ab85a3053741359,1791424971,0,,,,,0,0
98370141359e9791a4293d81,1791424971,0,,,,,0,0
983730c5e0424f2b5df734f7,1791424971,0,,,,,0,0
983e5fee49b76444bfcebd1a,1791424971,0,,,,,0,0
983fad3ad2052dde39eb0eb7,1791511133,0,,,,,0,0
984250003172cf0e5de628ee,1791511133,0,,,,,0,0
984fa506f2a7ea428c719421,1791424971,0,,,,,0,0
9857c3362035c44459052c89,1791424971,0,,,,,0,0
9857d942fac9b0738a4dfb6d,1791424971,0,,,,,0,0
98582a130aa0156753b7159f,1791424971,0,,,,,0,0
985b062de8d5c5b3cca94dc8,1791424971,0,,,,,0,0
986842f3dd57b42b800c8ec6,1791424971,0,,,,,0,0
98688ca07727d33b6fdfddab,1791424971,0,,,,,0,0
9877fa03c677d8d819774b71,1791424971,1,0001193125-26-409787,"1.01,2.01,2.03,7.01,9.01",1790852398,0.5,0,1
98788d34862bbfe24ca8430c,1791424971,0,,,,,0,0
987999b8705475e05ed887cd,1791424971,0,,,,,0,0
987e00a858a43999fd4d8fd2,1791511133,0,,,,,0,0
987e90d7e13baf281df9fadd,1791424971,0,,,,,0,0
987fe4446947e35633ed87eb,1791424971,0,,,,,0,0
9881b34a8213486ceadb2562,1791511133,0,,,,,0,0
9886bd4e35844c443b8a39e6,1791424971,0,,,,,0,0
988ccb74295a0158c0261c9e,1791424971,0,,,,,0,0
9892169a45ba502ae26e5207,1791424971,1,0001193125-26-385256,"5.02,7.01,9.01",1788899426,5.5,0,1
98951333ebd6cd6b0b2cc5da,1791511133,0,,,,,0,0
98969fce3f374d3dd6c64d29,1791424971,0,,,,,0,0
98979fd0a825f449ef59ea78,1791424971,0,,,,,0,0
9898dff95fd67509ec14be9d,1791424971,0,,,,,0,0
989924a49fa60ed91a63015b,1791424971,0,,,,,0,0
989af864384679573355caa2,1791424971,0,,,,,0,0
989d137caf750fc2873c8fee,1791511133,0,,,,,0,0
98a1d105e18dc563cbfcdf09,1791424971,0,,,,,0,0
98a3add69353362798ca5061,1791424971,0,,,,,0,0
98a3c1c54d79a00fce55f31c,1791511133,0,,,,,0,0
98a49bf26fd1413ef1d7970e,1791424971,0,,,,,0,0
98a52d15a61292a3dcdea960,1791424971,0,,,,,0,0
98ae29c42b8a7e7e5a91074f,1791424971,0,,,,,0,0
98b33bafb7c715c923cc53bd,1791424971,0,,,,,0,0
98b88b11e4cbb9484524d94a,1791424971,0,,,,,0,0
98bbb551151f10a09c3a5ea3,1791424971,0,,,,,0,0
98c51955ce1462af664d7ade,1791424971,0,,,,,0,0
98c6d83d19023a0a7884595b,1791424971,0,,,,,0,0
98c8be9c537a1d5e65bd905e,1791424971,0,,,,,0,0
98cb3914c248048ec454eafa,1791424971,0,,,,,0,0
98cca1badc3fb0d62050a099,1791424971,0,,,,,0,0
98de7e509f0a4aac09484d2c,1791424971,0,,,,,0,0
98e64a2d32aae84d08a04feb,1791424971,0,,,,,0,0
98e7e6d7ece99d33193bb2db,1791424971,0,,,,,0,0
98ea5d84f9d8a14812967944,1791424971,0,,,,,0,0
98ea6a92264b1c07f9ffea82,1791424971,0,,,,,0,0
98eed4ead270703ddb33aba9,1791424971,0,,,,,0,0
98f0dcd280266e374328be67,1791511133,0,,,,,0,0
98f8864255eb4a1a84c61396,1791424971,0,,,,,0,0
98fd263e63e35e41e26ef324,1791424971,0,,,,,0,0
99007b93c4f21ddc2607fbfd,1791511133,1,0000040729-26-000021,"5.03,9.01",1791404492,8.0,0,1
99039d8cffe603fb07a9bdb1,1791424971,0,,,,,0,0
99052b5f958a77092c8b9f1a,1791424971,1,0001104659-26-106344,"7.01,9.01",1788985401,1.5,0,1
9905ff7c370334c567752d23,1791424971,0,,,,,0,0
9907357a999cf426fd1f0f13,1791424971,0,,,,,0,0
99111f83a85c658da34021e6,1791511133,0,,,,,0,0
9911f167b0de594f39c8dc94,1791424971,0,,,,,0,0
991565b316c7d470463a6589,1791424971,0,,,,,0,0
99190ad3c4fb306257375c18,1791424971,0,,,,,0,0
9922a9a3183d13ed648003a7,1791424971,0,,,,,0,0
992781c4bcd1b54f49a8a1ff,1791424971,0,,,,,0,0
99284cc790eb4c8464281783,1791424971,0,,,,,0,0
9928da2a7ee0f0cc384fff54,1791424971,0,,,,,0,0
9932e4757b478998e28a9778,1791424971,1,0001193125-26-386510,"2.02,9.01",1788985817,3.5,1,0
993739fceb0a94fd82686d60,1791424971,0,,,,,0,0
99373db3a6cca87c04695740,1791424971,0,,,,,0,0
993b17a18c07bf3dd33401da,1791424971,0,,,,,0,0
993f3cb91b9d5bcc38876b0c,1791424971,0,,,,,0,0
99468139368ca831e58d5ca8,1791424971,0,,,,,0,0
99468e3231bc2b114d713f94,1791424971,0,,,,,0,0
99481e1c4337378976896ff3,1791424971,0,,,,,0,0
994a0915dac6174a315c9b53,1791511133,0,,,,,0,0
994f3bd003006df9612aa74a,1791511133,0,,,,,0,0
995226ee81668de7b495bf9d,1791424971,1,0001171843-26-006074,"8.01,9.01",1789588817,1.5,0,1
9952a74d97d49733fcf77b09,1791424971,1,0001331875-26-000087,"7.01,9.01",1789591203,12.0,0,1
9953cabc77fbeb805940d606,1791424971,0,,,,,0,0
99541e67931d0147bd4a0e22,1791424971,0,,,,,0,0
995a1d83d1517f35c318460b,1791511133,0,,,,,0,0
995b738ff04b22b997c147bc,1791424971,0,,,,,0,0
9962ccfd4a03faaffda940ce,1791424971,0,,,,,0,0
9962d9923c5e963b3c84fee0,1791511133,0,,,,,0,0
996978483d9107fd58ad6e40,1791424971,0,,,,,0,0
9969884c895e7e0b6485ec6c,1791424971,0,,,,,0,0
996e58141e5d218dd91b4131,1791424971,0,,,,,0,0
996eb17b02f478011ffd8e66,1791424971,0,,,,,0,0
9970b38ed31db0f300ccb798,1791511133,0,,,,,0,0
9972c551452db7ed4e95d725,1791424971,0,,,,,0,0
99753faf6a0f05d61f70c388,1791424971,0,,,,,0,0
9976a94d6203ad85a9b28e78,1791424971,1,0001628280-26-062997,"5.02,9.01",1790098873,3.1869444444444444,0,1
9979e90c1107763fbef2f85e,1791424971,0,,,,,0,0
997caff0e4540d17b11db636,1791424971,0,,,,,0,0
997d91cc5f07ed9b4ed5007a,1791424971,0,,,,,0,0
997d980835a9a6f7ab598d31,1791424971,0,,,,,0,0
997de1ab7613db4ad4f47e69,1791424971,0,,,,,0,0
99825d5ffbe121674f7909fa,1791511133,0,,,,,0,0
9984163fb3faf15cb21764fa,1791424971,0,,,,,0,0
998443c5a4c750c09f955b94,1791424971,0,,,,,0,0
9985d7116f9d666d85081401,1791424971,0,,,,,0,0
9986a6172e88c1a0e9d436f1,1791424971,0,,,,,0,0
99919f4ddaf7cb407a69b937,1791511133,0,,,,,0,0
999a869ffbaf4b37a1ae9693,1791424971,0,,,,,0,0
99a54e4135fa87dc0f889149,1791424971,0,,,,,0,0
99b178dbf82dff06189047ae,1791424971,0,,,,,0,0
99b2c6464e0fd613f626a69c,1791511133,0,,,,,0,0
99b3491a6695a853d0fdbd82,1791424971,0,,,,,0,0
99b46ca77669c6683a127286,1791424971,0,,,,,0,0
99b82abf706c2f7652109498,1791424971,1,0001728951-26-000064,"7.01,9.01",1789590971,7.0,0,1
99c0a54a11c834187553da3c,1791424971,0,,,,,0,0
99c85eb6544eda8c39b2f0e0,1791424971,0,,,,,0,0
99ca89511e5cb53755cf3387,1791424971,0,,,,,0,0
99cad9ee354b1c3271f5b509,1791511133,0,,,,,0,0
99d151c791cd93f7ace36431,1791424971,0,,,,,0,0
99d3055b60803b1bded8496a,1791424971,0,,,,,0,0
99d4a3b14c92913a1f7ab6a4,1791424971,0,,,,,0,0
99d80ebc97c7e41ed595f88e,1791424971,0,,,,,0,0
99d9383ac8d08905b9181da0,1791424971,0,,,,,0,0
99dc633eb3e4e899f0b55e86,1791424971,0,,,,,0,0
99e0df8a601dbffba261cefe,1791511133,0,,,,,0,0
99e187f7099e980045621fef,1791424971,0,,,,,0,0
99e406b595082d8b5b63389b,1791424971,0,,,,,0,0
99e4a1764247d3ab321e4f5a,1791511133,0,,,,,0,0
99e8b794f3ac9cdf2f783e97,1791511133,0,,,,,0,0
99ea2e3734bbff41189b8f84,1791424971,0,,,,,0,0
99ebc3bbaf788633d3522e11,1791424971,0,,,,,0,0
99ee2de94fd07ba706966c68,1791424971,0,,,,,0,0
99f0efa1bc9ecebaf2a227bc,1791424971,0,,,,,0,0
99f3023cf99e21498ee9cf48,1791424971,0,,,,,0,0
99fa16568fa3f1ecd9872fa8,1791424971,0,,,,,0,0
99fa958cb61bcc2e383106ab,1791424971,0,,,,,0,0
99facef87afbeb07b191e407,1791424971,0,,,,,0,0
99fb19a2ccf80b645abe2ac7,1791424971,0,,,,,0,0
99fb58cffd84d4004f027259,1791424971,1,0001104659-26-110965,5.02,1790366738,7.0,0,1
99fcf2786e0f07574752d826,1791424971,1,0000950142-26-002552,5.02,1789554637,3.5,0,1
99feaf621a889d69dea669a2,1791424971,0,,,,,0,0
9a001702993463062eeb3231,1791424971,0,,,,,0,0
9a00e982d6a65a4430bc0edb,1791424971,0,,,,,0,0
9a0701b5f2749c6cf35dd71d,1791424971,0,,,,,0,0
9a078ab77e46f83c9dba80e1,1791424971,1,0001104659-26-106419,8.01,1788990538,6.5,0,1
9a094a70379075f48d09aad0,1791424971,0,,,,,0,0
9a0c0f09f9147befbeaf632b,1791424971,0,,,,,0,0
9a0e7f926f5da00a7071aaaa,1791424971,0,,,,,0,0
9a0f6ee7d9b4707b01db2ded,1791424971,1,0001193125-26-357758,"2.01,3.01,3.03,5.01,5.02,5.03,9.01",1787222033,2.5,0,1
9a115a1aabf3c609356a803b,1791424971,0,,,,,0,0
9a13553e4cddffe2f23ad414,1791424971,0,,,,,0,0
9a14c819aa6da45d12529976,1791424971,0,,,,,0,0
9a15c2025924dcff9ceb242f,1791424971,0,,,,,0,0
9a1f94bdb7af771a7e1aee30,1791424971,0,,,,,0,0
9a221788f9f0900ae7493a0b,1791424971,0,,,,,0,0
9a2bef9b8e795287a5a340a8,1791424971,0,,,,,0,0
9a37b3c8cc3cfa968d8475c7,1791424971,0,,,,,0,0
9a3c13d41bb7fe31a49f0a2b,1791424971,0,,,,,0,0
9a40dc6a466fcbfe83cb2a9c,1791511133,0,,,,,0,0
9a4262c86cfd1a36838a6e83,1791424971,0,,,,,0,0
9a4c1acbeed0866a6f4cb29d,1791424971,0,,,,,0,0
9a4d444fc94cddfd43fd6b34,1791424971,0,,,,,0,0
9a507a8cbcbc760c354db351,1791424971,0,,,,,0,0
9a5b50e7b2e2078948d8ce95,1791424971,0,,,,,0,0
9a5c2606743301775dee798a,1791424971,0,,,,,0,0
9a61cd367115e8aa94cb224a,1791511133,0,,,,,0,0
9a6b06102d5decae4ddd9da1,1791424971,0,,,,,0,0
9a6d68a03db4806cdfcf66fb,1791424971,0,,,,,0,0
9a714b5fc2c3a1d397f46483,1791511133,0,,,,,0,0
9a7602d0d1d4152d4f47af33,1791424971,1,0001193125-26-387902,"2.02,9.01",1789071364,0.5,1,1
9a7d1652a3f5d81b2fb4f091,1791511133,0,,,,,0,0
9a82f82f57757cc914acc734,1791424971,0,,,,,0,0
9a864176a65fb8f83a9ecb72,1791424971,0,,,,,0,0
9a87a890e149f12831cdd7a2,1791424971,0,,,,,0,0
9a87bbd79beca03d3fcb0d52,1791424971,0,,,,,0,0
9a8a347e94d5bf5a198788cf,1791424971,0,,,,,0,0
9a8fd30045e58dfaaa5fe491,1791511133,0,,,,,0,0
9a97d0f2b2bbfb29213bc66d,1791424971,1,0001193125-26-385257,"1.01,2.01,3.02,7.01,9.01",1788899455,6.5,0,1
9a9d41e5416be59e785761a7,1791511133,0,,,,,0,0
9a9d54badd869dbb7e7651ad,1791424971,1,0001144215-26-000047,"2.02,9.01",1790853655,0.5,1,0
9a9e722328e34945956d0703,1791424971,0,,,,,0,0
9aa0c3da4bcc8d5bf68a9029,1791424971,0,,,,,0,0
9aa204bfcd0697dbc7cc2ad6,1791424971,0,,,,,0,0
9aa3e906f3f14fa2c0ca8b36,1791424971,0,,,,,0,0
9aa4b1f232b5d03ca627a073,1791424971,0,,,,,0,0
9aa7e93832e59f899b0eafb8,1791424971,0,,,,,0,0
9aac431f0d5fea4ee7d9d435,1791424971,0,,,,,0,0
9aac5c8b9682c5a8f7bb6ee3,1791424971,0,,,,,0,0
9aafe16220a6bd7f8eb56244,1791511133,0,,,,,0,0
9ab1000f7f775415a76ebd30,1791424971,0,,,,,0,0
9ab48e2fe6e672c09dcbac10,1791424971,0,,,,,0,0
9ab56a50020f088fe62d8125,1791424971,1,0001104659-26-107721,7.01,1789475450,1.5,0,1
9ab58076f7d018e3fb463255,1791424971,0,,,,,0,0
9ab7b48f1cd3de4eca4b9166,1791424971,1,0001171843-26-006315,"8.01,9.01",1790812794,0.5,0,1
9ab88421f93c25f4b6fa416d,1791424971,0,,,,,0,0
9abe55dd87f7cf6bf9f147c5,1791424971,1,0001564708-26-000190,"8.01,9.01",1787874987,0.5,0,1
9ac1202137dcc04a139a227c,1791424971,0,,,,,0,0
9acbf85b18d26db7141dc32d,1791424971,0,,,,,0,0
9acdc0e058a919c66b6e1dff,1791424971,0,,,,,0,0
9aceac2cd8d98ba3482358a8,1791424971,0,,,,,0,0
9ada5833f2452097aedac646,1791511133,0,,,,,0,0
9adba7e520f1ba15f29c04f0,1791424971,0,,,,,0,0
9addec1cd9cc9fdd1ab0c3c9,1791424971,0,,,,,0,0
9ae1144148b7f63fa5e6f274,1791424971,0,,,,,0,0
9ae86c8a185f4b51a7063152,1791424971,0,,,,,0,0
9aed1db091d821096e480969,1791424971,0,,,,,0,0
9af046b9cca47f9a51c6292b,1791424971,0,,,,,0,0
9af2ccdb1df38821028dd9d2,1791511133,0,,,,,0,0
9af44deeea19f7ffa156f11e,1791424971,0,,,,,0,0
9af4ec66b2f4d2dfca62d728,1791424971,0,,,,,0,0
9af6c4bbd47fd262eaeb2efa,1791424971,0,,,,,0,0
9af803633a32e5e3bd05dfa5,1791424971,0,,,,,0,0
9af8cc99212236e90c536613,1791511133,0,,,,,0,0
9afd51cf1a5344f54376d105,1791424971,0,,,,,0,0
9b00b39e82488f7955e0fca4,1791424971,0,,,,,0,0
9b03f456b98b38578bcfd35a,1791424971,0,,,,,0,0
9b047ca88ba8a448d95bcace,1791424971,0,,,,,0,0
9b0d26d470740c9cae725c8a,1791424971,0,,,,,0,0
9b0e8adc4c89ae8f3933632e,1791424971,0,,,,,0,0
9b0e94b59ae7ba8ae420a4fa,1791424971,0,,,,,0,0
9b13245f21317cbbf6a25f3b,1791511133,0,,,,,0,0
9b13a588614cb30fc199a496,1791424971,0,,,,,0,0
9b141a0615c7a9d5c4087dc4,1791424971,0,,,,,0,0
9b14ce145fda6e0fce114754,1791511133,0,,,,,0,0
9b1542c9f695539502f592ca,1791511133,0,,,,,0,0
9b160973dbb037fdb4bd6e5c,1791424971,0,,,,,0,0
9b218321c39491d27b2a6fe8,1791424971,0,,,,,0,0
9b2a59ba6ceb8112151fea12,1791424971,0,,,,,0,0
9b2ed732bea0a7a70f429661,1791424971,0,,,,,0,0
9b2f4bb43cd1a9db1ae78604,1791424971,0,,,,,0,0
9b30551f70d30bbbb2b89fe6,1791424971,0,,,,,0,0
9b3bd862149ee8006ac1b87f,1791424971,0,,,,,0,0
9b416c041f0650dcdd628951,1791424971,1,0000063908-26-000076,"7.01,9.01",1790164881,13.0,0,1
9b487250aff6a14fe20d457c,1791424971,1,0001193125-26-401093,"7.01,9.01",1790281848,3.5,0,1
9b4c4ccfcc264a41da874364,1791424971,0,,,,,0,0
9b4f53bc1fcb75a090f0c583,1791424971,1,0000950142-26-002526,"7.01,9.01",1788969627,2.5075,0,1
9b518397993a9d9ae84bebec,1791424971,0,,,,,0,0
9b54921d169946dec2eb95e9,1791424971,0,,,,,0,0
9b5618fbd4ef305816fdcb2e,1791424971,0,,,,,0,0
9b5c3f85d185ee82c939655f,1791424971,0,,,,,0,0
9b634349336c93d76a024cd7,1791424971,0,,,,,0,0
9b796d39b3addb3eb1548396,1791511133,0,,,,,0,0
9b7a49288ef2ba5d3280d4e4,1791511133,0,,,,,0,0
9b7bb9806c9df0d0b1423cf6,1791424971,0,,,,,0,0
9b7ce68e7de5ae587a2b0a01,1791424971,0,,,,,0,0
9b7dc3320fc10d062257cdbf,1791424971,0,,,,,0,0
9b80813f9bb44586edfe48ed,1791424971,0,,,,,0,0
9b83d81efe5d5522f1e1b5b3,1791511133,0,,,,,0,0
9b86ca6b788d63f882bc0c07,1791424971,0,,,,,0,0
9b8b44cd9d515e86cf1121e1,1791424971,0,,,,,0,0
9b8d26ac02cf33b30954dc9e,1791424971,0,,,,,0,0
9b91f24993c2894ab4b182fe,1791424971,0,,,,,0,0
9b93073fd4f66b3d022a9e35,1791424971,0,,,,,0,0
9b9876b0fce895a578af145f,1791424971,0,,,,,0,0
9b9bdf24438bcf8722ee1c16,1791424971,0,,,,,0,0
9b9e151f14a63a84a163fa8b,1791424971,0,,,,,0,0
9b9f70163f3ff0c24bbdc4d2,1791424971,0,,,,,0,0
9ba1242191e8d56e9632afa0,1791511133,0,,,,,0,0
9ba26a91a274726bd89c6650,1791424971,0,,,,,0,0
9ba4ba3332564bb2232c68fb,1791424971,0,,,,,0,0
9bac53188c694cca9390b0e7,1791511133,0,,,,,0,0
9baf72f5d7930b3fc8cab6b6,1791424971,1,0001193125-26-366694,"1.02,2.01,3.01,3.03,5.01,5.02,5.03,9.01",1787765221,0.9502777777777778,0,1
9bafcd8362b0752ac493eec5,1791424971,0,,,,,0,0
9bb2498ee956c31be216b24d,1791424971,1,0001193125-26-388709,"8.01,9.01",1789133105,6.5,0,1
9bb3e2f35e6db1e46005d093,1791424971,0,,,,,0,0
9bb74986d911b43f1a567d18,1791424971,0,,,,,0,0
9bbe63618df8b25278fa4d3f,1791424971,0,,,,,0,0
9bbef59df7c1cb7b4c6a5e35,1791424971,0,,,,,0,0
9bc00c024c2807fe8c135444,1791424971,0,,,,,0,0
9bc8e7cacf2751c0d34ad2bd,1791511133,0,,,,,0,0
9bd2b138d861ae37c712ce07,1791424971,0,,,,,0,0
9bd3108d176bb002b37fd2ea,1791424971,0,,,,,0,0
9bd3a1f90b883c19a3700099,1791511133,0,,,,,0,0
9bd76b77ddceb830c42a81c5,1791424971,1,0001803599-26-000147,"2.02,9.01",1790712645,0.5,1,0
9bd90b235274d71162327186,1791424971,0,,,,,0,0
9bdce5b79fd03ffd4f12bf48,1791424971,0,,,,,0,0
9be24e34bd2e4382ba51611b,1791424971,1,0001683168-26-006693,"1.01,5.02,9.01",1787601807,6.5,0,1
9be2b94d852e24a8f14347ed,1791424971,0,,,,,0,0
9be2d9eb8b172447d50d9e13,1791424971,0,,,,,0,0
9bec0ac914c3c06df35c50ee,1791424971,0,,,,,0,0
9bec6a20fab7e3bd7d6e3519,1791424971,0,,,,,0,0
9bf6b014e45f0c3aa9f6da95,1791424971,0,,,,,0,0
9bf8f0327706416f32205c4b,1791424971,1,0001805526-26-000104,"1.01,5.03,9.01",1789162066,6.5,0,1
9bf94dc6487a2ad958246768,1791424971,0,,,,,0,0
9c0087b41d7ac62b70f64f6b,1791424971,0,,,,,0,0
9c00c4656f6bf80a6fb00c19,1791424971,0,,,,,0,0
9c0dc91ec42eb39095275bd4,1791424971,0,,,,,0,0
9c0e8a56b0d1e7106538ec33,1791424971,0,,,,,0,0
9c0fe4cdc053cb8985e6b5d7,1791424971,0,,,,,0,0
9c15fd56ef259767dcc8b5f7,1791424971,1,0001193125-26-398015,"1.01,2.03,3.02,9.01",1790109664,0.5,0,1
9c18bfc6e57cdaf13fa9a3ff,1791424971,0,,,,,0,0
9c18f0e4f79282cfc95c83fb,1791424971,0,,,,,0,0
9c1ca858396a4420b72005b2,1791424971,0,,,,,0,0
9c2206837bded872c63097f4,1791424971,0,,,,,0,0
9c27cddcecfcfee3241b8dbb,1791424971,0,,,,,0,0
9c391493663f4b3b006c0c3e,1791424971,1,0000899051-26-000135,"7.01,9.01",1789644999,0.5,0,1
9c395bf61ba699e4d310af7d,1791424971,0,,,,,0,0
9c3e3442588aaf5367772a6c,1791424971,0,,,,,0,0
9c3fde1f01130b42705c1d74,1791424971,0,,,,,0,0
9c4453baf38c2e3a447cff9f,1791511133,0,,,,,0,0
9c47dbffa3a2a69ebb10ce62,1791424971,0,,,,,0,0
9c480f82bda7d4660590b792,1791424971,0,,,,,0,0
9c4982aa61b313b79b07875b,1791424971,0,,,,,0,0
9c4bdac0c45a5bedb6641969,1791424971,0,,,,,0,0
9c4be64ad9d001e95f91e571,1791424971,0,,,,,0,0
9c4e134c3ffd68bce635a754,1791424971,0,,,,,0,0
9c4ec71f89c997ca4d86128a,1791424971,1,0001805526-26-000104,"1.01,5.03,9.01",1789162066,6.5,0,1
9c54da4d12368434cbdb5b36,1791424971,0,,,,,0,0
9c5729c6307b810982d88ffb,1791424971,0,,,,,0,0
9c5950e7a43e5742376e1a70,1791424971,0,,,,,0,0
9c5ed5ab584513241a9755b8,1791424971,0,,,,,0,0
9c640986a0b1f555894409ee,1791424971,0,,,,,0,0
9c6b13cffbf1082305c738d1,1791511133,0,,,,,0,0
9c6b2cf162470e5f85548b27,1791424971,0,,,,,0,0
9c6be5d9a1b3ffbf49c13c2b,1791424971,0,,,,,0,0
9c6dd213c3dc9fbb49db7e34,1791511133,0,,,,,0,0
9c6ed115e12187e1ca917360,1791424971,0,,,,,0,0
9c71c929cb3e3e4a49d9f6b0,1791424971,0,,,,,0,0
9c7627451572f025b01b9dbe,1791424971,0,,,,,0,0
9c7887bf89a202c99044fdc7,1791424971,0,,,,,0,0
9c7b9e119bde7bd7d1fcdf2d,1791424971,0,,,,,0,0
9c7d14ab8a4bf608447e0816,1791424971,0,,,,,0,0
9c7dc09b5bf1ac9f9b1b45fe,1791424971,0,,,,,0,0
9c7f9ac124766a39fd209e36,1791424971,0,,,,,0,0
9c80739a836d7fddab0a84c4,1791424971,0,,,,,0,0
9c81aa5d84f9af3cd9114ac9,1791424971,0,,,,,0,0
9c837879638e7b6c85d641d5,1791424971,0,,,,,0,0
9c852ad18fec9070811ae36f,1791424971,0,,,,,0,0
9c8b7af0f5f37fadca16677a,1791511133,0,,,,,0,0
9c8df671b3983fc7b291bd3c,1791424971,0,,,,,0,0
9c91adaa17c18d29f6416086,1791424971,0,,,,,0,0
9c92de62d2dec20f1fd6c0d3,1791424971,0,,,,,0,0
9c936bfffd6492be5b9af560,1791424971,0,,,,,0,0
9c9586d2ee4b6e32f2933c9b,1791424971,0,,,,,0,0
9c997966eff3c8098fcbc0c6,1791424971,0,,,,,0,0
9c9d7f74c9e110b84e8bab13,1791424971,0,,,,,0,0
9c9f8b3c2499376ccdbf12e9,1791424971,0,,,,,0,0
9ca044744145f61e648d9db0,1791424971,0,,,,,0,0
9ca057ac2e9ad038afa96024,1791424971,1,0001437749-26-031296,5.02,1790607088,1.3577777777777778,0,1
9cb36425e53cbad80766a9b6,1791424971,0,,,,,0,0
9cc4c4ee122703f65664ccdd,1791511133,0,,,,,0,0
9ccbf5336c82c8fc927c269f,1791424971,0,,,,,0,0
9cd2176da7ee4dd4b73e6ba8,1791424971,0,,,,,0,0
9cd2cc529c19993ecfda3d61,1791424971,0,,,,,0,0
9cd5a937d570dcd3157ccf63,1791424971,0,,,,,0,0
9cd8934bf8047a3ec71da9db,1791511133,0,,,,,0,0
9cda40859ce70f550903a5e7,1791424971,0,,,,,0,0
9cdc64d4dfebb5a026276804,1791424971,0,,,,,0,0
9cdc683109a97fa79b9a203e,1791511133,0,,,,,0,0
9ce1ee58f73236a99a63995a,1791511133,1,0001679273-26-000053,"5.02,9.01",1791320492,2.5,0,1
9ce80f9f63957fc350f8077e,1791424971,0,,,,,0,0
9cec77dbb89bb79cd5447f6c,1791424971,0,,,,,0,0
9ceddd49890bf890e6f7b96c,1791424971,0,,,,,0,0
9ceefe28aa44cca704a56a59,1791424971,0,,,,,0,0
9cf0827838fb00c518fee2da,1791424971,0,,,,,0,0
9cf1d2d5a15af73950cd83b5,1791424971,0,,,,,0,0
9cf1e08d985865a61466118e,1791424971,0,,,,,0,0
9cfbc023b3bb907031c3c967,1791511133,0,,,,,0,0
9d00f5c1b7e07760ce4669e1,1791424971,0,,,,,0,0
9d0165f49ab55bfdcc3572ff,1791511133,0,,,,,0,0
9d045ef04d729d36580b4163,1791424971,0,,,,,0,0
9d05aacbf287292450bb060e,1791424971,0,,,,,0,0
9d131302a9926098be9eb0cd,1791424971,0,,,,,0,0
9d15bbb769ed5e5d1176f122,1791424971,0,,,,,0,0
9d1a171e244c3be9909599ac,1791424971,0,,,,,0,0
9d1b096eccb838c3ed3e3edf,1791424971,0,,,,,0,0
9d2312a2c42855a671903290,1791424971,0,,,,,0,0
9d236a4fa3d6c05cbdbab55d,1791424971,0,,,,,0,0
9d25844314fdd21b2f985d71,1791511133,0,,,,,0,0
9d2f9873b3591a4302af7062,1791424971,0,,,,,0,0
9d319055fb17ebb2b534c58c,1791424971,0,,,,,0,0
9d3225822820a92c45ab33a4,1791424971,0,,,,,0,0
9d3290421cadca12e1a068a0,1791424971,0,,,,,0,0
9d32b86b712bbec5cbc1c5e5,1791424971,0,,,,,0,0
9d333221c212678493bc6bf6,1791424971,0,,,,,0,0
9d35df5b1191148457246d75,1791424971,0,,,,,0,0
9d3795b9a4b714b0756a3f34,1791424971,0,,,,,0,0
9d3babe6407a66b7ddd9a818,1791424971,0,,,,,0,0
9d3c202bc83321dd7ba59003,1791424971,0,,,,,0,0
9d40a9247406b86cb242d271,1791424971,1,0001104659-26-107512,"1.01,2.03,8.01,9.01",1789417813,0.5,0,1
9d426e8e36a0def305a85b4a,1791424971,0,,,,,0,0
9d44f2eb3a3992e0056e2bd9,1791424971,0,,,,,0,0
9d44f86c2687f3758b935733,1791424971,0,,,,,0,0
9d5604fa29e6db0422cc122b,1791511133,0,,,,,0,0
9d57803037f09934e5e40e94,1791424971,0,,,,,0,0
9d5a7373b3a4f397a0f3032b,1791424971,0,,,,,0,0
9d5ee10ad696b2087baf9252,1791424971,0,,,,,0,0
9d6a239221df169934657e8b,1791424971,0,,,,,0,0
9d6b49b288f861c6a7b4ffb4,1791424971,0,,,,,0,0
9d6cd8bd99a12979b2662ca2,1791424971,0,,,,,0,0
9d6fe60293f1b259d66dcd81,1791424971,0,,,,,0,0
9d700bdd805a2da3bdbffa86,1791424971,0,,,,,0,0
9d743f0bb68fb0f577b8ea3a,1791511133,0,,,,,0,0
9d7ad4aa5228e259e92ab677,1791424971,0,,,,,0,0
9d7c7f40409daa36a64bbb04,1791424971,0,,,,,0,0
9d81db2724ee4126ea807eef,1791424971,0,,,,,0,0
9d867ad5858ea443161d1881,1791424971,0,,,,,0,0
9d8803521cedbcb74b58a60b,1791424971,0,,,,,0,0
9d8e2286b296e554db28410e,1791424971,0,,,,,0,0
9d8ece180155f83385ce31f6,1791424971,0,,,,,0,0
9d916a9c75aa34b5aabc5bd8,1791424971,0,,,,,0,0
9d95c23baa1c7e2b3a867025,1791424971,0,,,,,0,0
9d97b173fef47b5a51694944,1791424971,0,,,,,0,0
9da1045542e5e7dadb5a3c35,1791424971,0,,,,,0,0
9da12bb612cc4e07e97ccb1c,1791424971,0,,,,,0,0
9da6f5f97c2412676a468578,1791424971,0,,,,,0,0
9da77c5ab489c56393c8802f,1791424971,0,,,,,0,0
9da9ccc5c6d77f9b453d88de,1791424971,0,,,,,0,0
9dae0f54f5a498304b9afa3c,1791424971,0,,,,,0,0
9dae2682ff93d29510d32243,1791424971,0,,,,,0,0
9db3f497e5ace2c733b46d0a,1791424971,0,,,,,0,0
9db431f7935075629ba9b04a,1791424971,0,,,,,0,0
9db76395d2bd4b35fc220d92,1791424971,0,,,,,0,0
9dc405aecf698a4464ec03e4,1791424971,0,,,,,0,0
9dc47c29841b005bba31d0ea,1791424971,0,,,,,0,0
9dcb00a6ec9092e7c847ba38,1791424971,0,,,,,0,0
9dcc73189cd8e04cf515e2f9,1791424971,0,,,,,0,0
9dcd44e6d052a14103d5ab1c,1791511133,0,,,,,0,0
9dd1669ff01882d69659ca4a,1791424971,0,,,,,0,0
9dd6127003bf65182f438144,1791424971,0,,,,,0,0
9dd7414157f21493d7f18ca3,1791424971,0,,,,,0,0
9dda14cf5475caa1b076d52d,1791424971,0,,,,,0,0
9de6b5ef11a746353a21013c,1791511133,0,,,,,0,0
9de6fe465a756b7673963aa5,1791511133,0,,,,,0,0
9de8c7dc475c4d0f25f30e1c,1791424971,0,,,,,0,0
9df478210e65198b89417d18,1791424971,0,,,,,0,0
9df5a68f629ae4c3dd9d47f3,1791511133,0,,,,,0,0
9df785d4563ab2440be5d361,1791424971,0,,,,,0,0
9e07b1d133f85b3c3cbf5f8f,1791424971,0,,,,,0,0
9e07e5eaceedae978e995bf2,1791424971,0,,,,,0,0
9e0c5dc5f581a533795c0b0e,1791424971,0,,,,,0,0
9e0d536bf31d468549f155c5,1791424971,0,,,,,0,0
9e0de877a87b3903554844fb,1791424971,0,,,,,0,0
9e0effdc458add713cd89fd8,1791424971,0,,,,,0,0
9e10c0975423472c85258fbd,1791424971,0,,,,,0,0
9e1480e9718c3d7aae1fe186,1791424971,0,,,,,0,0
9e1713bb85f68df71440aa0b,1791424971,0,,,,,0,0
9e1b2426a119d47757af79cd,1791511133,0,,,,,0,0
9e2076cd00ac45fe1fff66ab,1791424971,0,,,,,0,0
9e232de712ea1b178a1666bb,1791424971,0,,,,,0,0
9e2553eb52110191b4d40272,1791424971,0,,,,,0,0
9e27b60db28ea584ee13df95,1791424971,0,,,,,0,0
9e27e1711606202d09912824,1791424971,0,,,,,0,0
9e2901df40dc533a946fed9e,1791511133,0,,,,,0,0
9e31757daccc55936eec1f74,1791424971,0,,,,,0,0
9e322e5cc686fe9da92746e3,1791424971,0,,,,,0,0
9e32c1f7d8cb1756193422ea,1791424971,0,,,,,0,0
9e3d83f02f02287f1d22f053,1791424971,0,,,,,0,0
9e3d9b09a16a3106b3510846,1791511133,0,,,,,0,0
9e48428a76b607c7657d4d35,1791424971,0,,,,,0,0
9e4c39934297782f7caf358a,1791424971,0,,,,,0,0
9e5dfe9fd9b25134260bbd7b,1791424971,0,,,,,0,0
9e7ae7081b6c0967acf201cc,1791424971,0,,,,,0,0
9e7c06af5aadc53dc888d99d,1791424971,0,,,,,0,0
9e81751cb12555b27e60434d,1791424971,0,,,,,0,0
9e82879b3049e23beb27a5f8,1791424971,0,,,,,0,0
9e8531f70082d2f28b61ee66,1791424971,0,,,,,0,0
9e8c913fbb0a8b247fdbbb79,1791424971,0,,,,,0,0
9e8e0c64fd4b7dbc5944c096,1791424971,0,,,,,0,0
9e8e38b72cf1cdfa7d5015d9,1791424971,0,,,,,0,0
9e98889afe25b972221ee630,1791424971,0,,,,,0,0
9e9a0c27e7bae1fe9026dbff,1791424971,0,,,,,0,0
9e9ed47f54c269c519554541,1791424971,0,,,,,0,0
9ea2679b0d9cb270e52c01fd,1791424971,0,,,,,0,0
9ea38909230b955dba15437d,1791511133,0,,,,,0,0
9ea9140594f62aa48718fa08,1791424971,0,,,,,0,0
9ea9fe3079e6bab71e145313,1791424971,0,,,,,0,0
9eafd243e7d581d488b87cc4,1791424971,1,0001193125-26-357758,"2.01,3.01,3.03,5.01,5.02,5.03,9.01",1787222033,6.5,0,1
9eb3440008827a296b8a0f08,1791424971,0,,,,,0,0
9eb44e3dc32a5ed9f4f50742,1791424971,0,,,,,0,0
9eb52bd47d657dbc1a23c10c,1791511133,0,,,,,0,0
9eb77ee4faa57f7637019c87,1791424971,0,,,,,0,0
9eb8d2ee046ad09d280e64bb,1791424971,0,,,,,0,0
9eb8f2b78433660dd1f8b1cf,1791424971,0,,,,,0,0
9ebafba46369ee0af2cfdab9,1791511133,0,,,,,0,0
9ec6f950e79c95f25b0403ac,1791424971,0,,,,,0,0
9ec7b38726a7e263463dd43a,1791424971,0,,,,,0,0
9ec7ee19edf42f64bd754a6d,1791511133,0,,,,,0,0
9ecf130daadf402917ffefb8,1791511133,1,0001193125-26-417354,"7.01,9.01",1791453737,9.0,0,1
9ed29ddc00be85cc2e4bd3f7,1791424971,0,,,,,0,0
9ed6977ae3e11d8360739052,1791424971,0,,,,,0,0
9ed6f5dfc1b84334900eb22a,1791424971,0,,,,,0,0
9ed9c7b32e7483e4709efece,1791424971,0,,,,,0,0
9edbae1725e95724574a5d55,1791424971,0,,,,,0,0
9ee6431790ba1f80392c5956,1791424971,0,,,,,0,0
9eea0371be9f9b73a6594ba5,1791424971,0,,,,,0,0
9eef5c5a9e67beaa6392cfda,1791424971,0,,,,,0,0
9ef37ea3fb25de5fe4800d93,1791424971,0,,,,,0,0
9ef4484aee993146ab3cc2d9,1791424971,0,,,,,0,0
9ef5549ad8fd56757cb91442,1791424971,0,,,,,0,0
9ef59e4772c8e3c31581248e,1791424971,0,,,,,0,0
9ef6102bb8321771f5860b85,1791424971,0,,,,,0,0
9ef7cbf1f2f1a936a6444cb7,1791424971,0,,,,,0,0
9efc86f61d1b99cf30c21018,1791424971,0,,,,,0,0
9f019320e6cbedea08377768,1791424971,0,,,,,0,0
9f04b5220e4914a5c00dca38,1791424971,0,,,,,0,0
9f0736326c87dca23c79a5ad,1791424971,0,,,,,0,0
9f090cef962ef0bf4dc60e3c,1791424971,0,,,,,0,0
9f0a50c8c766c2d86e14fc87,1791424971,0,,,,,0,0
9f0af97eb792905e9f2bcf5f,1791424971,0,,,,,0,0
9f0bcaf4595ee32791856fff,1791424971,0,,,,,0,0
9f0c2a0e347dc362d194bd5b,1791424971,0,,,,,0,0
9f0e05ccb2136a1c601b4ad4,1791424971,0,,,,,0,0
9f0f213a5ea747f5be9ca3c7,1791424971,0,,,,,0,0
9f1254f93b9ff0966d5aaca4,1791424971,0,,,,,0,0
9f15aaeed82cafdd2c32fc4f,1791424971,0,,,,,0,0
9f1bbf2b59a28074492457f2,1791511133,0,,,,,0,0
9f1bf8e4235c197e84132662,1791424971,0,,,,,0,0
9f2402cbd3fb18029d7c250f,1791424971,0,,,,,0,0
9f24b3bd2282f82537636019,1791424971,0,,,,,0,0
9f24d29eab7ad85dcb915c9f,1791511133,0,,,,,0,0
9f26f9691218a67c00143a75,1791424971,0,,,,,0,0
9f272b0193584648398af696,1791424971,0,,,,,0,0
9f28701b3d2946a1b235c853,1791424971,1,0001193125-26-387902,"2.02,9.01",1789071364,1.5,1,1
9f2af3a41d2be3a7f4d4fa4c,1791511133,0,,,,,0,0
9f3237a3a6357b470ec722fc,1791424971,0,,,,,0,0
9f36e8b7d031b537c9a0ad6f,1791424971,0,,,,,0,0
9f3914b3502997767ea86493,1791424971,0,,,,,0,0
9f3aff3cee8721edb8d8e8c5,1791511133,0,,,,,0,0
9f3cc528e17c9c7523f7ab8c,1791424971,0,,,,,0,0
9f42f9cac2c950b63769ab21,1791424971,0,,,,,0,0
9f45686a7cfb4224de0e0c5e,1791424971,0,,,,,0,0
9f531d8f2dd46bee203fb61e,1791424971,0,,,,,0,0
9f54dec7d41271c4975cee9f,1791424971,0,,,,,0,0
9f557e416b3244f29db753f0,1791511133,0,,,,,0,0
9f5766de7f8e7ce2188cc91e,1791424971,0,,,,,0,0
9f5ffdaf5b88019f89dfec5c,1791424971,0,,,,,0,0
9f6c7ed6bc91d5894129b411,1791424971,0,,,,,0,0
9f729f18ddeaffe7c89c5a85,1791424971,0,,,,,0,0
9f747d00148f734a60b5338e,1791511133,0,,,,,0,0
9f7596b646215467c14af3cb,1791424971,0,,,,,0,0
9f77afd983f715a7580a65a9,1791511133,0,,,,,0,0
9f7c517baa296f03394d40a1,1791424971,0,,,,,0,0
9f86dc2e73f8373bcf951510,1791424971,0,,,,,0,0
9f8a2437ecf62969295b2196,1791424971,0,,,,,0,0
9f8e27687c48d251fc14751f,1791511133,0,,,,,0,0
9f9052acbae794e9b674f373,1791424971,0,,,,,0,0
9f95a28e9d1b41b0177a3891,1791424971,0,,,,,0,0
9f95b824b55cb90384b79028,1791424971,0,,,,,0,0
9f9c8b275a652dfd923a3a06,1791424971,0,,,,,0,0
9fa1f8b641119a24419be891,1791424971,0,,,,,0,0
9fa397d0841d14e61720ea39,1791424971,0,,,,,0,0
9fa4152a974e1721be2a17f5,1791511133,0,,,,,0,0
9fa92ebe142cf94fb5c45285,1791424971,0,,,,,0,0
9fa94d08705aa3b234a129c6,1791424971,0,,,,,0,0
9fb0d91c5a7252af9f141300,1791424971,0,,,,,0,0
9fb2f26fa365bfef57a1aec6,1791424971,0,,,,,0,0
9fb35b2ee7e02dd6797e31f7,1791424971,0,,,,,0,0
9fb8f9e42288971c208c9fae,1791424971,0,,,,,0,0
9fba5de8b2462fd987226f67,1791424971,0,,,,,0,0
9fbc8a13145f5f2dd0697e81,1791424971,0,,,,,0,0
9fc408bd6ac58744fc8bd397,1791424971,0,,,,,0,0
9fc8d31883cacfe84f2d6d6d,1791424971,1,0000049196-26-000077,"7.01,9.01",1789552935,5.5,0,1
9fcb2e1d580f0bb6ceaa77e8,1791424971,0,,,,,0,0
9fcca5c8e0a913f1b8f04140,1791424971,0,,,,,0,0
9fcd1fdcbd7669f67f2abb08,1791424971,0,,,,,0,0
9fd398a99561e1d57ddf109e,1791424971,0,,,,,0,0
9fd64c0ead736c91e353d26d,1791424971,1,0001564708-26-000190,"8.01,9.01",1787874987,1.5,0,1
9fda3aa9dfeb2d64dce4d0f7,1791424971,0,,,,,0,0
9fdf98e7831246c9b50e96e1,1791424971,0,,,,,0,0
9fe04b1f5f93e3d2857d2906,1791424971,0,,,,,0,0
9fe12e81d2317c3a5fe633fd,1791511133,0,,,,,0,0
9fe19fd1a806ea394ff595d2,1791424971,0,,,,,0,0
9fe41f3fbc5968d363c1e1b8,1791424971,0,,,,,0,0
9fe5639c0eabd441a206cd4f,1791511133,0,,,,,0,0
9feb8afd23b5f70d9786d942,1791424971,0,,,,,0,0
9fec4e042341041ad5bea9f1,1791511133,0,,,,,0,0
9fed00415a583f4a38116ba8,1791511133,0,,,,,0,0
9fefce8f554602353021cd68,1791424971,0,,,,,0,0
9ff7145b612142f286bf22a1,1791511133,0,,,,,0,0
9ff894fd8805cd1f13e7dcdf,1791424971,0,,,,,0,0
9ff972e3189a4e2a4b693253,1791424971,0,,,,,0,0
9ff9b52f152e64f83b9f1b69,1791424971,0,,,,,0,0
9ffc26df6718c74b20b9525b,1791424971,0,,,,,0,0
9ffe3f2c917c1a3a40fcf528,1791424971,0,,,,,0,0
a0048956e9aca7cdd3493821,1791424971,0,,,,,0,0
a0054e9549be573ac298c607,1791424971,1,0001104659-26-107721,7.01,1789475450,2.5,0,1
a0060738d24c4dde8feddd59,1791424971,0,,,,,0,0
a009c67b499499c856d9c570,1791424971,0,,,,,0,0
a00c3c4c33e0937be731cb52,1791424971,0,,,,,0,0
a0114cbe34677e2b20955e0e,1791511133,0,,,,,0,0
a015931bf8b770129458aa71,1791424971,0,,,,,0,0
a016e33be5953ee8b6387f1d,1791511133,0,,,,,0,0
a019920ed7c114d0afe61b69,1791424971,0,,,,,0,0
a01f48f1f9b8388b7c8916a4,1791424971,0,,,,,0,0
a01ff0f74ff0e69c586e1a76,1791511133,0,,,,,0,0
a0327867396bbbf056a87156,1791511133,0,,,,,0,0
a032b4dd86c062c3a1670239,1791424971,0,,,,,0,0
a0392641f309495a5f2fb8eb,1791424971,0,,,,,0,0
a03a343276f677e992098052,1791424971,0,,,,,0,0
a03bce3b16fea095c9f70e5f,1791424971,0,,,,,0,0
a03ec0cd06352582116cd7b6,1791424971,0,,,,,0,0
a0448f4ccc5980ee3ad8e45b,1791424971,0,,,,,0,0
a04f8ab9e830f891960195b6,1791424971,0,,,,,0,0
a050b898899204396c195e25,1791511133,0,,,,,0,0
a051c0ad59ab9ad22827286b,1791424971,0,,,,,0,0
a0526a62fee466057ab4cb90,1791424971,0,,,,,0,0
a054b4a2bc96e50ba423b6c2,1791511133,0,,,,,0,0
a0558a77df33ea7b19c8b13f,1791424971,0,,,,,0,0
a05d04399e940a01e1191eb7,1791424971,0,,,,,0,0
a05e1d309ff3ce4dc1624abe,1791511133,0,,,,,0,0
a05f668a59f3cb05f415d104,1791511133,0,,,,,0,0
a0629af213ec4ad127a27c61,1791511133,0,,,,,0,0
a06e204b3a466b291b42ec8d,1791424971,0,,,,,0,0
a074827a017ac37fa20de210,1791424971,0,,,,,0,0
a07500ce214ad7e8498d187b,1791424971,0,,,,,0,0
a075be844ca2138e3eceba04,1791424971,0,,,,,0,0
a07814205c5a046ca5f07e84,1791424971,0,,,,,0,0
a07839d1b14bb731a64549e3,1791424971,0,,,,,0,0
a0790ad9f9d37636d54e17d4,1791424971,1,0001577526-26-000119,"2.02,9.01",1788379842,0.5,1,0
a07c93eaf7bc5e8841dc2375,1791424971,0,,,,,0,0
a07e4cddb2bc7f9feebc7d4a,1791424971,0,,,,,0,0
a082371ff5ed4a61d3b030f1,1791424971,0,,,,,0,0
a083814ec652d6748490d878,1791424971,0,,,,,0,0
a08a70f9ad6ce949dcba9530,1791511133,0,,,,,0,0
a08ab8e7978e52b6c94df17f,1791424971,0,,,,,0,0
a08e1f20178fa1ef684ef128,1791424971,1,0001140361-26-038468,"1.01,2.03,9.01",1790986367,0.5,0,1
a0937560bfe9d50c05be6c75,1791424971,0,,,,,0,0
a094050be6772c41b9deb470,1791424971,0,,,,,0,0
a097174025601b03d1c3de44,1791424971,0,,,,,0,0
a0994ce4e22c0b897ae809f4,1791424971,0,,,,,0,0
a09baa7732d9391d0c84f6f8,1791424971,0,,,,,0,0
a09d8807c0d1b45d7c2f7c6e,1791424971,0,,,,,0,0
a09de1dd7f67ab05dcd482d3,1791424971,0,,,,,0,0
a0a468b6ceb34bba5765b460,1791511133,0,,,,,0,0
a0a76a05a14538d2a5b68c41,1791424971,0,,,,,0,0
a0a835abf22cfa12802d68d9,1791424971,0,,,,,0,0
a0aa15d53baed797ed3f8531,1791424971,0,,,,,0,0
a0b1b7e0e60636ab34109362,1791424971,0,,,,,0,0
a0b1fe4caa2b7381593d2f70,1791511133,0,,,,,0,0
a0b2be95acee1d2075a3bfea,1791424971,0,,,,,0,0
a0b7f58fd91bc37f0ce5c556,1791424971,0,,,,,0,0
a0b93e4c5dfca1b38adc38d7,1791424971,0,,,,,0,0
a0c06aa17a243655de6838a0,1791424971,0,,,,,0,0
a0c2a8ad0b236dfe7bc771e1,1791424971,0,,,,,0,0
a0c36560f1247adec7d943fa,1791424971,1,0001193125-26-409143,"1.01,5.02,7.01,8.01,9.01",1790800769,0.5,0,1
a0c75a7358572fe587a914c5,1791424971,0,,,,,0,0
a0d3d89e749104622c2f6365,1791424971,0,,,,,0,0
a0d65a9466d7fea4271808a5,1791424971,0,,,,,0,0
a0d77752d0f69ea97646d609,1791511133,0,,,,,0,0
a0da07ac57c3b53dccc89ca5,1791424971,0,,,,,0,0
a0dcd9d1cfdbfcb5a580325a,1791424971,0,,,,,0,0
a0df3f4d1c81e7144dc116c2,1791424971,0,,,,,0,0
a0e9cd60c4e6324b56e7f7b1,1791424971,0,,,,,0,0
a0ea0a50e0d0dca4ea1d49d2,1791424971,0,,,,,0,0
a0ecd0e81c0f94ecd9f9eef7,1791424971,0,,,,,0,0
a0f03ab74968e36cf5513361,1791424971,0,,,,,0,0
a0f17cb75d46a0a74ec1c215,1791424971,0,,,,,0,0
a0fbbd19430e4244c7e798c5,1791424971,0,,,,,0,0
a1007546cf597f6cf5ecce64,1791424971,0,,,,,0,0
a1043632724d106ff7e0d422,1791424971,0,,,,,0,0
a1049050df684cf81298692b,1791424971,0,,,,,0,0
a109d4a3e3edb39b2e4ea8e7,1791424971,1,0001437749-26-031416,"2.02,7.01,9.01",1790676058,6.5,1,0
a10a0d11c6b731df44839485,1791424971,0,,,,,0,0
a10eebfa3ad90654b80440cd,1791424971,0,,,,,0,0
a10fb7047177d97143f26796,1791424971,0,,,,,0,0
a11250010a94a00ed5081fa3,1791424971,0,,,,,0,0
a11561123775fac3a8f52d0c,1791424971,0,,,,,0,0
a11606e2ddbf73ea5283e243,1791511133,1,0001628280-26-065385,"1.01,2.02,7.01,8.01,9.01",1791457703,9.0,1,0
a117e8ee837d1b0e4b2403da,1791424971,0,,,,,0,0
a1185dc7104f0cfad652d5a3,1791511133,0,,,,,0,0
a11abacd481674a4eb191df4,1791511133,0,,,,,0,0
a11b9be774b0af0a8b893f31,1791511133,0,,,,,0,0
a11ea3b768d86adec591247b,1791424971,0,,,,,0,0
a123c283cb463126c28bf3f6,1791511133,0,,,,,0,0
a12bdf1d55aab0395fa6635e,1791424971,1,0001628280-26-060742,5.02,1788553832,12.0,0,1
a130b7a556fb593efa1a6436,1791424971,0,,,,,0,0
a1335b9799ec787ea6e897a6,1791424971,0,,,,,0,0
a136f8db4426425981833126,1791511133,0,,,,,0,0
a13f25a47dda642795d79266,1791424971,0,,,,,0,0
a1441807850c42284f7ce40f,1791424971,0,,,,,0,0
a1453882bd64d6f2fef5a456,1791424971,0,,,,,0,0
a15288e19fc3dd9d3399ff98,1791511133,0,,,,,0,0
a155c6d7ef7262f1d48e47b0,1791424971,0,,,,,0,0
a15a8c1dabefdd180801b5df,1791511133,0,,,,,0,0
a15b00cc41d43726ab4442be,1791424971,0,,,,,0,0
a15d37cbc100a36c5642c1a7,1791424971,0,,,,,0,0
a1612dfe6edb9bae9133784a,1791424971,0,,,,,0,0
a162894e4e10baf91b18907d,1791424971,0,,,,,0,0
a1638a1944f46b5d4ffcf50b,1791424971,0,,,,,0,0
a16984339f84c46fb1cf8524,1791424971,0,,,,,0,0
a16e14705835dcc75351106b,1791511133,0,,,,,0,0
a170374a8ca2cd87ff244a2a,1791511133,0,,,,,0,0
a172debbd71d964178b95e3d,1791424971,0,,,,,0,0
a174240ffbdc0ef6b935d7c6,1791511133,1,0001628280-26-065292,"2.05,2.06,9.01",1791374472,7.0,0,1
a176c103b9cc2bae16ec4d96,1791424971,0,,,,,0,0
a1782b74665eef8b904bb5d5,1791424971,0,,,,,0,0
a178e4d0c2c772f197065c82,1791424971,0,,,,,0,0
a17beeac6879a4041541c6e1,1791424971,0,,,,,0,0
a17d519aa0fb7271bf051b6d,1791424971,0,,,,,0,0
a17e9594af87ca208d16bc61,1791424971,0,,,,,0,0
a17f5b8e2945eea757d3882d,1791424971,0,,,,,0,0
a183f977a77ea236af51581a,1791424971,0,,,,,0,0
a184014c7710c7ba3e849b6a,1791424971,0,,,,,0,0
a18755c6c6ea6c32fdca1213,1791424971,0,,,,,0,0
a1894377b2466805fb4a4b61,1791424971,0,,,,,0,0
a18a1ec33d8e7341e8fd4403,1791424971,0,,,,,0,0
a18ab50e139f98f16c5bea57,1791424971,0,,,,,0,0
a18eac0678a73c450ee63aaf,1791424971,0,,,,,0,0
a194ec817f5af5eba07133f5,1791511133,0,,,,,0,0
a19c9239e0272b8533718d4d,1791424971,0,,,,,0,0
a1a0a631a7c1b91d09f88c1b,1791424971,1,0000063754-26-000326,"2.02,9.01",1790854271,0.5,1,0
a1a884dfca4e7472029de81a,1791424971,0,,,,,0,0
a1a8f138e63915ca90869f15,1791424971,0,,,,,0,0
a1ab51aa7de78c26ac0ec3fc,1791424971,0,,,,,0,0
a1b24a1801e10634ff333e2c,1791424971,0,,,,,0,0
a1b84039d44a9e64ef0e6428,1791424971,1,0000726958-26-000084,"2.02,5.07,9.01",1788899389,0.5,1,0
a1c155fc2b5352af186e450b,1791424971,0,,,,,0,0
a1c4e8eb632aa4f9399d537b,1791424971,0,,,,,0,0
a1c6de4c8fdb3de9fcbaa455,1791424971,0,,,,,0,0
a1cc7e2e70b3e5335071793f,1791424971,0,,,,,0,0
a1cce363c51d85d2e230aef6,1791424971,0,,,,,0,0
a1cd2a0213b8230399b76a61,1791511133,0,,,,,0,0
a1d492dc6501263e4bcd98ae,1791424971,0,,,,,0,0
a1d5effcc46734de7f2e5cd5,1791424971,0,,,,,0,0
a1d71a8333eeaa4948d2b433,1791424971,0,,,,,0,0
a1d7b5cb0af5b2201dd8544e,1791424971,0,,,,,0,0
a1de30b32b85f9b1fe021e24,1791424971,0,,,,,0,0
a1e2f0972ee6e669e6982975,1791511133,0,,,,,0,0
a1eaae2cb3ba65343f9a5911,1791511133,0,,,,,0,0
a1eea9dfbdf105aaff56736a,1791424971,0,,,,,0,0
a1f013b907aa0fcdbb942182,1791424971,0,,,,,0,0
a1f0a6f2f7777b3bc484db28,1791424971,0,,,,,0,0
a1fc72bb8c1235e648b98264,1791424971,0,,,,,0,0
a1fea50dd3603cb73c527d99,1791424971,0,,,,,0,0
a1ffe57bde93ae50a2b425e7,1791424971,0,,,,,0,0
a20347d309c9f0ee80653112,1791511133,0,,,,,0,0
a207580e201b9761bfd9f87c,1791511133,0,,,,,0,0
a2075c79afcdb91029a0b526,1791511133,0,,,,,0,0
a2087c44883d677aa97f55a2,1791424971,0,,,,,0,0
a20b7040ad843c9bed1118c3,1791424971,0,,,,,0,0
a20d74ee5eff4781e72942cb,1791424971,0,,,,,0,0
a2117fa58fc7fbfd04c95b35,1791424971,0,,,,,0,0
a218625b7ac97c3dde0df283,1791424971,0,,,,,0,0
a21a6fd1ab1f7aa16e94e851,1791424971,0,,,,,0,0
a21b6b9733913afc43c151d9,1791424971,0,,,,,0,0
a21bff02b1e5caa7de37f80d,1791511133,0,,,,,0,0
a21f9b349fcc911fea096199,1791424971,0,,,,,0,0
a220c8eb529a14f3be12dc18,1791424971,0,,,,,0,0
a224a5075ffa645da6883d46,1791424971,0,,,,,0,0
a225dd7488c74a76aad0d663,1791424971,1,0000795266-26-000068,"2.02,9.01",1790108145,0.5,1,0
a229788c3f5339e9f4f68564,1791424971,0,,,,,0,0
a22bde95702464ec5cbf6c16,1791424971,0,,,,,0,0
a22f9d57c6a040ce1cad090a,1791424971,0,,,,,0,0
a2432388fa3f6b46a52a6cc0,1791424971,0,,,,,0,0
a246d336aa840d1740d474b5,1791424971,0,,,,,0,0
a2486b93c398b0d48162bd94,1791424971,0,,,,,0,0
a249c54edb65e4f5e99c1f5c,1791424971,0,,,,,0,0
a24a30c244eb7f3b12b2ef95,1791424971,0,,,,,0,0
a24bad56ee7ec2c5d4c77997,1791511133,0,,,,,0,0
a24f7732624c83f1aa7b5c6b,1791511133,0,,,,,0,0
a2548f4b9c18269768f53d7a,1791511133,0,,,,,0,0
a256392fc5d781bda9d7dec6,1791424971,0,,,,,0,0
a257a6c091ab814e6796d2c7,1791511133,0,,,,,0,0
a25ab06164f6a7f451a471e4,1791424971,0,,,,,0,0
a25c00260f2439988160cdcf,1791424971,0,,,,,0,0
a26156bd0d6c6862b2531fd5,1791424971,0,,,,,0,0
a2648259a5898eca9086edef,1791424971,0,,,,,0,0
a266db3df7c70618d40360ea,1791424971,0,,,,,0,0
a2675fb778055882c54be5e6,1791511133,0,,,,,0,0
a268245fdf72a6b4e3daeca6,1791424971,0,,,,,0,0
a26ed5878142faa20464da81,1791424971,0,,,,,0,0
a274373dc7fd2ab50216e453,1791424971,0,,,,,0,0
a27ad0ecaafd6a1edd77e465,1791424971,0,,,,,0,0
a27b9a1034485c8e1b70d963,1791424971,0,,,,,0,0
a27f169ffd7cc4cf2c266447,1791424971,0,,,,,0,0
a28275f7e17ff69c190a8de8,1791424971,0,,,,,0,0
a2845b01f90f1af3d49e8f8c,1791424971,1,0000049196-26-000079,"8.01,9.01",1789761967,4.5,0,1
a2867c5d25c8abe8352457d1,1791424971,0,,,,,0,0
a2884233da7939cd4c5a37ad,1791511133,0,,,,,0,0
a28e276c2c27e0849b0dad57,1791424971,0,,,,,0,0
a28f055a15b5e0e8d646e007,1791424971,1,0000049196-26-000077,"7.01,9.01",1789552935,6.5,0,1
a28f30072ee2c2e8ff929907,1791424971,0,,,,,0,0
a29230fb05c28dc2fff59727,1791424971,0,,,,,0,0
a292a561330085ac00db0998,1791424971,0,,,,,0,0
a2937e5451a4e18cb03c4f66,1791424971,0,,,,,0,0
a296baf98fc23cb1ce53724d,1791424971,0,,,,,0,0
a298620c327cdbc788fc0f64,1791511133,0,,,,,0,0
a29a1935a64b54b0df79351a,1791511133,0,,,,,0,0
a29f7cb82eb7153d9a299d9e,1791424971,0,,,,,0,0
a2a8231fb24c0e3b17ccdc7c,1791424971,0,,,,,0,0
a2a8d3648d898b9f346ba44b,1791511133,0,,,,,0,0
a2aeb8b04133bb29942ef172,1791424971,1,0001193125-26-381874,"2.02,9.01",1788465915,6.5,1,0
a2af8cebfd6a5a76130c5d71,1791424971,0,,,,,0,0
a2b1b4ac839cd47775b8d71b,1791424971,0,,,,,0,0
a2b2983d695cdb7d22a47193,1791424971,0,,,,,0,0
a2b5fa7d94c9b2ddf5c47a39,1791424971,0,,,,,0,0
a2bc995ab3093fa305580150,1791424971,0,,,,,0,0
a2c0bb1f0ceae7122c679eca,1791424971,0,,,,,0,0
a2c3c3da0a0837ba6ab44d0c,1791424971,0,,,,,0,0
a2c407481feed9fe78bd774e,1791424971,0,,,,,0,0
a2ca148dd68a15bc8889f3a1,1791424971,0,,,,,0,0
a2ce046bba11647cbece77d3,1791424971,0,,,,,0,0
a2d07124506063b69482de6a,1791424971,0,,,,,0,0
a2d7c4d39fe9fa5c35278380,1791424971,0,,,,,0,0
a2dc82a2a7c7c653b9b919ae,1791424971,0,,,,,0,0
a2dc90844bd22065564c6c5f,1791424971,0,,,,,0,0
a2dcb89de7e4b69ff28a15e4,1791424971,0,,,,,0,0
a2e3b821e883a7be13fda1d2,1791424971,0,,,,,0,0
a2e952b2f5bab09e74576b95,1791424971,0,,,,,0,0
a2e9e9f6c5db0d8b7170f2f0,1791424971,0,,,,,0,0
a2ee0c5bc7a6d5332c79dd41,1791424971,0,,,,,0,0
a2f60665819de5c3b9aaa7d8,1791424971,0,,,,,0,0
a2fe1008a161a5054f196d34,1791424971,0,,,,,0,0
a300ce9bf90a41517a58ba79,1791424971,1,0000878927-26-000025,"7.01,9.01",1788442623,0.1175,0,1
a304411972def599b3ca8d4f,1791424971,0,,,,,0,0
a30bbf330753bd82218b6982,1791424971,0,,,,,0,0
a30de44d5b1ba72d4eec1f3a,1791424971,0,,,,,0,0
a310d31037607640fb3b2c3b,1791424971,0,,,,,0,0
a311e2193e8aab420cdb311a,1791424971,0,,,,,0,0
a312efe86ec6c5915fb36ab9,1791424971,0,,,,,0,0
a31f0b476201546ff5fe6217,1791424971,0,,,,,0,0
a325765b2d7a5e054ca1bff1,1791424971,0,,,,,0,0
a326013ae22c3ad481b8393f,1791424971,0,,,,,0,0
a327a7341f51ea04b2e4a835,1791424971,0,,,,,0,0
a32a01fdc500e8e3fbf903ac,1791424971,0,,,,,0,0
a32e41bfd38da3f2a29a4ffe,1791511133,0,,,,,0,0
a33290d488fc563b1cfff5b2,1791424971,0,,,,,0,0
a334ad0f6bab36c36a44d80f,1791424971,1,0001628280-26-061155,"2.02,8.01,9.01",1788986071,1.5,1,0
a33a8323b5ee939f21c5556a,1791424971,0,,,,,0,0
a3440b242d7d6ece4f903148,1791424971,0,,,,,0,0
a3498800c1ba61dc757a06ea,1791424971,0,,,,,0,0
a34f84d6cbfd6d2b672d39e7,1791511133,0,,,,,0,0
a3569d7279908b742e7d6d99,1791424971,0,,,,,0,0
a35a7a45a8132756ddcbf587,1791424971,0,,,,,0,0
a3614b92f63d1ba1a3e0ff98,1791424971,0,,,,,0,0
a36e845ddc3e8785ee0c5474,1791424971,0,,,,,0,0
a37289dd6a3f3998b9bcb022,1791424971,0,,,,,0,0
a375a15474c7a74092611b13,1791424971,0,,,,,0,0
a37a961b727cd539ef93d90f,1791424971,0,,,,,0,0
a37ac2f588c35252f8e68c44,1791424971,0,,,,,0,0
a37ea8ee64ca89605eaf7486,1791424971,0,,,,,0,0
a380fbf8b6694400efe83a62,1791511133,0,,,,,0,0
a382f486b81916cd5275f966,1791424971,0,,,,,0,0
a38813f2eea872d8e016615d,1791511133,0,,,,,0,0
a38876f89f55c053501cc274,1791424971,0,,,,,0,0
a3897ac01f13b3da1a2cb11d,1791511133,0,,,,,0,0
a39077aac109725a4d7de694,1791424971,0,,,,,0,0
a39081726d5616aa0edaa196,1791424971,0,,,,,0,0
a39099c834c1982f5ec30053,1791511133,0,,,,,0,0
a392f53783ea4f43aaa34587,1791424971,0,,,,,0,0
a394b60501716a3a9114670b,1791424971,0,,,,,0,0
a399c2674c4b05dcabe77a91,1791424971,0,,,,,0,0
a39ba7469b1d94b667fc7310,1791424971,0,,,,,0,0
a3ad45fd164cc57350c357d9,1791424971,0,,,,,0,0
a3b374d7c9d75ccccf99e668,1791424971,0,,,,,0,0
a3b7ad9fb1259dafc15691d7,1791424971,0,,,,,0,0
a3bd36d8bdab3c85415edeae,1791511133,0,,,,,0,0
a3bd711371e9197cfe4ddf1e,1791424971,0,,,,,0,0
a3c21d84e937ebb9c73dcc87,1791424971,0,,,,,0,0
a3c4ec00be711ec487a2a872,1791424971,0,,,,,0,0
a3c97471b81954dbaf275862,1791424971,0,,,,,0,0
a3cd6153f4690ce5116c06c3,1791511133,0,,,,,0,0
a3cf8fe76d6badaecde69892,1791511133,0,,,,,0,0
a3d02d3a6aace087aab10ebf,1791424971,0,,,,,0,0
a3d0d6583452b3482848d016,1791424971,0,,,,,0,0
a3d745d407190223b2ea0dac,1791424971,0,,,,,0,0
a3dfecc9e63a94118514db03,1791424971,0,,,,,0,0
a3ec3d2892da20c5d659c927,1791424971,0,,,,,0,0
a3ec7e628856a70c0a75c5f5,1791511133,0,,,,,0,0
a3edc614fc067e9575c07d3f,1791424971,0,,,,,0,0
a3f0565376c747dde421ff65,1791424971,0,,,,,0,0
a3f3b8c7693642f3f4b1989c,1791511133,0,,,,,0,0
a3fbe6a00dad07292b516f09,1791424971,0,,,,,0,0
a40343bb279d638a060931a1,1791424971,0,,,,,0,0
a40db14b6508bf500c4ec4f8,1791424971,0,,,,,0,0
a41d068f0d91e98060e0058d,1791424971,0,,,,,0,0
a42717bfa6ccfe2f5b8a5280,1791424971,1,0001171843-26-006074,"8.01,9.01",1789588817,1.5,0,1
a428f069068421d82a2d3d2e,1791424971,0,,,,,0,0
a42dd3c9a091fe761dfe09ef,1791424971,0,,,,,0,0
a43011784bf178dc9fa2b0e5,1791424971,0,,,,,0,0
a430397a805d5580da241dfb,1791424971,0,,,,,0,0
a43339e04e828f95818c0d2f,1791424971,0,,,,,0,0
a434aba8504c7d25bf716524,1791424971,0,,,,,0,0
a4384a25f28692cd9431f7a0,1791424971,0,,,,,0,0
a43d9a13114143b9c3c4d2e8,1791424971,1,0001104659-26-108285,"8.01,9.01",1789590990,12.0,0,1
a4424894dd6733805fd5d56d,1791424971,0,,,,,0,0
a44335ec0fc6bfc9794bc3b7,1791511133,0,,,,,0,0
a4466eda4c8309e7364cd385,1791424971,0,,,,,0,0
a447b5ba8efd3d3657d24507,1791424971,0,,,,,0,0
a44f1fbe880ac91329a439b5,1791424971,0,,,,,0,0
a4516bbfe309cbf2e05f4c73,1791424971,0,,,,,0,0
a4526e98a0d93d51f9a58420,1791511133,0,,,,,0,0
a453e68572e3567c4b26b4a0,1791424971,0,,,,,0,0
a461524c4ea7bf12abf99726,1791424971,0,,,,,0,0
a4685bf671680c30bf01a21f,1791424971,0,,,,,0,0
a469a5ee5398e422f5890459,1791424971,0,,,,,0,0
a469b7afb56b4b5079104c50,1791424971,0,,,,,0,0
a475432ae255d6a4aa80d4b8,1791511133,0,,,,,0,0
a47566d275689be18b40fe2a,1791424971,0,,,,,0,0
a4789baf566ae5c593fde009,1791424971,1,0001213900-26-098402,"5.02,5.07",1788985043,7.0,0,1
a47e1c7faea0e80fb4656264,1791424971,0,,,,,0,0
a4808830bfce23b79215a73b,1791424971,1,0001335258-26-000041,"5.02,9.01",1790975142,7.0,0,1
a4822f15836d223c5db85941,1791424971,0,,,,,0,0
a4848f32b1ff2d23d40d4aa3,1791424971,0,,,,,0,0
a485303ff60994414a239d45,1791424971,0,,,,,0,0
a48ac56e0b2a96dd4cde9a88,1791424971,0,,,,,0,0
a48dc9465dc4ec175a02bc9f,1791424971,0,,,,,0,0
a48ef303085d358a6e24c2e2,1791424971,0,,,,,0,0
a49182e0a26de76fcae8c1dc,1791424971,0,,,,,0,0
a495b4db3b79d4602b144ac3,1791511133,0,,,,,0,0
a4a22d68af478ee9e7c4223d,1791424971,0,,,,,0,0
a4a2e42cca7337060edd4600,1791424971,0,,,,,0,0
a4a661c96718ef3b0cbd3c07,1791424971,0,,,,,0,0
a4a8e926bd3a15002035ab8a,1791424971,0,,,,,0,0
a4b1b968146051abc1f21c50,1791424971,0,,,,,0,0
a4b649372b4f300c7d7e9293,1791424971,0,,,,,0,0
a4b7de0a15b7400e858bc4ec,1791424971,0,,,,,0,0
a4badca70cdfd68a73ccb37c,1791424971,0,,,,,0,0
a4bafe6dc3114e9d3331791c,1791424971,0,,,,,0,0
a4bb3ea0cd5e9a43f896603b,1791424971,0,,,,,0,0
a4bb812c410048163b93e755,1791424971,0,,,,,0,0
a4c0602783a1fa4781d68dad,1791511133,0,,,,,0,0
a4c7b67d19010e0fd62f2d14,1791511133,0,,,,,0,0
a4c7d36eea06b424b94d502a,1791424971,1,0000730263-26-000028,"2.02,7.01,9.01",1790073378,0.5,1,0
a4cd989e216d022260120bdb,1791424971,0,,,,,0,0
a4d12504bff21ed2b220dafa,1791424971,0,,,,,0,0
a4d3ea43773f7eb7f22e28d8,1791424971,0,,,,,0,0
a4d6be0b85e8bb55ca927f3a,1791424971,0,,,,,0,0
a4d9aa08e9dda11db2292eef,1791511133,0,,,,,0,0
a4da55dd66db1ef05a3187a2,1791424971,0,,,,,0,0
a4ddadf15b0028dbff5c5b9d,1791424971,0,,,,,0,0
a4df4d1b83c1fa84207cd137,1791511133,0,,,,,0,0
a4df611fc8211e830e4594c4,1791424971,0,,,,,0,0
a4e3116fa27232e665e92384,1791511133,0,,,,,0,0
a4e602e6e9768765b6288a85,1791511133,0,,,,,0,0
a4eac93e4f4ceb2c2ffc5ea4,1791424971,1,0000109198-26-000051,5.02,1789662111,5.364166666666667,0,1
a4f17a72ace702dad7ff37d8,1791424971,0,,,,,0,0
a4f1a2a21cd7e9d34f0fc77b,1791427778,0,,,,,0,0
a4f3cea999d266463d014cf8,1791424971,0,,,,,0,0
a4fa90c779aca26f5a227034,1791424971,0,,,,,0,0
a50053231dbf661da4a63999,1791424971,0,,,,,0,0
a5022627c6e2f8dd9f49cc40,1791424971,0,,,,,0,0
a506877817a9e39b8cf337b0,1791511133,0,,,,,0,0
a50876ade978d9ec65b9355d,1791424971,0,,,,,0,0
a508835418e7538e7580ae4f,1791424971,0,,,,,0,0
a508b5fddc1ecfbfc9ade8a3,1791424971,0,,,,,0,0
a50999a4bc8caff64fabc280,1791511133,0,,,,,0,0
a50b96d7bd471eae4f0f9c78,1791424971,0,,,,,0,0
a50f8051a0dc0c44ee2e28af,1791424971,0,,,,,0,0
a5118d0408f8d296683d48ec,1791511133,0,,,,,0,0
a514965c5bc5a9ddf37ef7e8,1791424971,0,,,,,0,0
a52845ebfc08787b586053b6,1791424971,0,,,,,0,0
a52fb2cf5aa73d8ac13d364f,1791424971,0,,,,,0,0
a536f110912d4f9dbe0b6b46,1791424971,1,0000354707-26-000061,"7.01,9.01",1788567906,7.0,0,1
a5376152421aeb4905ddd218,1791424971,0,,,,,0,0
a53fa9b9c028b296fde3cb07,1791424971,0,,,,,0,0
a541862a5888ac5124b59a6b,1791424971,0,,,,,0,0
a54445ca447b8f9af277bf90,1791424971,1,0001104659-26-106304,"2.02,7.01,9.01",1788984243,0.5,1,0
a5456911e9754637ff7e3b1b,1791511133,0,,,,,0,0
a548ae3c732d4843424f1284,1791424971,0,,,,,0,0
a54f1d871a4ec69e4d721685,1791424971,0,,,,,0,0
a55533b96139ef00b05f8953,1791511133,0,,,,,0,0
a556bef73af72da93db6310b,1791424971,0,,,,,0,0
a55bef30eb9b5a79faae68f6,1791424971,0,,,,,0,0
a55c96b945a7ae6399897d96,1791424971,0,,,,,0,0
a567dc07a5cf7c31352f2e17,1791424971,0,,,,,0,0
a56b19a320220c43b6f6dd51,1791424971,0,,,,,0,0
a56ed183ce03d9f699e1c18c,1791424971,0,,,,,0,0
a5748eac61997406454ac8b1,1791511133,0,,,,,0,0
a57842691f30f7065c6d79f8,1791424971,0,,,,,0,0
a57ab143d9334687a628cca1,1791424971,0,,,,,0,0
a588a9fbe8677b5edb9a5624,1791424971,0,,,,,0,0
a5939f79eac147252fd21904,1791424971,0,,,,,0,0
a59cb5168faac62a8b1a0641,1791424971,0,,,,,0,0
a5a6784510834ca7c2142e12,1791424971,0,,,,,0,0
a5aa4ced302699e656691225,1791424971,0,,,,,0,0
a5aa711eb306c0751fd9139a,1791424971,0,,,,,0,0
a5aac69e9bf678bc969c97ee,1791424971,0,,,,,0,0
a5b34f3e72b91a87ba6256b8,1791424971,0,,,,,0,0
a5b5ebc8c21e0d005879a220,1791424971,0,,,,,0,0
a5b73bb7a8c55228dfa52405,1791424971,0,,,,,0,0
a5bd9a116c1658846da5a80d,1791424971,0,,,,,0,0
a5bdfdaf3ec7f15250ba4a68,1791424971,0,,,,,0,0
a5bf62684a6b03a3968781c1,1791511133,0,,,,,0,0
a5c252631554cd4b75a13d70,1791424971,0,,,,,0,0
a5c9a96b5f93296c00435926,1791424971,0,,,,,0,0
a5d194a2bbc89fb551c5e47d,1791424971,0,,,,,0,0
a5d287ccf3a72bff1ce3fe2b,1791511133,0,,,,,0,0
a5d4a910b6a9ef840a1cac5e,1791424971,0,,,,,0,0
a5d8836e3558d5090271afe4,1791424971,0,,,,,0,0
a5dd582a8e143478eabe3912,1791511133,0,,,,,0,0
a5e029663ea2d7210c738dea,1791424971,0,,,,,0,0
a5e03375f99df4fec1ea1384,1791424971,0,,,,,0,0
a5e100d5a87b88674aa9d312,1791424971,0,,,,,0,0
a5e1a279e92e09b9fb5aec5a,1791424971,0,,,,,0,0
a5e1fe0278b17e8687d03906,1791424971,0,,,,,0,0
a5e97f5fe8e724ca41c89e1e,1791424971,0,,,,,0,0
a5e988bf05bb90773a05c1ef,1791424971,0,,,,,0,0
a5eda65cee2fbde7605a7af9,1791424971,0,,,,,0,0
a5ef51d228689d220e9395b9,1791424971,0,,,,,0,0
a5fbdeafdbc460ffe1a05806,1791424971,1,0001760965-26-000061,"7.01,9.01",1788383161,0.5,0,1
a605ef949ce7b9b813562fce,1791424971,0,,,,,0,0
a60c649341a2adc498809d94,1791424971,0,,,,,0,0
a60e38752845b3daa37898d5,1791424971,0,,,,,0,0
a60f0a43fe6270f40df0a415,1791424971,0,,,,,0,0
a60f7b39de161476d8207f1f,1791424971,0,,,,,0,0
a611cc7df38df2cbd6e6e588,1791424971,0,,,,,0,0
a6132cd505270495d5877201,1791424971,1,0000899051-26-000135,"7.01,9.01",1789644999,7.0,0,1
a61581a9c19fe0af56ba63dc,1791424971,0,,,,,0,0
a619bb68aa45ef870b8b5162,1791511133,0,,,,,0,0
a61b6561c0725927f5b33ec7,1791424971,0,,,,,0,0
a61ca657a36b93eb370c4483,1791424971,0,,,,,0,0
a620825d511ee6adc5e3caf3,1791424971,0,,,,,0,0
a6208c3f1f676b124e72b321,1791424971,0,,,,,0,0
a621458c0b7e2b5d95c9fb78,1791424971,0,,,,,0,0
a623d987595c611352a83d6c,1791424971,1,0001086222-26-000089,"5.05,9.01",1790366670,4.5,0,1
a628b624edbfb63e8b111269,1791424971,0,,,,,0,0
a62b3e40f7ac4dc3b3589d14,1791511133,0,,,,,0,0
a63188288bed93c1b74063a5,1791424971,0,,,,,0,0
a632dce24bae6017ce8d1d6f,1791511133,0,,,,,0,0
a6352cddc7735d25a328a53e,1791424971,0,,,,,0,0
a636bbbc83919d2de7fa5348,1791424971,0,,,,,0,0
a637bb2ff52c9ae1424bbda3,1791424971,0,,,,,0,0
a6489edae334fb9d7450cefb,1791424971,0,,,,,0,0
a64f22e2fcafef7cdea8cf80,1791424971,0,,,,,0,0
a6590db4bb33651258cc4789,1791424971,0,,,,,0,0
a65d548ad4b73794e52453de,1791424971,0,,,,,0,0
a66537a8bb74014ceb489765,1791424971,0,,,,,0,0
a665fadf191c2270484b6b72,1791424971,1,0001564708-26-000212,"8.01,9.01",1790724678,1.5,0,1
a669270440544072d2c48fc6,1791424971,0,,,,,0,0
a6735ff55f86f57de0452727,1791424971,0,,,,,0,0
a673b60e25d7a8b54c0ee360,1791424971,0,,,,,0,0
a675f51ae34d4456222f892f,1791424971,0,,,,,0,0
a676088e52fbe09df847df28,1791424971,0,,,,,0,0
a677c4a4290f151973cc99cd,1791424971,0,,,,,0,0
a67914e2cd79a121a69240f4,1791424971,0,,,,,0,0
a67d104182746a6f360a7111,1791424971,0,,,,,0,0
a680aa87706277ee34d05ba5,1791424971,0,,,,,0,0
a681fe534a2e755c78ecc1ba,1791511133,0,,,,,0,0
a685005a4c7e533d41de3bd8,1791511133,0,,,,,0,0
a685eef9bae0e20bc644d7c2,1791424971,1,0001104659-26-105054,5.02,1788465926,7.0,0,1
a686a4a0d2d10ffc2749038a,1791424971,0,,,,,0,0
a687d75af8692e0b31bee139,1791424971,0,,,,,0,0
a6896dcd5a97a80e5f31e556,1791424971,0,,,,,0,0
a691358f99d655bd24cb3b88,1791424971,0,,,,,0,0
a69368757231957a7dc0685e,1791424971,0,,,,,0,0
a693b6953135551e98a74e2e,1791424971,0,,,,,0,0
a6975032d0b6401f2b0ff6b8,1791424971,0,,,,,0,0
a698bdff5bd5b2f2d3840eeb,1791424971,0,,,,,0,0
a69c97e5463a42b44897b1be,1791424971,0,,,,,0,0
a6a0a6a97e2193dcf427a098,1791424971,0,,,,,0,0
a6a0e080eacb4f66c99ee7f8,1791424971,0,,,,,0,0
a6a430e1b2174a7d6aee0278,1791424971,0,,,,,0,0
a6b5f68279ad040e340b2dcd,1791424971,0,,,,,0,0
a6b7bd91401f6437c3ff24e3,1791424971,0,,,,,0,0
a6bc9d1a996e7eb633e462ec,1791424971,0,,,,,0,0
a6bcd211c52d96473b7684ee,1791424971,0,,,,,0,0
a6c228a61b1e12e06296f698,1791424971,0,,,,,0,0
a6c751f83f4ee0a1b29ebee1,1791424971,0,,,,,0,0
a6c92edf9aeed20f8ff56880,1791424971,0,,,,,0,0
a6ca99b3f6138a9c6ad98609,1791424971,0,,,,,0,0
a6ce0e9c5a06f23fef5d570c,1791424971,0,,,,,0,0
a6cf5ba56ade57d3c3a10d2c,1791511133,0,,,,,0,0
a6cff1dff131798fdd8273d4,1791424971,0,,,,,0,0
a6d2e6d1ee86f854f95f39a7,1791424971,0,,,,,0,0
a6d40d41c07e0d6170c8d55d,1791424971,0,,,,,0,0
a6dbe9bbc4d05a43d664f5be,1791424971,0,,,,,0,0
a6e52e9b9ec321f718a9de7a,1791424971,0,,,,,0,0
a6e724b5479c1b42bcfc357a,1791424971,0,,,,,0,0
a6e78867036f4502401e145b,1791424971,0,,,,,0,0
a6e88ef87c136ccc33281e91,1791424971,0,,,,,0,0
a6e9118988b746df134cbe85,1791424971,0,,,,,0,0
a6ebdaa3e1f6c892ce24e4e1,1791424971,0,,,,,0,0
a6f16a79c3996b50f55d9708,1791424971,0,,,,,0,0
a6fcc98b67582811c06eb380,1791424971,0,,,,,0,0
a6fcccc88ac75a5ada4bd9aa,1791424971,0,,,,,0,0
a6ffcf05b7df1c7264e1596e,1791424971,0,,,,,0,0
a701bc96ce15f6feaa4e65f5,1791511133,0,,,,,0,0
a7026aa5dcfd3c39e2688b51,1791424971,0,,,,,0,0
a70462312612973f2942183a,1791424971,0,,,,,0,0
a7084a61f2c125b652f6bb61,1791424971,0,,,,,0,0
a710f9e1f9d5bb90fc021cbc,1791424971,0,,,,,0,0
a716217453ce15f7e5009894,1791424971,1,0001428205-26-000107,"7.01,9.01",1789157589,13.0,0,1
a71f80ea4372f6ed118d14af,1791424971,0,,,,,0,0
a7216124cad419eb89502edb,1791424971,0,,,,,0,0
a721da1718bd862d54b2fa9f,1791424971,0,,,,,0,0
a722a6db7d316f47a8e47335,1791511133,0,,,,,0,0
a72624c4605a0ea3a7098df8,1791424971,0,,,,,0,0
a729471c74b50c6836bcb6bd,1791424971,0,,,,,0,0
a729a53200034e95ba6494c7,1791424971,1,0001193125-26-391405,"8.01,9.01",1789476709,6.5,0,1
a72d63f534bb419ca704ee84,1791511133,0,,,,,0,0
a731e801db70d874336e7d5d,1791424971,0,,,,,0,0
a73847cbcdb984817ea8ac8a,1791511133,0,,,,,0,0
a7422cd2a5b61ca18366221f,1791424971,0,,,,,0,0
a747f6570e6f1dc3e6bb6c6e,1791424971,0,,,,,0,0
a74a030a40a65ea800d9e492,1791424971,0,,,,,0,0
a74d15e59673a05a8ef8fdab,1791424971,0,,,,,0,0
a74d2ea3ad9f01b5f150c6ef,1791424971,0,,,,,0,0
a750949c7dbf968dea41542f,1791424971,0,,,,,0,0
a750f2b8fc00a64e5753ec49,1791424971,0,,,,,0,0
a7531019ddad9a16fd73996b,1791424971,0,,,,,0,0
a75bd41b2542d8b00f4e53b7,1791511133,1,0000885725-26-000064,"5.02,8.01,9.01",1791367917,1.5,0,1
a76043b8292889dc9f5e5ac9,1791424971,0,,,,,0,0
a763be8916d393c034a189a6,1791424971,0,,,,,0,0
a765a063dab7c9b252e016b8,1791511133,0,,,,,0,0
a767b295a4868866640569b0,1791424971,0,,,,,0,0
a7713a252a3dec703729df3e,1791424971,0,,,,,0,0
a77248b0c866f23f3acf0ceb,1791424971,1,0000320187-26-000184,"2.02,2.05,9.01",1790885715,0.5,1,0
a772a5c773a0c9de528d16f0,1791511133,0,,,,,0,0
a7765214974594cdfda5ade3,1791424971,0,,,,,0,0
a776f8c8eccfc2d5175d877e,1791424971,0,,,,,0,0
a777e0dc7921c68c293fa5eb,1791424971,0,,,,,0,0
a77dbe8c039042c85a548ce2,1791424971,0,,,,,0,0
a77f7566cea78aa6728af712,1791424971,0,,,,,0,0
a7827821ce236d71ebea9197,1791424971,0,,,,,0,0
a786b9cae1a64d581f5e4eab,1791424971,0,,,,,0,0
a78b3f51f13fa38caf3b3bd2,1791424971,0,,,,,0,0
a790449af86cf8e96c037d18,1791511133,0,,,,,0,0
a7911a69b4d479e88a8e0fa0,1791424971,0,,,,,0,0
a793c133d716d10e58f2a380,1791424971,0,,,,,0,0
a7943903f650ef4203dc6e07,1791424971,0,,,,,0,0
a7984aba1ece0faffc0d185c,1791424971,0,,,,,0,0
a7994a44de5fd750a0435a92,1791424971,0,,,,,0,0
a79b5ab7e6965e533274b50b,1791424971,0,,,,,0,0
a79dc083a962aec3f72f81d0,1791424971,0,,,,,0,0
a79eac2f53c4b6c0b092a023,1791424971,0,,,,,0,0
a7a85accc798a6497879acdc,1791424971,0,,,,,0,0
a7b83f57f4f1863a314dbe31,1791424971,0,,,,,0,0
a7b8469b8e3f7bdc082a2461,1791424971,0,,,,,0,0
a7bd9adee8df32c7c115d4d6,1791424971,0,,,,,0,0
a7bec9bc8e01701c63ef98d6,1791424971,0,,,,,0,0
a7bed6ee093c13c9165a434d,1791511133,0,,,,,0,0
a7bfa6f7533bbf336b12eccb,1791424971,0,,,,,0,0
a7bfd89e25fd1240e9c9b0b4,1791424971,0,,,,,0,0
a7c84139488fcf274ad718d8,1791424971,1,0001423689-26-000135,5.02,1789157047,13.0,0,1
a7c91031143dd38535e45ae6,1791424971,0,,,,,0,0
a7ce4605bcb986ff3a5dc534,1791424971,0,,,,,0,0
a7ce5b96fdc31a0953bdc678,1791424971,0,,,,,0,0
a7d13d728787b14390374d95,1791424971,0,,,,,0,0
a7d45571f750575bb9e8d405,1791511133,0,,,,,0,0
a7dcdceadf711da24fd27b74,1791424971,0,,,,,0,0
a7dd5dfbb512efa6c3324a87,1791424971,0,,,,,0,0
a7ddb206906ffdce4ae40ea2,1791424971,0,,,,,0,0
a7e69d93d288c957738bda76,1791424971,0,,,,,0,0
a7e81806ccb73a0aa9631d9f,1791424971,0,,,,,0,0
a7f02bd51a635f3e08c21d7f,1791511133,0,,,,,0,0
a7f0629a414349992827f481,1791424971,0,,,,,0,0
a7f07c5edcb651b2c1ff31d0,1791511133,0,,,,,0,0
a7f14e412f133ba3d10aa998,1791424971,0,,,,,0,0
a7f2fa1fa24c0d7bbc14e949,1791424971,0,,,,,0,0
a7f525a0cc5bc81d8ef9d8af,1791424971,0,,,,,0,0
a7f6fa7fd4663c299c99ff29,1791424971,0,,,,,0,0
a801c178e91b285622c2750a,1791424971,0,,,,,0,0
a803c72003404a9a8376276b,1791424971,0,,,,,0,0
a804db80cc4e27e1ff027cec,1791511133,0,,,,,0,0
a805aad4cb5f46d5bd3d87fc,1791424971,0,,,,,0,0
a8093aea36c42c920612ec81,1791424971,0,,,,,0,0
a8107841f9e7eeef33c3e34d,1791511133,0,,,,,0,0
a810d1324b87b41b66334f8a,1791424971,0,,,,,0,0
a81635dbcb1b6325f2e24b56,1791424971,0,,,,,0,0
a817503aae6330fc6d323c3d,1791424971,0,,,,,0,0
a818e161d68b5929e91c7145,1791424971,0,,,,,0,0
a819ceee8343b743a1c9e3f4,1791424971,0,,,,,0,0
a819e9995d6df68bbe450793,1791424971,0,,,,,0,0
a81c671fd3dbbb149b2cf9b3,1791511133,0,,,,,0,0
a81d824c0bd238d0b36fae76,1791424971,0,,,,,0,0
a8222a6801666d6960b37f83,1791424971,0,,,,,0,0
a8284c970a87865e93886bfd,1791424971,0,,,,,0,0
a82eee631b3f43ecbdaed5e7,1791424971,0,,,,,0,0
a833a9431bcbbe092db705cb,1791424971,0,,,,,0,0
a8340ecae90021fb40840051,1791424971,0,,,,,0,0
a836acfa26a01116e35e375e,1791424971,0,,,,,0,0
a838f3a152e9192e034c7e6a,1791511133,0,,,,,0,0
a83a659e52789dd497123503,1791424971,0,,,,,0,0
a83aad0c4430364903d048e1,1791511133,0,,,,,0,0
a83eddb81a0da5c11e2e0360,1791424971,0,,,,,0,0
a8464d22b954aa77b479a7ff,1791424971,0,,,,,0,0
a84c0d450f8ff7c0b3f19003,1791424971,0,,,,,0,0
a84c472a4673a4d9bcae504a,1791424971,0,,,,,0,0
a84fcc88db37a204c2a0897a,1791424971,0,,,,,0,0
a856200b0a32d4a6d0d110e3,1791424971,0,,,,,0,0
a8594e2a58438e62c6db26f7,1791424971,0,,,,,0,0
a85ddfd79801605a766fad0d,1791424971,0,,,,,0,0
a85ec61294e487ced8dfdf3f,1791424971,0,,,,,0,0
a864f5ea595e99956e50cb07,1791424971,0,,,,,0,0
a86540e4b35cedc9330011d8,1791424971,0,,,,,0,0
a869a657f431c1d99238b69c,1791424971,1,0001805526-26-000104,"1.01,5.03,9.01",1789162066,13.0,0,1
a86b1899fab1dd226bdfb9f8,1791424971,1,0001437749-26-030743,"1.01,1.02,2.03,3.03,9.01",1789761679,10.0,0,1
a86d65844180196d0965b310,1791424971,0,,,,,0,0
a8725ba340979508c6f8ebf2,1791424971,0,,,,,0,0
a873c80ed790999ef537e22d,1791424971,0,,,,,0,0
a8755b33994dd9f62034b087,1791424971,0,,,,,0,0
a879d9a25cf3ba4766682c70,1791424971,0,,,,,0,0
a87a666dd8b734016710b5dc,1791424971,0,,,,,0,0
a87c1b0cf0b26b85a3167633,1791424971,0,,,,,0,0
a87c6fd143a2473d5cdba286,1791424971,0,,,,,0,0
a87d8a204637a89a168fffb8,1791424971,0,,,,,0,0
a87e31ca918ef6c9d6d29250,1791424971,0,,,,,0,0
a87fcddf413b99fcbccda5db,1791424971,0,,,,,0,0
a88787038545b7dab27459f0,1791424971,0,,,,,0,0
a88b17a685f1fb9d07d5fe5b,1791511133,0,,,,,0,0
a88b97a186da73d2c4d61ca9,1791424971,0,,,,,0,0
a88bff7d66c7674f3b2f2260,1791424971,0,,,,,0,0
a898622cc8f7bd4991b8b7bf,1791424971,0,,,,,0,0
a89be4cd0bf3792f0759a138,1791424971,0,,,,,0,0
a8a0dc1dae6603494d49f257,1791511133,1,0000885725-26-000064,"5.02,8.01,9.01",1791367917,1.5,0,1
a8a50462ff2d31dcf6a50320,1791424971,0,,,,,0,0
a8a7810e5daa40d4553afde9,1791424971,0,,,,,0,0
a8abad2b5845b55732e39b99,1791424971,0,,,,,0,0
a8b30969e4f4d7aaa1b63a99,1791424971,0,,,,,0,0
a8b45fcdc74dc6aa65312992,1791424971,0,,,,,0,0
a8b60a14d725e67e6a44a38b,1791424971,0,,,,,0,0
a8bc7e29a07cc39dda333351,1791511133,0,,,,,0,0
a8c030f8fe92ed1e1063546c,1791424971,0,,,,,0,0
a8cbd4e911bdd88e7d2fe637,1791424971,0,,,,,0,0
a8cd1d82db6c131ed4e1fbd2,1791424971,0,,,,,0,0
a8d6bf837b3ae92afcdd0922,1791424971,0,,,,,0,0
a8d843ee85b6c2ceb9769a3c,1791424971,0,,,,,0,0
a8d84eab09b894ebade60bfe,1791424971,0,,,,,0,0
a8d934ae4f046c77716a1d13,1791424971,0,,,,,0,0
a8dbe13a8cca91257f1470bd,1791424971,0,,,,,0,0
a8dc5822d29ade2c034453b4,1791424971,1,0001193125-26-391405,"8.01,9.01",1789476709,5.5,0,1
a8df6651b227b0ce32d4c2f2,1791424971,0,,,,,0,0
a8e93de4d309f85d4fb395d7,1791424971,0,,,,,0,0
a8eca904eab58db03f5aa1ad,1791424971,0,,,,,0,0
a8eeabae8148eab6d9bfda43,1791424971,0,,,,,0,0
a8ef6ff06bcda3d68b59d130,1791511133,0,,,,,0,0
a8f2adbbbd8ea1e553dd2a1e,1791424971,0,,,,,0,0
a8f56205259581dac71322d1,1791511133,0,,,,,0,0
a8f749c086c1a720e75f7dff,1791424971,0,,,,,0,0
a90385248eccea81621842a9,1791424971,0,,,,,0,0
a90614e257abf6f75a6025c7,1791424971,0,,,,,0,0
a906e0bca83cb65f67c5860c,1791424971,0,,,,,0,0
a910ad79eb2f7daadf4d39dd,1791424971,0,,,,,0,0
a913c4910b290bb1eb8d4ce9,1791424971,0,,,,,0,0
a91439e9cc88828c23060c32,1791424971,0,,,,,0,0
a91550fa5bb18189dfc6278c,1791511133,0,,,,,0,0
a91e1774c9c68fe8fae47b34,1791424971,0,,,,,0,0
a9240f9147c712061f4b3cba,1791511133,0,,,,,0,0
a925c56b0ac41bb990f858b5,1791511133,0,,,,,0,0
a926644af884e9b808b6b186,1791424971,0,,,,,0,0
a9270a5ebd1be2daccb0697c,1791424971,0,,,,,0,0
a92813106815e47e0a1e07d0,1791424971,0,,,,,0,0
a928b6f762bffa89b0aa35cf,1791424971,0,,,,,0,0
a92bb41d024a92cf59b39cab,1791424971,0,,,,,0,0
a92d8a448cfd3f51e5bcaf5c,1791424971,0,,,,,0,0
a92f9dac6f2df49da6c252c4,1791427778,0,,,,,0,0
a93a049632177dd698cc0d58,1791424971,0,,,,,0,0
a93b6efaad607262edc459a5,1791424971,0,,,,,0,0
a93f14767b289de34ec38a93,1791424971,0,,,,,0,0
a9450a5c21a379c0d39b03ed,1791511133,0,,,,,0,0
a9454e43c214a3740ef0ab5c,1791424971,0,,,,,0,0
a9455bd0f4271ac5264ce892,1791511133,0,,,,,0,0
a9492a63303daa9bf1b8049e,1791424971,0,,,,,0,0
a94b44e48f0d217492d24823,1791424971,0,,,,,0,0
a94d459f9936b3bc043d0920,1791424971,0,,,,,0,0
a94e163b68c94641c531cacd,1791424971,0,,,,,0,0
a94f338fca1e100643943577,1791424971,0,,,,,0,0
a9567c6fc1720221b8e36c5b,1791424971,0,,,,,0,0
a95c6991c0e090fc3fe6366a,1791511133,0,,,,,0,0
a963ced01636be5ef0f2a504,1791424971,0,,,,,0,0
a963f86c8ba6e32e00710dd7,1791511133,0,,,,,0,0
a966bdc896bf95dbcd9c06ea,1791424971,0,,,,,0,0
a968d458e7c5a0f0eb7be2a9,1791424971,0,,,,,0,0
a96c81a6a612a654abb68192,1791424971,0,,,,,0,0
a9713c3ceaae9f99aea0cc84,1791511133,0,,,,,0,0
a97270d3425ea2fbcb117766,1791424971,0,,,,,0,0
a9727ba0f13c5204c7fa9fdf,1791424971,1,0001564708-26-000212,"8.01,9.01",1790724678,1.5,0,1
a975f89b0882e4b0d307d189,1791424971,0,,,,,0,0
a97edadb2a9247d84286ba8f,1791424971,0,,,,,0,0
a98384bb642eb913bbf21c97,1791511133,0,,,,,0,0
a9858c2c57a9b09f86c8ec45,1791424971,0,,,,,0,0
a98abe90a366a0be1042460a,1791511133,0,,,,,0,0
a98d56e92bcc34dbcccd1226,1791424971,0,,,,,0,0
a9917ce9b7c3ee4e7e298ece,1791424971,0,,,,,0,0
a99340845e9de7d69f3fbda2,1791424971,0,,,,,0,0
a9961774c4e8aa4c9d7a28c2,1791424971,0,,,,,0,0
a99a2aaa646e70c6d636f2cb,1791424971,0,,,,,0,0
a99da165349db2ab527af36c,1791424971,0,,,,,0,0
a9a6ed1c240a068347d77a62,1791424971,0,,,,,0,0
a9ab04de9029a7f48fcb2c9a,1791511133,0,,,,,0,0
a9b6ecaa33a0c5c07754db4e,1791424971,0,,,,,0,0
a9b9784edce98bc91291b8aa,1791424971,0,,,,,0,0
a9bb2cc11bb8fd7c6f116530,1791424971,0,,,,,0,0
a9c6123cfe6d2da29c4167d2,1791511133,0,,,,,0,0
a9c8d5ddccbed58189ff6356,1791424971,0,,,,,0,0
a9cd8513053461bdc14f3e51,1791424971,0,,,,,0,0
a9cffb3e6cb20aa2ab75c5e1,1791511133,0,,,,,0,0
a9d0df0219975a224051a53d,1791424971,0,,,,,0,0
a9d2a4251023e64a13ef0ef5,1791424971,0,,,,,0,0
a9d48d449adf70ee07815ace,1791424971,1,0001728951-26-000064,"7.01,9.01",1789590971,2.5,0,1
a9e1c78c023616292cc83d6d,1791424971,0,,,,,0,0
a9e6645a80c6319f02e86b2e,1791424971,0,,,,,0,0
a9ef538da360bf27b0bd5425,1791424971,0,,,,,0,0
a9f0d3175431eef6c209832b,1791424971,0,,,,,0,0
a9f2c1e808a8ffe38275e78e,1791424971,0,,,,,0,0
a9f792fbba13cc8ea9c714b9,1791424971,0,,,,,0,0
a9fa09194801d4d9487844ed,1791424971,1,0001171843-26-006074,"8.01,9.01",1789588817,0.5,0,1
a9fadd204a274406d841c4f8,1791511133,0,,,,,0,0
aa003cc47b2e6ca5657f5438,1791424971,0,,,,,0,0
aa01d79946aae0e8a3a4d68a,1791424971,0,,,,,0,0
aa021805f07430389cdeefdb,1791511133,0,,,,,0,0
aa05e29c02e20d313a467de2,1791424971,0,,,,,0,0
aa0ca83145f54d1d4df6fb4b,1791424971,0,,,,,0,0
aa0e2d8ff89abff440290d4a,1791424971,0,,,,,0,0
aa11ad29e2a3771b24fe7644,1791424971,0,,,,,0,0
aa122d09af1975a0a19874da,1791424971,0,,,,,0,0
aa1c42fd283a14ccbff8814f,1791424971,0,,,,,0,0
aa1f0ddea046948903a689e8,1791424971,1,0001037976-26-000173,5.02,1790801155,7.0,0,1
aa24b203254ca84c2c3b7a97,1791511133,0,,,,,0,0
aa251df15dbcbad2540734d1,1791511133,0,,,,,0,0
aa25b16b7f74250cfff11210,1791424971,0,,,,,0,0
aa32e36cc82cd3b1d262835b,1791424971,1,0000917251-26-000066,8.01,1790938829,0.5,0,1
aa3f527159a02436117c2bb9,1791424971,0,,,,,0,0
aa40c2851c98585855b501f5,1791424971,0,,,,,0,0
aa445b063343470d95b84c84,1791424971,0,,,,,0,0
aa44e1486571090a533210ff,1791424971,0,,,,,0,0
aa4999f450da2d5775f26e28,1791424971,0,,,,,0,0
aa52a3f6ba61880d76844bac,1791511133,0,,,,,0,0
aa552d2d6057dfeda2b73582,1791424971,1,0000920148-26-000201,"7.01,9.01",1789073275,7.0,0,1
aa5b5c90ec266553cca9f1ef,1791424971,0,,,,,0,0
aa5d79f9fe74a0698c0ab402,1791424971,0,,,,,0,0
aa5f79c125a076903f87b595,1791424971,0,,,,,0,0
aa604892a32f5c9f774d757a,1791424971,0,,,,,0,0
aa63c529a8cc78ba15b11496,1791511133,0,,,,,0,0
aa644494021edd2c606fc336,1791424971,0,,,,,0,0
aa675c527dfbb7ee0fcab4fd,1791424971,0,,,,,0,0
aa6769d1fa048b6d2d206926,1791424971,0,,,,,0,0
aa67bad88df9b5b539327b27,1791424971,0,,,,,0,0
aa68a16d60df2f9e57cf6bee,1791424971,0,,,,,0,0
aa69280dcd01d4ebadcea4a7,1791424971,0,,,,,0,0
aa697438685a7521c7076b29,1791511133,0,,,,,0,0
aa7140e8ab637aca80690739,1791424971,0,,,,,0,0
aa727e2fdc61817cbf45c22c,1791424971,0,,,,,0,0
aa76b4bebc4adba77c7a03ff,1791511133,0,,,,,0,0
aa8956f585cf08fd07e0b346,1791424971,0,,,,,0,0
aa8bc42314505528fd3d5ff6,1791424971,0,,,,,0,0
aa8db4cf2e66390c2b27943e,1791511133,0,,,,,0,0
aa92c231451a7e8a26398cbe,1791424971,0,,,,,0,0
aa92fcf478e2897d2c48f6a4,1791424971,0,,,,,0,0
aa970cfe4b527254610158e6,1791424971,1,0001357615-26-000177,"5.02,9.01",1790888681,2.5,0,1
aaa694b90cc562f2795585ad,1791424971,1,0001193125-26-377613,"7.01,9.01",1788265805,0.5,0,1
aaac54a612ce30d1bdee0f91,1791424971,0,,,,,0,0
aab3c989800d4bdc571bdcf0,1791511133,0,,,,,0,0
aab57955edf3f058994ceeb2,1791424971,0,,,,,0,0
aab96b101cdfe0c63116fba0,1791424971,0,,,,,0,0
aabb0252b41cdac8b4c6d437,1791424971,0,,,,,0,0
aac787a8a8f3a6434cd03753,1791511133,0,,,,,0,0
aaca36ce536608822da317e4,1791511133,0,,,,,0,0
aacbaa0c97de866347f5ce60,1791424971,0,,,,,0,0
aad2b29ac1581c673a14bf79,1791424971,0,,,,,0,0
aada798a1f906ac59768ab76,1791424971,0,,,,,0,0
aae47da1920f484edbaf5b47,1791511133,0,,,,,0,0
aae810e5c81d499c0f160b67,1791424971,0,,,,,0,0
aae971ed30d65bc407dbbdfb,1791424971,0,,,,,0,0
aaf0189b69cde5a1d506bb83,1791424971,0,,,,,0,0
aaf1c8e9978fb75c6b68e8d8,1791424971,0,,,,,0,0
aaf34ced43374b419451c526,1791424971,0,,,,,0,0
aaf5e26fd5b8cf60b52dbb08,1791424971,0,,,,,0,0
aafc6a96bf5179205878fdcd,1791424971,1,0001213900-26-105305,5.07,1790802010,1.5,0,0
aaff29a6cb1e10431d33a148,1791424971,0,,,,,0,0
aaff901fba3327df0a3eb575,1791424971,0,,,,,0,0
ab067b8027bb69cf2e23124b,1791424971,0,,,,,0,0
ab0e6cf4dc5944c475e3e16d,1791424971,0,,,,,0,0
ab0f1782c1b31b51268a75ec,1791424971,0,,,,,0,0
ab18e363b724baabe5ab787a,1791424971,0,,,,,0,0
ab1910513d333fb97821f64a,1791511133,0,,,,,0,0
ab1d427b89115085c3bc6cc9,1791424971,0,,,,,0,0
ab1fb7d83028d81c6cb88b65,1791424971,0,,,,,0,0
ab23aedbab859f701dae86ff,1791424971,0,,,,,0,0
ab30f87b8b9110aa9f87946e,1791424971,0,,,,,0,0
ab369c31212d4959ab9416af,1791511133,0,,,,,0,0
ab3738fb6f661d8e8944c40b,1791424971,1,0001104659-26-106356,"1.01,1.02,2.03,8.01,9.01",1788985847,0.5,0,1
ab3c62b7793bb010314b493f,1791424971,0,,,,,0,0
ab4229eebd87d83045e82760,1791424971,0,,,,,0,0
ab44ce4195e8c79a22206fcd,1791511133,1,0001193125-26-414916,"2.02,9.01",1791284009,0.5,1,0
ab45562a927326649c81aa6a,1791511133,0,,,,,0,0
ab458de2211767ec8dbbe567,1791424971,0,,,,,0,0
ab479fa4097c585d41964880,1791424971,0,,,,,0,0
ab48400a61f4e039c789ce4a,1791424971,0,,,,,0,0
ab4e4242c471a60a5d70d6a4,1791424971,1,0001628280-26-063850,"7.01,8.01,9.01",1790716525,6.5,0,1
ab4f7406b10aa214d2dbd005,1791424971,0,,,,,0,0
ab56ea3bcc9c97705ca9929a,1791424971,0,,,,,0,0
ab58a9707e41a26e85c8f334,1791424971,1,0001289419-26-000048,"7.01,9.01",1790367648,0.5,0,1
ab5af3f7665e57cb5bb04446,1791424971,0,,,,,0,0
ab604f82a78f55f80f5c2621,1791424971,0,,,,,0,0
ab60908d26ac9f25b8b5c404,1791424971,0,,,,,0,0
ab622c3a1f58327e4a80f68b,1791424971,0,,,,,0,0
ab675da9fa1fc8615299176e,1791427778,0,,,,,0,0
ab68bffd6243b2d735069973,1791424971,0,,,,,0,0
ab733cf2b78de10f86d7bdf0,1791424971,0,,,,,0,0
ab74796e50ca722c4479d9c8,1791424971,0,,,,,0,0
ab77339c30b37f401ae4b0d6,1791424971,0,,,,,0,0
ab7909a6c4c390327165c4bb,1791424971,0,,,,,0,0
ab7a330de671505e56509d27,1791424971,1,0001193125-26-402912,"5.02,9.01",1790368510,8.0,0,1
ab7c79d42ad4eadb2a7b9605,1791424971,0,,,,,0,0
ab813ca7994b5779592c3a87,1791511133,0,,,,,0,0
ab878a597c28f561353c298a,1791424971,0,,,,,0,0
ab891055c743ae075d57c4c4,1791424971,0,,,,,0,0
ab8b730746a515977f3b1885,1791424971,0,,,,,0,0
ab8d2531401fa44d8b24c453,1791424971,0,,,,,0,0
ab9041fe33532c605154668b,1791424971,0,,,,,0,0
ab911f2d97502d4c1eacc04b,1791427778,0,,,,,0,0
ab9a0b59bb2520dd79d5bc2f,1791424971,0,,,,,0,0
ab9c1728c92c742def3c2ebc,1791424971,0,,,,,0,0
ab9e85c03182f08833169a0c,1791424971,0,,,,,0,0
ab9ed22e3fd880d1725b000e,1791424971,1,0002071876-26-000221,1.01,1790371721,13.0,0,1
ab9f1219ad4eb564476f4bdb,1791424971,0,,,,,0,0
ab9f23b96ec1ed82d3bb2d39,1791424971,0,,,,,0,0
aba055cee4f4c9b8ce67840e,1791424971,0,,,,,0,0
aba083d0fb044bb1c59ae839,1791424971,0,,,,,0,0
aba7e7be9109495df0145f95,1791424971,0,,,,,0,0
aba9bd871775a2ea6d127aca,1791511133,0,,,,,0,0
abaa89df80231281e3cb44e6,1791424971,0,,,,,0,0
abad301a0ad1fd6c9da0578b,1791424971,0,,,,,0,0
abadfd049527fcf00606a596,1791427778,0,,,,,0,0
abb61283d92c4fa48f53b4e5,1791424971,1,0001193125-26-357758,"2.01,3.01,3.03,5.01,5.02,5.03,9.01",1787222033,7.0,0,1
abbaa986e06e99f26d9a9fb5,1791424971,0,,,,,0,0
abbb7fddcec3ece86bb1d35b,1791424971,0,,,,,0,0
abc22259d2efe2679d0c3874,1791424971,0,,,,,0,0
abc7fc3fe868ad45e11b61c1,1791424971,0,,,,,0,0
abca9e2b3c649e3a3f510b68,1791424971,0,,,,,0,0
abd3ae3c30989a8fc771fc4c,1791424971,0,,,,,0,0
abd413cae1a7f1c603c02980,1791511133,0,,,,,0,0
abd852843dd68402d669093c,1791424971,1,0001628280-26-064413,"5.03,5.07,9.01",1790954717,8.421388888888888,0,1
abec0db013186bc1ab032f67,1791424971,0,,,,,0,0
abec52df33f388fe8da1284e,1791424971,0,,,,,0,0
abedaa8fd52e00ebe7630551,1791424971,0,,,,,0,0
abf4d808b2397368461719d8,1791424971,0,,,,,0,0
abf51640da80c148df233cfb,1791424971,1,0001193125-26-400333,"5.02,9.01",1790255694,7.0,0,1
abf6edac07c83cd9f056f1c3,1791424971,0,,,,,0,0
abfadc23dc6491a84382138d,1791424971,0,,,,,0,0
abfc8ab822791df5068eda7a,1791424971,0,,,,,0,0
abfcfa95a3f616f1e2c50f97,1791511133,0,,,,,0,0
ac01504645fffcc9a92576e2,1791424971,0,,,,,0,0
ac0449a4c0daa48cebd6885f,1791424971,0,,,,,0,0
ac0d35e036628a6e711a1d89,1791424971,1,0001171843-26-006315,"8.01,9.01",1790812794,0.5,0,1
ac106fe0f58ac300d5e4ff2f,1791424971,0,,,,,0,0
ac1310c69042ecf23fb03f3e,1791424971,0,,,,,0,0
ac15fbbe12e700c5e99964fd,1791424971,0,,,,,0,0
ac1734f5f3cc44923ac391ae,1791424971,0,,,,,0,0
ac1879dac4ae761c08314b94,1791424971,0,,,,,0,0
ac21888227b0f9850c297dd5,1791424971,0,,,,,0,0
ac23b993c6be521f9e79959a,1791424971,0,,,,,0,0
ac243ec3b97db506f8a2e063,1791424971,0,,,,,0,0
ac250fb72c231f3802e38e1e,1791424971,0,,,,,0,0
ac2a88996bef1dd776858223,1791424971,0,,,,,0,0
ac2ae688e24e54f2d00318c7,1791424971,0,,,,,0,0
ac3068b248096a579e4ca3e8,1791424971,0,,,,,0,0
ac30ba13b201ed9dae714e63,1791511133,0,,,,,0,0
ac30ed4ccdab79615513625b,1791424971,0,,,,,0,0
ac3223f3202cb2a56a826a97,1791424971,1,0001104659-26-108378,"7.01,9.01",1789639587,7.0,0,1
ac380b2a8f441879cffa696c,1791424971,0,,,,,0,0
ac3e20e45a8f8fb2bced9e0a,1791424971,0,,,,,0,0
ac410677b7ff88470fa718b8,1791424971,0,,,,,0,0
ac42178388a27851a7e13713,1791511133,0,,,,,0,0
ac44ddc58bcab825e62e680c,1791424971,0,,,,,0,0
ac50ee3e66b8c8835d84fc42,1791424971,0,,,,,0,0
ac527124617c4a6d7739ade6,1791424971,0,,,,,0,0
ac54670041e4c6650e99f856,1791424971,0,,,,,0,0
ac5610aa03ca1be5eaf462df,1791424971,0,,,,,0,0
ac5a974e156a33740955d4c6,1791424971,0,,,,,0,0
ac5b5dbf72f0d94158058131,1791424971,0,,,,,0,0
ac5fa487bd3fc75be9b74afa,1791424971,0,,,,,0,0
ac6c13ab8cc091a9880fda66,1791424971,0,,,,,0,0
ac6f35d7f19528df21b1d948,1791511133,0,,,,,0,0
ac705fe4dfbe415b51505e21,1791424971,1,0001193125-26-393065,"8.01,9.01",1789589173,7.0,0,1
ac72ced6636d027d00008ad0,1791424971,0,,,,,0,0
ac750fbaa87250921aa1dd3e,1791424971,0,,,,,0,0
ac7b43700de82e74d759fe02,1791511133,0,,,,,0,0
ac7d78e46358ae5f03725003,1791424971,0,,,,,0,0
ac8217b411e279f5273f2404,1791424971,0,,,,,0,0
ac8bcd75c2557f07d4634200,1791427778,0,,,,,0,0
ac8df2efb648baa99eec3ee4,1791424971,0,,,,,0,0
ac8f2c9494760d14cb8a556e,1791424971,0,,,,,0,0
ac939e397378209e0c7a0fb7,1791511133,0,,,,,0,0
ac944665943d85e8d8202822,1791424971,0,,,,,0,0
ac9acf98b7cc61ce1cdba9cc,1791424971,0,,,,,0,0
ac9eda8c59748426d1d4274b,1791511133,0,,,,,0,0
aca1d742790f69f7e92cbfb4,1791424971,0,,,,,0,0
aca50ccf86bdcdfdf2fa32e8,1791424971,0,,,,,0,0
aca571fec3719733de66eaef,1791511133,1,0001858681-26-000054,"2.02,7.01",1791232239,0.5,1,0
acab243fc2f917f9158161c5,1791424971,0,,,,,0,0
acad78191b9bfa0c46135d96,1791424971,0,,,,,0,0
acaf93a26a8471a9b730ba1d,1791424971,0,,,,,0,0
acb6019bfa087016d85f1b17,1791424971,0,,,,,0,0
acb8e359e21f7496c1ef9e38,1791424971,0,,,,,0,0
acc12fcc8e4d8cf7b3786be1,1791424971,0,,,,,0,0
acc985f19315bc12545b2ac1,1791424971,0,,,,,0,0
accb2a0b9522de668ba933da,1791424971,0,,,,,0,0
acd175cb9b0ef0d81a182683,1791424971,0,,,,,0,0
acd2fbbc3e7e984ae65cde2b,1791511133,0,,,,,0,0
acd3312c4988ef6be2b10114,1791424971,0,,,,,0,0
acd615f311ee885e1d970857,1791424971,0,,,,,0,0
acd807e0b567d0097e4d9a65,1791424971,0,,,,,0,0
acdc2a68e64e8161ebb51160,1791424971,0,,,,,0,0
acdde71181eb2f2726d70ad1,1791511133,0,,,,,0,0
ace7e36b357c6c63d0ae67c4,1791424971,0,,,,,0,0
ace8b69ab44ca1c07641e83d,1791424971,0,,,,,0,0
ace8e839bc6967f2a904c1ea,1791424971,0,,,,,0,0
acf3050ef67fd1e691eb91f2,1791424971,0,,,,,0,0
acf5fc7a8a226bbefdc27456,1791424971,0,,,,,0,0
acf6efb2b902044652944c37,1791511133,0,,,,,0,0
ad002d16c0ef4e5b70c36e15,1791424971,0,,,,,0,0
ad062b0bb5721f8bcf10bc12,1791424971,0,,,,,0,0
ad0c18441ad7690b47076673,1791424971,0,,,,,0,0
ad12990c9f4f97feec0f11cb,1791424971,0,,,,,0,0
ad15840f29094255cc11c96d,1791424971,0,,,,,0,0
ad1efc1e9cbc567d04f61b42,1791424971,0,,,,,0,0
ad29fef8e0cf7c2c689a9f94,1791511133,0,,,,,0,0
ad2c3f98da48a9410309d197,1791424971,0,,,,,0,0
ad2eef9b985c6cc941ec1052,1791424971,0,,,,,0,0
ad2f5446cb4e314000a9d2ab,1791424971,0,,,,,0,0
ad31aae65ea53740e796d2e7,1791511133,0,,,,,0,0
ad348b3217496b85de3a82c4,1791424971,0,,,,,0,0
ad38023ec3c824706bdc037a,1791511133,0,,,,,0,0
ad49d8e3c628cea0de45b7bc,1791424971,0,,,,,0,0
ad4b7e3ff70b6ce8db707fc7,1791424971,0,,,,,0,0
ad4e0ef2c1a3fc4ef9a59bad,1791424971,0,,,,,0,0
ad4fb5b003ee7911ce53bc7b,1791424971,0,,,,,0,0
ad519baad7d8308aeb69ae5c,1791511133,0,,,,,0,0
ad52a595a04aaace9d3baf70,1791424971,0,,,,,0,0
ad55518a0766efe7b3ffae4e,1791424971,0,,,,,0,0
ad585d727ce965bc8e3cf4c0,1791424971,1,0002071876-26-000221,1.01,1790371721,3.5,0,1
ad5a33a22b1f8ca80f035637,1791424971,0,,,,,0,0
ad5f200aadb6f58994de5fe0,1791424971,0,,,,,0,0
ad5f528f60955693139ff0f8,1791424971,0,,,,,0,0
ad654a7f17b44293a7b0bf94,1791424971,0,,,,,0,0
ad68a715742b1210bac4be5c,1791424971,0,,,,,0,0
ad69173e5da674f999b1bead,1791424971,0,,,,,0,0
ad6c86cea6537ba251da89b4,1791424971,0,,,,,0,0
ad71bad6707efb5594c553a0,1791424971,0,,,,,0,0
ad73c278eb6589f1d02c415a,1791424971,0,,,,,0,0
ad73ebdd1a38d00d471a0145,1791424971,0,,,,,0,0
ad787b198de30639d1c49de1,1791424971,0,,,,,0,0
ad7d767936e7cc3e9c11ece2,1791424971,0,,,,,0,0
ad82d25434c167eca93547e2,1791424971,0,,,,,0,0
ad83bd9dbe3ae3005dd488c2,1791424971,0,,,,,0,0
ad8a7c15c7ee241cceaec034,1791424971,0,,,,,0,0
ad8c67b59c4e568a3b9a974b,1791424971,0,,,,,0,0
ad921c1e937f0be8fbfeb8a0,1791511133,0,,,,,0,0
ad9412e338958c232662a993,1791424971,0,,,,,0,0
ad94264c55ddb3e231adfd95,1791424971,0,,,,,0,0
ad98e3776778ee9a5350c594,1791424971,0,,,,,0,0
ad98ec81fcedd7e009d5acb8,1791424971,0,,,,,0,0
ad9bc6877b2ba59222d2e13d,1791424971,1,0000876167-26-000110,"2.02,7.01,9.01",1790798839,0.5,1,0
ad9e34aa08ffb90fee673cd4,1791424971,0,,,,,0,0
ad9f34bb5fa08af00706edf3,1791424971,0,,,,,0,0
adaaa868cc8839369a3238c3,1791511133,0,,,,,0,0
adacb2f7065a36cefa5e7583,1791424971,0,,,,,0,0
adad063a6bf8996da1169a5c,1791424971,0,,,,,0,0
adb19cf417cc0c1bdfcbcde1,1791424971,0,,,,,0,0
adb35b9e56dbb83a2ad919f0,1791424971,0,,,,,0,0
adb39921f03e21c3a07f68ea,1791511133,0,,,,,0,0
adb593615a86b8ef1e0e0efd,1791511133,0,,,,,0,0
adba0223296d467316f6e04e,1791424971,0,,,,,0,0
adc04fd36cb13a5fbf589492,1791511133,0,,,,,0,0
adc6b9b0c2626fe65b1ab87b,1791511133,0,,,,,0,0
adcb1d8b87cbc3a49bae2249,1791511133,0,,,,,0,0
adceacf3a3599393a667aaee,1791424971,0,,,,,0,0
adcf0fa36a3df4ee20db8dd2,1791511133,0,,,,,0,0
add81c310d52eb3b5688b022,1791424971,0,,,,,0,0
add8e06959fdcb2cbe9b58ac,1791424971,0,,,,,0,0
adde6746aeb5ef8dcac034fd,1791424971,0,,,,,0,0
ade6d6486257b96578e09bf1,1791424971,0,,,,,0,0
ade732d25c2904928fb2595a,1791424971,0,,,,,0,0
ade746e3b224b54b142e4e12,1791511133,0,,,,,0,0
ade7835bb8016cd70ceccc86,1791424971,0,,,,,0,0
adec20dd48538839f177f22c,1791424971,0,,,,,0,0
adee920b450c73df03bb8fd8,1791424971,0,,,,,0,0
adf02df13d0a8fc9c97a41fe,1791424971,0,,,,,0,0
adf0a5b9fa40352b9cd14965,1791424971,0,,,,,0,0
adf2307f2a7d6cdb98a87386,1791424971,0,,,,,0,0
adf598c81639090088abfcf5,1791424971,0,,,,,0,0
adfd71c9d8fa9d67dcc9a101,1791424971,0,,,,,0,0
adfe26df021ee7fc671fa133,1791424971,0,,,,,0,0
ae019543fbf5496525b0ff72,1791424971,0,,,,,0,0
ae028107b484307aaa39842a,1791511133,0,,,,,0,0
ae08c97974ccbbafbd970a26,1791424971,0,,,,,0,0
ae0c630743e8ff97bc0d68bb,1791424971,1,0000049196-26-000081,5.02,1790280322,0.5,0,1
ae0e5eb53dc53b387c146a08,1791424971,0,,,,,0,0
ae1206215cb92be0e87bf75a,1791424971,0,,,,,0,0
ae1245fee371865a3509e4a5,1791424971,0,,,,,0,0
ae15cf3f0d31a515ad079c52,1791424971,1,0001628280-26-063890,"2.02,9.01",1790767936,7.0,1,0
ae17858babbb5ffb63229c48,1791424971,0,,,,,0,0
ae18c70aa1a0f013e3501c71,1791424971,0,,,,,0,0
ae22fb54ca09e188de1729ec,1791424971,0,,,,,0,0
ae26dbb3b0d9fc2409fca9e4,1791424971,0,,,,,0,0
ae270e601491f29c03ff7330,1791424971,0,,,,,0,0
ae2ae9c7249f694de58841f6,1791511133,0,,,,,0,0
ae2b5583d92b1f1368bb6c07,1791424971,0,,,,,0,0
ae2d62ab9a52ac8411d78c35,1791424971,0,,,,,0,0
ae307ca0bf4687a368c4dc84,1791424971,0,,,,,0,0
ae32bddbdd4a0190eca9cb9f,1791511133,1,0001628280-26-065292,"2.05,2.06,9.01",1791374472,6.5,0,1
ae39f5a223a9603e38f0cf69,1791511133,0,,,,,0,0
ae42ca7d5a47311d8f52373d,1791424971,0,,,,,0,0
ae43cec564c2570e4786dc44,1791424971,0,,,,,0,0
ae46aa6c677e15642a5759d0,1791424971,0,,,,,0,0
ae4d79a2ff8eec6284bf82f1,1791424971,1,0001193125-26-388699,"8.01,9.01",1789132480,0.5,0,1
ae5358c9a7651ca5a53a90c7,1791424971,0,,,,,0,0
ae559087842d4c6a61939160,1791424971,0,,,,,0,0
ae5a7f01c699e00c1573640b,1791511133,0,,,,,0,0
ae5e3d7555dd4d5a74870b7b,1791424971,0,,,,,0,0
ae65df6f7a63d3c3288067e8,1791511133,0,,,,,0,0
ae69cdab8ce83e4e97d886ab,1791424971,0,,,,,0,0
ae6d4962133f31f1cc9044bf,1791424971,0,,,,,0,0
ae729fbf5422dc80a0fcdad4,1791424971,0,,,,,0,0
ae7618180b350a3d6654cfb7,1791424971,0,,,,,0,0
ae7649a1edc06d3c41f7175d,1791424971,0,,,,,0,0
ae773b3dcc98da8444606076,1791424971,0,,,,,0,0
ae795f9ab99db47d43f4a31b,1791424971,0,,,,,0,0
ae7a37ccb9d808383b740b8a,1791511133,0,,,,,0,0
ae84a0fdec71944e3b03d08b,1791424971,1,0001193125-26-409787,"1.01,2.01,2.03,7.01,9.01",1790852398,8.0,0,1
ae86b44cbeccb25350a86753,1791424971,0,,,,,0,0
ae87ece63cfac830b0ae3441,1791424971,0,,,,,0,0
ae8b08a049b230a84477fed5,1791424971,0,,,,,0,0
ae8bffd18e346c03a84be0ad,1791424971,0,,,,,0,0
ae8e0dda6b6313278c2d7add,1791424971,0,,,,,0,0
ae90a879e3ecc9a6331d8ebb,1791424971,0,,,,,0,0
ae90d08551bb364e60c014a8,1791424971,0,,,,,0,0
ae911ff4634032713cd01f51,1791424971,0,,,,,0,0
ae9349e443c159fa1cf7bbd0,1791424971,0,,,,,0,0
ae98ba232605ad6ad073db46,1791511133,1,0001104659-26-114388,"1.01,9.01",1791405935,9.0,0,1
ae9d00c2fb22201a5e8a238d,1791424971,0,,,,,0,0
aea002544df372227b48b0b2,1791511133,0,,,,,0,0
aea4c68f29379962f4754e89,1791511133,0,,,,,0,0
aea6a5105db61f8efbb61077,1791424971,0,,,,,0,0
aeab223ff41b0d0d6315bbc6,1791511133,0,,,,,0,0
aeb097dbb379b88c3b19ce1f,1791424971,0,,,,,0,0
aeb0c1dfbfcd2eedd5392c5e,1791424971,0,,,,,0,0
aeb1565ee7d8a8bd7fe8c793,1791424971,0,,,,,0,0
aeb2c1c195a029c6d072a242,1791424971,0,,,,,0,0
aeb3fe615bb17ee601dfd611,1791424971,0,,,,,0,0
aeb6425d96c4fadbe4dd153a,1791424971,0,,,,,0,0
aec018453589b17412c1681b,1791511133,0,,,,,0,0
aed2b218f9a7fbc2c45b240f,1791424971,0,,,,,0,0
aedc51cbebb2002d753c819d,1791424971,0,,,,,0,0
aee049c75911d4c04bc26db7,1791424971,0,,,,,0,0
aee1fce526e335f74d1218ce,1791424971,0,,,,,0,0
aee2114946806f2730be4ecf,1791511133,0,,,,,0,0
aee356a715c841afa80c8140,1791424971,0,,,,,0,0
aee423545efcaf3eca78b689,1791424971,0,,,,,0,0
aeefc9583bd6af4418a17c6e,1791511133,0,,,,,0,0
aef0afd65a6eff790501d0c8,1791424971,0,,,,,0,0
aef61da9114f78efbe4dfcce,1791424971,0,,,,,0,0
aefbb9777144098cbd66e440,1791424971,0,,,,,0,0
aeff001df4a7824e61ce674b,1791424971,0,,,,,0,0
af02fc04c468d4b4fc02a954,1791424971,0,,,,,0,0
af09ff2ffe7b7973f6dc560c,1791511133,0,,,,,0,0
af0fd73a1211ca7e1a9926f3,1791424971,0,,,,,0,0
af190869d6415b01a271b9c6,1791511133,0,,,,,0,0
af196704ebdc1f4a19b8279d,1791424971,0,,,,,0,0
af1e9f2c0fac10b3c4914f72,1791424971,0,,,,,0,0
af206e32ce6e98fce60e5be6,1791424971,0,,,,,0,0
af2f7807c47cefffeee142a4,1791424971,0,,,,,0,0
af2f7a4595031530a880ac74,1791424971,0,,,,,0,0
af3009adff8321160b54da51,1791424971,0,,,,,0,0
af30d35e138317bd7367faf2,1791424971,0,,,,,0,0
af320586a491ffc60186fd2a,1791424971,0,,,,,0,0
af358b75d2f35a035a2648ab,1791424971,0,,,,,0,0
af37e8a80d6872c7860780f9,1791424971,0,,,,,0,0
af3926d4507bdeb28911b680,1791424971,0,,,,,0,0
af3a865c6f1aa1f18b012f14,1791424971,1,0001524472-26-000132,"1.01,1.02,2.03,9.01",1788911848,5.5,0,1
af3d795be441a652578bacea,1791424971,0,,,,,0,0
af3d9121f9ede38e285282c6,1791424971,0,,,,,0,0
af42992b15440af4c9cb22a9,1791424971,0,,,,,0,0
af4347847aa1f89e8bcd52e8,1791424971,0,,,,,0,0
af43cb6b95b2fef80680d098,1791424971,0,,,,,0,0
af48491bb717d850aa3cb427,1791424971,0,,,,,0,0
af4b9203ccf65668b38b73b4,1791424971,0,,,,,0,0
af4c872e05d48715ae41a8c7,1791424971,0,,,,,0,0
af53599b05bd6045640821a2,1791424971,0,,,,,0,0
af596ce3401141c6cd199886,1791424971,0,,,,,0,0
af65d88adc7fb2087d525d03,1791424971,0,,,,,0,0
af66d087ee9fdbef45b12632,1791424971,0,,,,,0,0
af6746ffda2e49fec80c0d25,1791424971,0,,,,,0,0
af699915b336877b65a2f76d,1791424971,0,,,,,0,0
af6d65ba67533399473a88a1,1791511133,0,,,,,0,0
af6f9f53bd12725750194a7e,1791424971,0,,,,,0,0
af728e42c335d8d16eddd622,1791424971,0,,,,,0,0
af732de51657920f8c50a09d,1791511133,0,,,,,0,0
af7835a8a6aaa9fd8402171e,1791424971,0,,,,,0,0
af78d1ab2ab70001aa124f09,1791424971,0,,,,,0,0
af7971813d2fd62e95da118b,1791424971,0,,,,,0,0
af7b89f11458456694c457a9,1791511133,0,,,,,0,0
af812e5da46ebc2dd5cef59c,1791511133,0,,,,,0,0
af84c6819a27a98216437622,1791511133,0,,,,,0,0
af862070ae0cfb07c7e2a3de,1791511133,0,,,,,0,0
af86e6a3c94801a73e49c188,1791424971,0,,,,,0,0
af877ffa7bfdbee51168a415,1791424971,0,,,,,0,0
af89ba744db3fc4ccbd397d2,1791424971,0,,,,,0,0
af9224cadda37f72113a885b,1791511133,0,,,,,0,0
af92d04a066472c9a76f7de9,1791511133,1,0001104659-26-114364,"1.01,2.03,9.01",1791404165,10.0,0,1
af94c8f974d8a9105f9d5a71,1791424971,0,,,,,0,0
af98909a47de2253ec1043d7,1791424971,0,,,,,0,0
af9aa82ad24bce4f9e6ec965,1791424971,0,,,,,0,0
af9de3539c4da53fa1eddd86,1791424971,0,,,,,0,0
afa55ce835903d02c4bd7a05,1791424971,0,,,,,0,0
afae5fd490be2ca9d0e7423e,1791424971,1,0000849399-26-000071,"7.01,9.01",1790626851,2.5,0,1
afb2bbfb9818ca020edf63c3,1791424971,0,,,,,0,0
afb6e494f4bacd24a93b6f42,1791424971,0,,,,,0,0
afb7a5b036fb3842224d122f,1791424971,0,,,,,0,0
afb8c111a255c0e77640d8cb,1791424971,0,,,,,0,0
afba49dd713da27c4dcc07f8,1791424971,0,,,,,0,0
afc2dadfe33461295c1e8b74,1791424971,0,,,,,0,0
afc43f151a5eef43e84a6396,1791424971,0,,,,,0,0
afd4a9be58bb2049ed38550a,1791424971,0,,,,,0,0
afd500c0c51f71cbd532e9d5,1791424971,0,,,,,0,0
afd5d33c82d412d9f4d739e6,1791424971,0,,,,,0,0
afd632fa641da36a6eb1faea,1791424971,0,,,,,0,0
afd78d4ce3744dd30d820370,1791424971,0,,,,,0,0
afe3bfa2bbc7c71e8e176fea,1791424971,0,,,,,0,0
afe9c3e7f4c480421e93ffe7,1791424971,0,,,,,0,0
afee13245a2d4efebf6286aa,1791424971,0,,,,,0,0
aff0fb30c78c4dcfda724572,1791424971,0,,,,,0,0
aff73b9deaa2062362fcec3c,1791424971,0,,,,,0,0
b00427a43098da9a503e73cb,1791424971,0,,,,,0,0
b0106a081fd9895f0750c7ce,1791424971,0,,,,,0,0
b01497917e9e185cbc1c43b9,1791511133,0,,,,,0,0
b019f5dc79bf50d42db9816a,1791424971,0,,,,,0,0
b01aa1d2e6f196fd32d5a52c,1791424971,0,,,,,0,0
b01e040c5a07dca9a2c2723b,1791511133,0,,,,,0,0
b020aee5fbd66be763f3dc48,1791424971,0,,,,,0,0
b024a34ac8c397e3cc6ee053,1791424971,0,,,,,0,0
b03a8d71999aa23e938db1a0,1791511133,0,,,,,0,0
b03dc8a48f01e6886d58a2db,1791424971,1,0001104659-26-112420,"8.01,9.01",1790803628,2.5,0,1
b04332fbea83f690a881f593,1791424971,1,0001140361-26-038468,"1.01,2.03,9.01",1790986367,0.5,0,1
b0455e9675afa125ab0298b4,1791424971,0,,,,,0,0
b04762928ba9535bb65ca3b3,1791511133,0,,,,,0,0
b047a28027ff4bdaa61a7fe9,1791424971,0,,,,,0,0
b049739f479dd8ad480c439a,1791424971,0,,,,,0,0
b04dfaa6ffb1db57b7c5deb6,1791511133,0,,,,,0,0
b05490b65f6ec4d4fdc061a9,1791511133,0,,,,,0,0
b057b383510571c8a2fd815a,1791424971,0,,,,,0,0
b05b450efc71710a0cf14d12,1791424971,0,,,,,0,0
b05d977b7d0afab821bf95b2,1791424971,0,,,,,0,0
b0654afc93a181b041f97fc7,1791424971,0,,,,,0,0
b0662d24b1c15c8ea0308ee6,1791424971,0,,,,,0,0
b0675ee9b92d80ed479df888,1791424971,0,,,,,0,0
b06fc5e8e39cce0d40ff9b52,1791424971,0,,,,,0,0
b074dcc292b4f8955ae8d94f,1791424971,0,,,,,0,0
b0766888cc2f241cc3f1ebeb,1791424971,1,0001562762-26-000117,"5.07,9.01",1790971212,7.0,0,0
b07b9261dd4d037752b08dab,1791424971,0,,,,,0,0
b0865e634d9cac70c8acd384,1791511133,0,,,,,0,0
b086606f4a2f47ecc64626eb,1791424971,0,,,,,0,0
b0868b51950fe80619fe51f4,1791424971,0,,,,,0,0
b092eb1df1de5b2b1b1099bc,1791424971,0,,,,,0,0
b09acc290f09878c3f3cecc1,1791424971,0,,,,,0,0
b09e946dec3a7651b33fcdd4,1791511133,0,,,,,0,0
b09edd70d262319e1751f7a5,1791424971,0,,,,,0,0
b0a302c94e3934ee2e9b2608,1791511133,1,0001104659-26-114359,"1.01,2.03,9.01",1791403961,13.0,0,1
b0ad605beef32865943a3196,1791424971,0,,,,,0,0
b0b470f75ddb99542ee3327f,1791424971,0,,,,,0,0
b0b69e83f9e7d013e4543310,1791424971,1,0000016918-26-000034,"7.01,9.01",1788902404,2.5,0,1
b0b7bb229fc220e247cfe25c,1791424971,0,,,,,0,0
b0bf528a0928cddecb7e51db,1791511133,0,,,,,0,0
b0c1d75051cabb75bc1ceec6,1791424971,0,,,,,0,0
b0c76f8ba95e04d3007c4fa0,1791424971,0,,,,,0,0
b0c92f2be81bf00592b39a2d,1791424971,0,,,,,0,0
b0cdd4079fc29b142e65feeb,1791511133,0,,,,,0,0
b0d0e484daa96afc0d000ec7,1791424971,0,,,,,0,0
b0d8749adbdf90db301e447d,1791424971,0,,,,,0,0
b0dab5110b7188a1f5602e7c,1791424971,0,,,,,0,0
b0e179afed7cbe9a4466a3bd,1791424971,0,,,,,0,0
b0e300d8cea756260fff067f,1791424971,0,,,,,0,0
b0ed3732618de0916e8590a2,1791424971,0,,,,,0,0
b0edb11b4058df6e69bf561b,1791424971,0,,,,,0,0
b0edca28cd161921e3733896,1791424971,0,,,,,0,0
b0ef77f65023c3a1cf01423d,1791424971,0,,,,,0,0
b0f6cf8c97d1c5bc65204413,1791511133,0,,,,,0,0
b0fbd1b979320523f1b87f6b,1791424971,0,,,,,0,0
b101e96686fe77491a99ba16,1791424971,0,,,,,0,0
b103083c32d0c96a2566e4c2,1791424971,0,,,,,0,0
b1033a8b6750bbc0e109cd75,1791424971,0,,,,,0,0
b1076e831346df496195f11f,1791424971,0,,,,,0,0
b10c6b10050212b6d0b8cdf3,1791424971,1,0001193125-26-377613,"7.01,9.01",1788265805,0.5,0,1
b11633caa6c4ae2fc91d82d6,1791424971,0,,,,,0,0
b123c1f650e115c149743fc0,1791424971,0,,,,,0,0
b1240c20499457df0d99a45b,1791424971,0,,,,,0,0
b1249409b85c08e74a768e14,1791424971,0,,,,,0,0
b12a23bc3fdf9e0dead08ecd,1791424971,0,,,,,0,0
b12b73363d55909c2fd7fe18,1791424971,0,,,,,0,0
b137eaa9f609d051942bf5f1,1791424971,0,,,,,0,0
b13cc0b45fdf6ef1bd16b47d,1791511133,0,,,,,0,0
b13d888bd81f4817e6c59804,1791424971,0,,,,,0,0
b142624f713af54f64ff4308,1791511133,0,,,,,0,0
b14360752abacc090fc9aa87,1791424971,0,,,,,0,0
b1461cbf63d2d5a3a383a043,1791424971,0,,,,,0,0
b148c8407691955df8ee063a,1791424971,0,,,,,0,0
b14906cf8e23bc2305708331,1791424971,0,,,,,0,0
b149da35e715edb5f2c064e6,1791424971,0,,,,,0,0
b14a1292069b97f111175cb7,1791424971,0,,,,,0,0
b14d7dfd049be6b07b23db61,1791424971,0,,,,,0,0
b150e4e5561ad251c7ca9077,1791424971,0,,,,,0,0
b1539b69108fc2ffe6ef1b48,1791424971,1,0001476204-26-000048,"7.01,8.01,9.01",1790892713,13.0,0,1
b1554f891e4dfb02698b6ff0,1791424971,0,,,,,0,0
b15d0a0958072a028267e4b3,1791424971,0,,,,,0,0
b16020b80fbbcd1b5d0e5b30,1791424971,0,,,,,0,0
b1619b94806faf445379fea6,1791424971,0,,,,,0,0
b1626c75e0233bac19880e92,1791424971,0,,,,,0,0
b167659b52c12d06890d60e6,1791511133,0,,,,,0,0
b1681667ef7eeea7f1d748f4,1791424971,0,,,,,0,0
b16be71c1dc0b5ff49f9b586,1791424971,0,,,,,0,0
b16cd38a4a25823a1e9026a8,1791424971,0,,,,,0,0
b16e7434b6807949b227b5e9,1791424971,0,,,,,0,0
b16f80e0672fae5e1494a9d3,1791424971,0,,,,,0,0
b17c2cacf0948ca99bad7e6c,1791424971,0,,,,,0,0
b17c6ec9d97bbfbf32986e41,1791511133,0,,,,,0,0
b17d40e988aacff2072aa5e9,1791424971,0,,,,,0,0
b17f507c2364947734101c1e,1791424971,0,,,,,0,0
b18c87db5bafbc66767a7ef9,1791511133,0,,,,,0,0
b191a5420bb4b47e2097ada4,1791424971,0,,,,,0,0
b19252d6168fc9a65c758aaf,1791424971,0,,,,,0,0
b19fd0fb69da5a0652ef6478,1791424971,0,,,,,0,0
b1a001b5de6b90b0721c6734,1791424971,0,,,,,0,0
b1a567c006bf3c3638c2d48d,1791424971,0,,,,,0,0
b1a5bc06f1e4cf7644e7aa20,1791424971,1,0000940944-26-000035,5.07,1790284832,6.5,0,0
b1abf414d41c2bb71269e52e,1791424971,0,,,,,0,0
b1ad0a59402449c5d0a6ae0d,1791511133,1,0001628280-26-065383,5.02,1791457220,8.0,0,1
b1b2baf2ba31c471effce932,1791424971,0,,,,,0,0
b1b49825ddc7e5875a0428c5,1791424971,0,,,,,0,0
b1b8fc7ec66c87b660eab8ed,1791424971,0,,,,,0,0
b1ba3a1e1987a825c0b2d948,1791424971,0,,,,,0,0
b1bbe55b3e5ce9b3c2d9aff4,1791511133,0,,,,,0,0
b1bc3d5bc4d2a71057e1fe11,1791424971,0,,,,,0,0
b1bc9af6c8c1349d43e138b1,1791424971,0,,,,,0,0
b1c806992eaa274f73629715,1791424971,0,,,,,0,0
b1c8189daf5916fd38ee7574,1791511133,0,,,,,0,0
b1c868dc4bfb0a81c97192ff,1791424971,0,,,,,0,0
b1c94ac86b2667a344706646,1791511133,1,0001628280-26-065254,"7.01,9.01",1791319557,7.0,0,1
b1c9c8a19b55c244514d709f,1791424971,0,,,,,0,0
b1d32f9463d4254d42ebf11f,1791424971,0,,,,,0,0
b1d431ecce4f46672f9f5d96,1791424971,1,0001193125-26-401093,"7.01,9.01",1790281848,3.5,0,1
b1d4f5ccd31ad768e31328e5,1791424971,0,,,,,0,0
b1e4b995bf8a42182716ff52,1791424971,0,,,,,0,0
b1e9573e5c741afec304afc6,1791424971,0,,,,,0,0
b1ed12ce5ab51a60d04186c9,1791424971,0,,,,,0,0
b1edba8776d17a3ebf3fea22,1791427778,0,,,,,0,0
b1edbbc7b9dad83beaee47a0,1791424971,0,,,,,0,0
b1ee906c82af96dd9e3ff969,1791424971,0,,,,,0,0
b1fb6e3f521ac81db0cdfbe3,1791424971,0,,,,,0,0
b1fe6f10b394edd3e6b28b97,1791424971,0,,,,,0,0
b2019ec9bd000ea096fbbd85,1791424971,1,0001193125-26-401157,"7.01,8.01,9.01",1790284267,1.5,0,1
b20797a1d5b2000e3de29919,1791424971,0,,,,,0,0
b207b315bb55266b1f13b8a8,1791424971,0,,,,,0,0
b20ab1a132cd9aae3f011f06,1791424971,0,,,,,0,0
b20afcf1518bd217febab2ed,1791424971,0,,,,,0,0
b20b3715f69fe3f36594526c,1791424971,0,,,,,0,0
b2117b485cd28010ef2c30d5,1791424971,0,,,,,0,0
b217937a9c65839bd123122b,1791424971,0,,,,,0,0
b223693feb1c1f94a4dae888,1791424971,0,,,,,0,0
b225185dad64ca0070a152ff,1791424971,0,,,,,0,0
b22530d65d5bde9fec3097d5,1791511133,0,,,,,0,0
b226cfdcaa14ed2c7e97c8b3,1791424971,0,,,,,0,0
b228d2bec60566e2e01acfbf,1791424971,0,,,,,0,0
b230e9f80d1a4c8dd51610f1,1791424971,0,,,,,0,0
b23831907d017cce1b18cfb2,1791424971,0,,,,,0,0
b23a905255285ae3d864ffc0,1791424971,0,,,,,0,0
b23bcf55c02eb3d3f6c36bf8,1791424971,0,,,,,0,0
b24566755c54309305f5fe68,1791424971,0,,,,,0,0
b24664066eec5dd752b2ad45,1791424971,1,0000920148-26-000201,"7.01,9.01",1789073275,1.5,0,1
b246b02de655b77057e6daee,1791424971,0,,,,,0,0
b24a0d24bfcc3cc9915302ea,1791424971,0,,,,,0,0
b24c0d047f8561a863b637eb,1791511133,0,,,,,0,0
b24c1cbe3578decb244b49df,1791511133,0,,,,,0,0
b251bd909b7b2c2a0e0b9453,1791424971,0,,,,,0,0
b252cadf35df8618d80af91b,1791424971,1,0001193125-26-397219,"8.01,9.01",1790075179,1.5,0,1
b25677c5925bfcdb8e8de874,1791424971,0,,,,,0,0
b256e660a5e8d8a7bfc9f8e8,1791424971,0,,,,,0,0
b25d5534f22180e4c7e9b45e,1791424971,1,0000720005-26-000077,"7.01,9.01",1790195034,13.0,0,1
b2656b3d2e28cf98de447b3e,1791424971,0,,,,,0,0
b26947e0f6fedf85dac4eae9,1791424971,0,,,,,0,0
b26d79a369a3639eb0a32b77,1791424971,0,,,,,0,0
b26f90a3a6a332ac4c39cfe2,1791424971,0,,,,,0,0
b2743d364662d3da5aef5af9,1791424971,1,0001476204-26-000048,"7.01,8.01,9.01",1790892713,0.5,0,1
b27706e823249e8bb818748d,1791424971,0,,,,,0,0
b27caafbb48fc514f677f258,1791424971,0,,,,,0,0
b281515032c1599d2825e864,1791511133,0,,,,,0,0
b281bcf2638bb74fed721cf2,1791424971,0,,,,,0,0
b284ce205979a341e006609b,1791424971,0,,,,,0,0
b288b0a1c0234008e7b56b0e,1791511133,0,,,,,0,0
b28a08745d998d4068a56dbd,1791424971,0,,,,,0,0
b28cdbc51cb85c920fc3e4bc,1791424971,0,,,,,0,0
b29a73799e4184c5a8720075,1791424971,0,,,,,0,0
b29f4892c4983b4df38f136e,1791424971,0,,,,,0,0
b29f541c35e7b2efb00169a8,1791511133,0,,,,,0,0
b2a0374c5548bfd3928dd322,1791424971,0,,,,,0,0
b2a18db2134be1aa148ea6c1,1791424971,0,,,,,0,0
b2a3bc3f47491f4fbbde8387,1791424971,0,,,,,0,0
b2a4054b30bcd865d096ce66,1791511133,0,,,,,0,0
b2a6e81742dbb61809afd8b8,1791424971,0,,,,,0,0
b2a98c54749e9a55ab6e4c16,1791424971,0,,,,,0,0
b2ad16fdac27e2ab3d03eca1,1791424971,0,,,,,0,0
b2bfa3a14863b543b43447ba,1791424971,0,,,,,0,0
b2c58e72ed9141acf9b6a118,1791424971,0,,,,,0,0
b2c8f5ba5db6e5e8ecae69d2,1791424971,0,,,,,0,0
b2ca1e67a771b63cfa2c6292,1791424971,1,0001193125-26-386510,"2.02,9.01",1788985817,7.0,1,0
b2d144d44bbdb5dfbdd2b19f,1791424971,0,,,,,0,0
b2d4255ebf6ab2796585213e,1791511133,0,,,,,0,0
b2d5411ff967663d9661593e,1791511133,0,,,,,0,0
b2da61530477713f65f7531c,1791511133,0,,,,,0,0
b2dc12f56febcd0133298226,1791424971,0,,,,,0,0
b2df002470df3759db945656,1791511133,1,0001551152-26-000030,"2.02,9.01",1791230865,1.5,1,0
b2e4a95e27aae6522292b308,1791424971,0,,,,,0,0
b2e9489789a95cfa74e78ede,1791424971,0,,,,,0,0
b2ee07d92e2b83255b75ce8e,1791424971,1,0001193125-26-357758,"2.01,3.01,3.03,5.01,5.02,5.03,9.01",1787222033,4.5,0,1
b2eeb79fa4e5a9ae091a8373,1791511133,0,,,,,0,0
b2ef83e537c9461941c2b6a2,1791424971,0,,,,,0,0
b2f5711132e6d5680b5e2a37,1791424971,0,,,,,0,0
b2f5ccd7fc59c692d7d44917,1791511133,1,0001564708-26-000216,"8.01,9.01",1791243185,0.5,0,1
b2f69df9e3421fca3c5f3ea0,1791424971,0,,,,,0,0
b2f99c048fdf1ca1af70c023,1791424971,1,0001437749-26-030743,"1.01,1.02,2.03,3.03,9.01",1789761679,9.0,0,1
b307eeeff7b8bbd44efd2fda,1791424971,0,,,,,0,0
b30d69407b9f4264a70c13d3,1791424971,0,,,,,0,0
b30de9a90f93052b5b73a16e,1791424971,0,,,,,0,0
b31289bf6a39caa0842c5e73,1791511133,0,,,,,0,0
b318038c8de7e2ebea38492c,1791424971,0,,,,,0,0
b31c005ea7edbc80416a8b82,1791424971,0,,,,,0,0
b32681bace6c4e884c224d5d,1791424971,0,,,,,0,0
b32a08a0633893bb96573be2,1791424971,0,,,,,0,0
b339873a8ef27ba2421d3543,1791424971,0,,,,,0,0
b33a7ca98fcfb32598aa2904,1791424971,0,,,,,0,0
b33b1bc89da5013027cb5647,1791511133,0,,,,,0,0
b33e7b5258809952da1dbafc,1791424971,0,,,,,0,0
b3404cd9d114fa036085229e,1791511133,0,,,,,0,0
b341738ee528a79193ca1825,1791424971,0,,,,,0,0
b3439e54763ad3e5d49de8e4,1791424971,0,,,,,0,0
b344caf31dc29f5e9ac443ba,1791424971,0,,,,,0,0
b34998c8aa57ce5d1cb492c1,1791424971,1,0001628280-26-063618,"7.01,9.01",1790370258,10.0,0,1
b34c8c68b24dbcf09fd2812e,1791424971,0,,,,,0,0
b34e62affa1e404c1fff461b,1791424971,0,,,,,0,0
b34e6f1db97893a099616cfb,1791424971,0,,,,,0,0
b351785d2197a963a07cef29,1791424971,0,,,,,0,0
b3540243d29cd7aa3d97fdea,1791424971,0,,,,,0,0
b3549ad217ebc9ffb723b852,1791424971,1,0001174922-26-000069,"1.01,9.01",1790107525,12.0,0,1
b355b2899745134211027304,1791424971,0,,,,,0,0
b35d1ba0644f74773a035325,1791424971,0,,,,,0,0
b35ebf2168d2c932aed28434,1791424971,0,,,,,0,0
b35f06986afb889ab8e03f33,1791424971,0,,,,,0,0
b35f40f7bf7e59ef16482b40,1791424971,0,,,,,0,0
b360eebc4cd9dd04fab4fb70,1791424971,0,,,,,0,0
b363c6632766f17135dcc27b,1791424971,0,,,,,0,0
b3684e250d6b3b640c7f20b2,1791424971,0,,,,,0,0
b36964aa7af799730dd68663,1791424971,0,,,,,0,0
b36975c6234d61634e9fe562,1791424971,0,,,,,0,0
b36a7cb72b229bb598503d3b,1791424971,0,,,,,0,0
b36cf2b0fa4b87c748b4706d,1791424971,0,,,,,0,0
b36fd3ae8bc2f8ac676b95cd,1791424971,0,,,,,0,0
b3724a2b91696373e3d005e2,1791424971,0,,,,,0,0
b374242b3bcc36db8615da9a,1791424971,0,,,,,0,0
b374758de226e83288804695,1791424971,0,,,,,0,0
b37fdc99ee8891b70712adbd,1791511133,0,,,,,0,0
b38178d604804e4dca502234,1791424971,0,,,,,0,0
b3819390470ffe51a9496264,1791424971,0,,,,,0,0
b381bdbb4ba67caaabed8d98,1791424971,0,,,,,0,0
b386b1cdc07a2bad709f447d,1791424971,0,,,,,0,0
b386f528a3099b919f726f78,1791424971,0,,,,,0,0
b3871bc2bb7cd8a033d3cb58,1791424971,0,,,,,0,0
b38d67faee4a15febe4a290e,1791511133,0,,,,,0,0
b38f99a1547edc0240b17f15,1791424971,0,,,,,0,0
b3928ef80dddb72aa7fb7c20,1791511133,0,,,,,0,0
b39592c72542be0d4b4de490,1791424971,0,,,,,0,0
b39b4ff5162b6d77c7fcbbd1,1791424971,0,,,,,0,0
b39beadebfa4da346920f5cd,1791424971,0,,,,,0,0
b3a387890c1ca582896ef271,1791424971,0,,,,,0,0
b3a83ae832c9cae03af21e2e,1791424971,0,,,,,0,0
b3ab8215ff5dd6531accc651,1791424971,0,,,,,0,0
b3abdb0c3f1cfd1f8078ec99,1791424971,0,,,,,0,0
b3b44513f06d708fc8645876,1791424971,1,0001193125-26-386510,"2.02,9.01",1788985817,11.0,1,0
b3b512bfe465919eccd3a358,1791424971,0,,,,,0,0
b3bb7d2ce5169e53bb56e400,1791424971,0,,,,,0,0
b3bc45cee489e8609f464956,1791424971,0,,,,,0,0
b3bd51d144b1fa1497a7f36c,1791424971,0,,,,,0,0
b3c3c376b4d364b43d00b2e1,1791511133,0,,,,,0,0
b3cd733af5fc38c2d43a101b,1791424971,0,,,,,0,0
b3d33508d8d239b35683366b,1791511133,0,,,,,0,0
b3d45832dac97e4f5e2575c7,1791427778,0,,,,,0,0
b3d5b414e0e8bb09a0d3e4ed,1791424971,0,,,,,0,0
b3daff577b1303b777216ce0,1791424971,0,,,,,0,0
b3dda6c49dc0a6c87dc97c1d,1791424971,0,,,,,0,0
b3de6d61088a39e785227bc7,1791424971,0,,,,,0,0
b3e174a6b381019ff0ccf307,1791424971,1,0001213900-26-105454,"7.01,9.01",1790855875,6.5,0,1
b3e53251d8a6a75485a78f54,1791424971,0,,,,,0,0
b3e85746575c8dec800b667e,1791511133,0,,,,,0,0
b3ea0eb703bb06994249d1fb,1791424971,0,,,,,0,0
b3edb52e84a7ced3a7710858,1791424971,0,,,,,0,0
b3f4b80a417a636f488cacbe,1791424971,0,,,,,0,0
b3f61ec2ddae826cf914086b,1791424971,1,0001174922-26-000057,"7.01,9.01",1788206750,0.5,0,1
b3fabee587f20d2dfd1c91fe,1791424971,0,,,,,0,0
b3fbf624a48d76c9463f65c0,1791424971,0,,,,,0,0
b3fd5dc4712a3cd3e5751207,1791424971,0,,,,,0,0
b402462bff419bc405774516,1791424971,0,,,,,0,0
b4025ae78e3ac9ada9b66699,1791424971,0,,,,,0,0
b40c5c56f7791bfd1fc79477,1791424971,0,,,,,0,0
b40f7c34394c0136ddabf5be,1791424971,0,,,,,0,0
b41dc428b885cc40cb27b5e8,1791424971,0,,,,,0,0
b41ec69eb5e996d247e23764,1791424971,0,,,,,0,0
b420a7025e15cdd3abe0ff7c,1791424971,0,,,,,0,0
b426b123488029a6ae343ed0,1791424971,0,,,,,0,0
b429ddde1d4c87171e813504,1791424971,0,,,,,0,0
b42af6e9b326af85273d9088,1791424971,0,,,,,0,0
b432d76a5a0c7fccaf979cf1,1791424971,0,,,,,0,0
b43744d89b1f46b4d7349699,1791424971,0,,,,,0,0
b4395c58328f5469e325db48,1791424971,0,,,,,0,0
b43a2d9e6441bffecdab02c1,1791424971,0,,,,,0,0
b43aa9d7e895ad5de7e88962,1791424971,0,,,,,0,0
b43bb5dd2757cb57e09582d7,1791424971,0,,,,,0,0
b4437d7909ce7bb73c4d0a75,1791424971,0,,,,,0,0
b44420883929674649876ba3,1791511133,0,,,,,0,0
b4442a7f6874bac77774ad62,1791424971,0,,,,,0,0
b4458a64d2d32a7f6ee91a54,1791424971,0,,,,,0,0
b448da47f8f886fea6d33379,1791424971,0,,,,,0,0
b4511166b8b33d01b43784a1,1791424971,0,,,,,0,0
b4512b5d261550805e968c71,1791424971,0,,,,,0,0
b4545a6e88dc300110b1ee84,1791511133,0,,,,,0,0
b456fd5f03eade8e5b711e16,1791424971,0,,,,,0,0
b459201c4f7aa2f54d503114,1791424971,0,,,,,0,0
b45b99ea0faef30df183b879,1791424971,0,,,,,0,0
b45de63e33019dd3c3a7e232,1791424971,0,,,,,0,0
b464e8faf78ae17b112b6928,1791424971,0,,,,,0,0
b4668cd37f9a1c0fe55e990b,1791424971,0,,,,,0,0
b46883ebae4663e99de939f6,1791424971,0,,,,,0,0
b46c314a5dcb923c76be25d0,1791424971,0,,,,,0,0
b470930bfc2c2fb6fb5fdacd,1791424971,0,,,,,0,0
b4748a9f2cb44885f2cf8499,1791424971,0,,,,,0,0
b478c5794adea6d7f1f7a3e3,1791424971,0,,,,,0,0
b47b2f15312a6f70ce65cea4,1791424971,1,0001193125-26-357758,"2.01,3.01,3.03,5.01,5.02,5.03,9.01",1787222033,0.5,0,1
b48092f02b618a9c39a13be1,1791424971,0,,,,,0,0
b486449049224735edbad6f9,1791424971,0,,,,,0,0
b488067c6a2155c67a470ce1,1791424971,0,,,,,0,0
b48a089e298f3e092dd5345c,1791424971,0,,,,,0,0
b4955a72d9dcb8315e3aadc0,1791424971,0,,,,,0,0
b495f611a50c54dd824f29bf,1791424971,0,,,,,0,0
b49663750b0fcc010731ad83,1791424971,0,,,,,0,0
b4a32e2dbbc43b1babd2cf1a,1791424971,0,,,,,0,0
b4a4aba1113d897cd454c063,1791424971,0,,,,,0,0
b4b1333c053817f4b6c146c5,1791511133,0,,,,,0,0
b4baa17e95d8667401272061,1791424971,0,,,,,0,0
b4bd253616a58a1ed2d0adbe,1791424971,0,,,,,0,0
b4bfbe51e24959cde4e3a969,1791424971,0,,,,,0,0
b4c602fd5a41c18b227cc7a2,1791424971,0,,,,,0,0
b4cbbd8b5f7a73c3d3170c1e,1791424971,0,,,,,0,0
b4d19225b1f793b13ee9554c,1791424971,0,,,,,0,0
b4d4e696e65bceb52e4ea8ef,1791424971,0,,,,,0,0
b4dc3df33660bb31f574bd27,1791424971,0,,,,,0,0
b4de72c269321b23534027ea,1791424971,0,,,,,0,0
b4e40382d7b61ab5687ca92b,1791424971,0,,,,,0,0
b4faf01f6f9a29f8d73f4b7c,1791424971,0,,,,,0,0
b4fbc7576c16de037e80d252,1791511133,0,,,,,0,0
b5007bff14db4c165773894e,1791511133,0,,,,,0,0
b50337b2ea26a9e93308841c,1791424971,0,,,,,0,0
b503a1be0f6ac389b12ac89a,1791424971,0,,,,,0,0
b504043042962985ef9517c8,1791511133,0,,,,,0,0
b50f2ee79d0c6d478783b174,1791424971,0,,,,,0,0
b515d44628c62dea8a1ffd64,1791424971,0,,,,,0,0
b516ad18eaccf4c4bb2e3eeb,1791424971,0,,,,,0,0
b51b5e5bc129c973607968eb,1791424971,0,,,,,0,0
b521b36ce9abf080e3bd6a5a,1791511133,0,,,,,0,0
b52c076623fc80fa5b59ff0c,1791424971,0,,,,,0,0
b52c20b71cb991aad9f8fcc7,1791424971,0,,,,,0,0
b52d774b31ac6d30dfbe088c,1791424971,1,0001104659-26-108859,"8.01,9.01",1789751271,3.6308333333333334,0,1
b533816a126812bc2651c12d,1791511133,0,,,,,0,0
b5406ec48970d076f05b0dc7,1791424971,0,,,,,0,0
b54085b1685ad5de908f1962,1791424971,0,,,,,0,0
b54143602559a528450b7ed3,1791424971,0,,,,,0,0
b542125e189128032baa8510,1791424971,0,,,,,0,0
b54b6b61f3499e967a8f8a70,1791424971,0,,,,,0,0
b54c5caa1cf14ddc417df357,1791424971,0,,,,,0,0
b551169d82c8498633ad986c,1791424971,0,,,,,0,0
b552046b73a14f40d4e5d461,1791424971,0,,,,,0,0
b553a356e24640e6d128eab6,1791424971,0,,,,,0,0
b554b5d878ed222913f610e8,1791424971,0,,,,,0,0
b558a7c525a70b9323aafd6f,1791511133,0,,,,,0,0
b559f316754df1d3734227a5,1791511133,0,,,,,0,0
b56008329b398ed4aeeae9bb,1791424971,0,,,,,0,0
b56748bb8492e8a4dec12879,1791424971,0,,,,,0,0
b5685db39d9cbf23083741fe,1791424971,0,,,,,0,0
b56bcc69e9a3e2f4bb422e30,1791424971,0,,,,,0,0
b5725dac41282c6d7e91649b,1791424971,0,,,,,0,0
b5790bc9adcae44b80dee5dc,1791424971,0,,,,,0,0
b57a5aa9579a9b86374de07b,1791511133,0,,,,,0,0
b57aff1555a10445c0e33993,1791424971,0,,,,,0,0
b57ee378a8151229bb6564cf,1791424971,0,,,,,0,0
b580760d5ea9bd33a5b04d46,1791424971,0,,,,,0,0
b5882f02ae783fa97227f77a,1791424971,0,,,,,0,0
b58854ce3af063e575f2ff05,1791424971,0,,,,,0,0
b58a18ef49b4ef4f0d525c8b,1791424971,0,,,,,0,0
b58b49eede8953f814550b93,1791424971,0,,,,,0,0
b58b5a6925fcd0fadae1cee3,1791424971,0,,,,,0,0
b58c34cd2c9bf13ff28baa4c,1791424971,0,,,,,0,0
b591471cbc83d3c67c20e2b7,1791424971,1,0000812011-26-000048,"2.02,9.01",1790626007,0.5,1,0
b592d00c0f24fe269db7e8f1,1791424971,0,,,,,0,0
b594b0f735e2f81c7162b320,1791424971,0,,,,,0,0
b5997b938f4011560021b0cc,1791424971,0,,,,,0,0
b59a892bbc275a2af4d3495d,1791424971,0,,,,,0,0
b59ae083ba9edeb22bbc49f0,1791424971,0,,,,,0,0
b59de085592b4a44274f8ea9,1791424971,0,,,,,0,0
b5a68e3d41cb32eb2d47a22f,1791511133,0,,,,,0,0
b5a767bad75d335b9c97b7fd,1791511133,0,,,,,0,0
b5af3f695cc08c3caaf4f62d,1791424971,0,,,,,0,0
b5b0d1a37d4199e0f46de592,1791424971,0,,,,,0,0
b5b2910327424524e5cb3760,1791424971,0,,,,,0,0
b5b4760a5625f0bbae49e72b,1791424971,0,,,,,0,0
b5b857ec17dcc2e63d190960,1791424971,0,,,,,0,0
b5b90e291c035a46bd2f56f7,1791424971,0,,,,,0,0
b5ba69c8da73d8da081b3431,1791424971,0,,,,,0,0
b5c356a31c1964057df62f25,1791424971,0,,,,,0,0
b5c366b5383d2eda4b5877a8,1791424971,0,,,,,0,0
b5c5f3b29cebba8e71706b51,1791424971,0,,,,,0,0
b5c931c1a32e16cc3488d34e,1791424971,0,,,,,0,0
b5cbefe1da3e6147ea458cbf,1791424971,0,,,,,0,0
b5cc2bc8d5725c91474d85c1,1791424971,0,,,,,0,0
b5cc461501a965c5a7137176,1791511133,0,,,,,0,0
b5ccc6e06fe3cf8a613734d9,1791424971,0,,,,,0,0
b5d5996d536a3c54e985481a,1791424971,0,,,,,0,0
b5d865944afaa42b4103f092,1791424971,0,,,,,0,0
b5df94cd1a5eed84be29bc7b,1791511133,1,0001628280-26-065385,"1.01,2.02,7.01,8.01,9.01",1791457703,9.0,1,0
b5e65d63cae7d776b30b97ff,1791424971,0,,,,,0,0
b5eb103ab6424e705af143bd,1791424971,0,,,,,0,0
b5eb70f9edf0c3dd1120afcf,1791424971,0,,,,,0,0
b5edd9964adce11ba53fd44b,1791424971,0,,,,,0,0
b5f8fa7e9c9a0c1d5addc8be,1791427778,1,0001679273-26-000051,"2.02,9.01",1791288121,2.5,1,1
b5f9ccd110dc15b57c8cc7f9,1791424971,0,,,,,0,0
b5fdcee06bea26e19a4f3c92,1791424971,0,,,,,0,0
b6049d30896abf3ee396a74a,1791424971,0,,,,,0,0
b6183f05cf30ef722eef3ea4,1791424971,0,,,,,0,0
b6213746d357e6f1157b7b63,1791424971,0,,,,,0,0
b623590b8663dbbd423f5a01,1791424971,0,,,,,0,0
b6270d51fd421879bba75b9a,1791511133,0,,,,,0,0
b627a4503495ffc237fe72b6,1791511133,0,,,,,0,0
b62d45b7f55004bacc9a1c40,1791424971,1,0000037996-26-000184,"7.01,8.01,9.01",1790947009,0.5,0,1
b62dbbcefe65fe582c00ce26,1791424971,0,,,,,0,0
b6319f015d6663280eb334a9,1791424971,0,,,,,0,0
b632a98abdb627d08f3b0390,1791424971,0,,,,,0,0
b635147830faaf7d6648dbc7,1791511133,0,,,,,0,0
b637fcdc447e8de8ff2ca94b,1791424971,0,,,,,0,0
b648d0b1f21c0d9d2ae4c93c,1791424971,0,,,,,0,0
b648fab65082f0636f428a4a,1791424971,0,,,,,0,0
b64a90a7a6057b7a2d518926,1791424971,0,,,,,0,0
b64f20e5031b6322dcf8a77d,1791424971,0,,,,,0,0
b656ca18d9f5d06bbc70e2ca,1791424971,0,,,,,0,0
b65c88136b1c77802ff83962,1791424971,0,,,,,0,0
b65cd56f0a0f7e61d04a2791,1791511133,0,,,,,0,0
b65e40d33e12f170d4366ad8,1791424971,0,,,,,0,0
b66030e1ad491d1f9917b123,1791424971,0,,,,,0,0
b66102e7144e9b24d79d6e22,1791424971,0,,,,,0,0
b66889f9b5c708ef99110444,1791511133,1,0001637459-26-000067,5.02,1791321644,6.5,0,1
b668feb5cfa9287e29493041,1791424971,0,,,,,0,0
b66cd84b3423e82e5f5c4cd4,1791511133,0,,,,,0,0
b672c3fc47e9f38a2f57c7df,1791424971,0,,,,,0,0
b6771ee392af4b827e00068b,1791424971,0,,,,,0,0
b67fb6e33f04ef276beb7e04,1791424971,0,,,,,0,0
b690e8acda1b45fb5c9f8bae,1791424971,0,,,,,0,0
b6921f9c4f5b24af66225c69,1791424971,0,,,,,0,0
b6937d5b32fe9e2853f2c5e4,1791424971,0,,,,,0,0
b69398df9b1a661a5fc0675e,1791424971,0,,,,,0,0
b69e49d3d31859a367e15e33,1791424971,0,,,,,0,0
b6a2e5bcc40a792d35c62eac,1791424971,0,,,,,0,0
b6a5bc50785feada1e36c37c,1791424971,0,,,,,0,0
b6ab9630a3bbb6042cb85cd7,1791424971,0,,,,,0,0
b6ad9e5725a43c199738a3aa,1791424971,0,,,,,0,0
b6aeb9c721a438c25e77d051,1791424971,0,,,,,0,0
b6b171b522d8737a32b2663e,1791424971,1,0001060822-26-000121,"8.01,9.01",1790021836,0.5,0,1
b6b52950f4a57798e77aae1f,1791424971,0,,,,,0,0
b6bd47d9f93493e5cddfeeec,1791424971,0,,,,,0,0
b6ca0aea01f74f8197d6dbe3,1791424971,0,,,,,0,0
b6ce4dd2cfadfc3b40740a97,1791424971,0,,,,,0,0
b6cfaccb7198d33d221f0b71,1791511133,0,,,,,0,0
b6d1a8a2e2aef6ebd07ae503,1791424971,0,,,,,0,0
b6d437b370979a73f9c9cb6c,1791424971,1,0000887343-26-000181,"7.01,9.01",1790802429,7.0,0,1
b6dc960f060b4d9bd248b97d,1791424971,0,,,,,0,0
b6dd80c22e3fa6c47e99cece,1791424971,0,,,,,0,0
b6df04bc3c1602ba7fedea08,1791424971,0,,,,,0,0
b6e3f1f1d131c80e95fec8b8,1791511133,0,,,,,0,0
b6e44b824a393166373115b0,1791424971,0,,,,,0,0
b6ecf68f26fbcec1bc7edc95,1791424971,0,,,,,0,0
b6edd570e885c014a0a2dd51,1791424971,0,,,,,0,0
b6f1845210a5ff5ea3e46b69,1791424971,0,,,,,0,0
b6f23ec498c6edf26f966cf1,1791511133,0,,,,,0,0
b6f3388fdff191f8303bf96f,1791424971,0,,,,,0,0
b6fd080a1006dd6a276f3920,1791424971,0,,,,,0,0
b702fc0ffad2dc0269c3ce4d,1791511133,0,,,,,0,0
b70a8e62e712b5cce48df73f,1791424971,0,,,,,0,0
b70d23ea757fd7038e6a5cb1,1791424971,0,,,,,0,0
b7122051774a4a684a832669,1791424971,0,,,,,0,0
b717b3034204c6cd4fd71d71,1791424971,0,,,,,0,0
b717fa943b80792ece2c237e,1791424971,0,,,,,0,0
b7250e3fea6785c60b474e5e,1791424971,0,,,,,0,0
b7252ffc8aa0607c2bd13a35,1791424971,0,,,,,0,0
b72f10ccd91c6f04cc71ee5b,1791424971,0,,,,,0,0
b730e0addb1b59cc40836b32,1791511133,0,,,,,0,0
b73bbf8a0aa58e5d24f0a153,1791424971,0,,,,,0,0
b7421faece6d2645aa598a7b,1791424971,0,,,,,0,0
b742f69b9e2167280792812a,1791427778,0,,,,,0,0
b74a7117cb06e66e1cae0cdc,1791511133,0,,,,,0,0
b761b900932403532a3eb84c,1791424971,0,,,,,0,0
b764db0cd4dfc3d3b6f7b4f9,1791424971,0,,,,,0,0
b769107a6c34577e86a9020e,1791424971,0,,,,,0,0
b770625ecbbbd18477ae73d6,1791424971,0,,,,,0,0
b771923c184e3fd80be64a9e,1791511133,0,,,,,0,0
b7756c9f2c1be645c92e6ec5,1791424971,0,,,,,0,0
b776b8502a206ce756a03233,1791511133,0,,,,,0,0
b77fb5ca46a157de6464ab99,1791511133,0,,,,,0,0
b782686afe7b51e87f50e91f,1791424971,0,,,,,0,0
b783643b6fdf3a388e1bc3e0,1791424971,1,0001477720-26-000058,"2.02,9.01",1788466081,0.5,1,0
b786890a239d905b9b612533,1791511133,0,,,,,0,0
b788be665a4fb7d6ac7d81c9,1791424971,0,,,,,0,0
b789bd52db8596da3caef882,1791424971,0,,,,,0,0
b78d20587330487007f2bc38,1791424971,0,,,,,0,0
b78dd836da261d7c04bd4c6a,1791424971,0,,,,,0,0
b7924d4d9d1f039ca6989146,1791511133,0,,,,,0,0
b793dca789351b3d31174597,1791424971,0,,,,,0,0
b799658a4d93f9c92e62eb3e,1791511133,0,,,,,0,0
b799b8c9012a6138085abba6,1791424971,0,,,,,0,0
b799e8e2d888f54986817905,1791424971,0,,,,,0,0
b79f67ff7514dc09f414564e,1791424971,1,0001907982-26-000144,"1.01,3.02,8.01,9.01",1788951609,6.5,0,1
b79fe454e42f3101d12e4a5a,1791424971,0,,,,,0,0
b7a0337f1142a3639d3fd2bd,1791424971,0,,,,,0,0
b7a04052fbb7187e5ec98e8e,1791424971,0,,,,,0,0
b7a0c9dd952db6c6017b65a0,1791424971,0,,,,,0,0
b7a252d2df64ef1cf3c6d377,1791424971,0,,,,,0,0
b7a6d3aac50389dee87d22a7,1791424971,0,,,,,0,0
b7b8b483982030d2845d0bde,1791424971,1,0000354707-26-000061,"7.01,9.01",1788567906,7.0,0,1
b7b8fe51e8532aeeec6f2be3,1791424971,0,,,,,0,0
b7c0c3be026015593253bc7d,1791424971,0,,,,,0,0
b7c2136377732f1f2cbf20f9,1791424971,0,,,,,0,0
b7c2278c8fc678fa9cb19bd9,1791424971,0,,,,,0,0
b7c2e163a876be436e298c8e,1791424971,0,,,,,0,0
b7c3d67ac1a5c409e79bc29b,1791424971,0,,,,,0,0
b7ca335d431acaf3b4060c0a,1791424971,0,,,,,0,0
b7cddd2ca75a5accc2eb3518,1791424971,0,,,,,0,0
b7cf09af5fb202f167dca773,1791424971,0,,,,,0,0
b7d1d9dedc9d7dee00149ff2,1791424971,0,,,,,0,0
b7d5f6092253ea97f0e21db2,1791424971,0,,,,,0,0
b7dc737d483b01921e5e655b,1791424971,0,,,,,0,0
b7e1ebca5b49cfb9a5808873,1791424971,0,,,,,0,0
b7e5c7e98abe2619835c6b21,1791424971,0,,,,,0,0
b7ea62109676d4c937bca0da,1791424971,0,,,,,0,0
b7f907a9037a35ef8ccffce4,1791424971,0,,,,,0,0
b8003ca4f8115b0341980f33,1791424971,0,,,,,0,0
b80357df09432d64430c245a,1791424971,0,,,,,0,0
b8045c5034763c10810a2aa1,1791424971,0,,,,,0,0
b80b2c94c536afb0a9a9149b,1791424971,0,,,,,0,0
b80c5bc823e5bc4498f77a3a,1791424971,0,,,,,0,0
b80cfbfb4905364f5b5f68a1,1791424971,0,,,,,0,0
b80cfe4091d7639bfb3c57c6,1791424971,0,,,,,0,0
b8126e4de9372b4b876cb4bc,1791424971,0,,,,,0,0
b816fec762083daaf65d54ae,1791424971,0,,,,,0,0
b81e84769d067c73f36b2d0d,1791511133,1,0001628280-26-065292,"2.05,2.06,9.01",1791374472,7.0,0,1
b81ee2ac7b4340ef46908258,1791424971,0,,,,,0,0
b8205e5cf6ca263ece204c04,1791424971,0,,,,,0,0
b820f8ad3fcefee9caede023,1791424971,0,,,,,0,0
b827319bdad3dee6361e6a4d,1791424971,0,,,,,0,0
b82761f7d1d6feaa10d2e45b,1791511133,0,,,,,0,0
b8287680aa9da059a2f553aa,1791424971,0,,,,,0,0
b82e9239cfe162427d913bcb,1791424971,0,,,,,0,0
b8351267b9da96ffb8318339,1791424971,0,,,,,0,0
b8354cdb17a769a833191cfd,1791424971,0,,,,,0,0
b8358b02a9ea2547af465be3,1791424971,0,,,,,0,0
b8360dad828b14393092bd04,1791424971,0,,,,,0,0
b83973a8e3a52d5c58242329,1791424971,0,,,,,0,0
b83d24c1ecd459bd196617ed,1791424971,0,,,,,0,0
b83ec37133603249990f4df6,1791424971,0,,,,,0,0
b83ee5079cf45a81167731a3,1791424971,0,,,,,0,0
b8490612f2d6fe26b215ceb8,1791424971,0,,,,,0,0
b84ef824518bb81723b1f1db,1791424971,0,,,,,0,0
b84fb7ead443eebdf4a4f867,1791511133,0,,,,,0,0
b84ff39d32ac45a962577423,1791511133,0,,,,,0,0
b853a6ab85d937d9766b3f5f,1791424971,0,,,,,0,0
b8585973e56ff0c5019af6ba,1791511133,0,,,,,0,0
b85ccb837e39f3d47ed014a0,1791511133,0,,,,,0,0
b85cf5a90e8b4ccbfc33a0df,1791424971,0,,,,,0,0
b86dcd3a43ec2fced1701ef9,1791511133,0,,,,,0,0
b86f821e029600614e40a39d,1791511133,0,,,,,0,0
b8744f7d63686e2762ea609c,1791424971,0,,,,,0,0
b874be44a47d539c85ff5019,1791424971,0,,,,,0,0
b875cd79812ed11059056fdc,1791424971,0,,,,,0,0
b87b5704e68fda7b38a054e2,1791424971,0,,,,,0,0
b87c552630b87cf4486c0344,1791424971,0,,,,,0,0
b87d448fa6487ca71d1596c0,1791511133,0,,,,,0,0
b8839cdb8fb31de03ab35e4f,1791424971,0,,,,,0,0
b88a66def86c6f74198345ed,1791424971,0,,,,,0,0
b88d20d045fa03fe9e9da2b5,1791424971,0,,,,,0,0
b88d8142d9087ea795f4920e,1791424971,0,,,,,0,0
b8915280be5b4589ecf16f91,1791424971,0,,,,,0,0
b89a5f4041144661f28eccf9,1791424971,0,,,,,0,0
b89b94a0ac951ef3e68ab0b0,1791424971,0,,,,,0,0
b89ff6cb058021b22f14ef50,1791424971,0,,,,,0,0
b8a0b000d9d3cd773b73ae6e,1791424971,0,,,,,0,0
b8a34ba65dc172af6db45bca,1791424971,0,,,,,0,0
b8a4db5007d79a3608650437,1791424971,0,,,,,0,0
b8aa7811a83a3f778778860f,1791424971,0,,,,,0,0
b8ac873e1ffc7c634b10a606,1791424971,0,,,,,0,0
b8af80ff1fe249dfa0b58778,1791511133,0,,,,,0,0
b8b0e7d69f99d294ccf8865f,1791424971,0,,,,,0,0
b8b15a4e6e8882fa8f087f29,1791511133,0,,,,,0,0
b8b828101656c73fe0db6e16,1791424971,0,,,,,0,0
b8bc683ae60896d754e9b546,1791424971,0,,,,,0,0
b8bef183d3a5cf3471b890c6,1791424971,0,,,,,0,0
b8bffc15a9aea532e7d2a08a,1791424971,0,,,,,0,0
b8c5f5b4bae13a3617199c06,1791424971,0,,,,,0,0
b8c806419072792918041e8a,1791424971,0,,,,,0,0
b8ce56a122e6ea464b2ae618,1791424971,0,,,,,0,0
b8d4ad57d45fbbd19d9cc5dc,1791424971,0,,,,,0,0
b8dce099505d614efd425a8b,1791424971,0,,,,,0,0
b8e389abe88e660018974cb4,1791424971,0,,,,,0,0
b8e6f608b36361f6dde986eb,1791424971,0,,,,,0,0
b8e89c798ad535fc82139834,1791424971,0,,,,,0,0
b8eb627da09ddd92fd9d0ebe,1791424971,0,,,,,0,0
b8ee93dbd39589edeb515e89,1791424971,0,,,,,0,0
b8f1a013311879897f1c6ead,1791424971,0,,,,,0,0
b8fa4ec39af9df2bcf3b4e65,1791424971,0,,,,,0,0
b90400fe8b981a6f9d15693c,1791424971,0,,,,,0,0
b9054abffcf128cc39f18be7,1791424971,0,,,,,0,0
b90b08e3b5906ecc5bd58d0f,1791424971,0,,,,,0,0
b90deb2691a81cc4218ff259,1791424971,0,,,,,0,0
b90e5a83695268443bca2660,1791424971,0,,,,,0,0
b919059b760ee72857da8ef5,1791424971,0,,,,,0,0
b91c47ce9705bd4ecba1cbfa,1791511133,0,,,,,0,0
b91e20c4f0691a709083c512,1791424971,0,,,,,0,0
b9204654356ef4ea8c7b9576,1791511133,0,,,,,0,0
b922f7afdcc511fd967b15cd,1791511133,0,,,,,0,0
b926a0c5b05f4f3951e9229c,1791424971,0,,,,,0,0
b92a22b2ce8f1b68f868a745,1791511133,0,,,,,0,0
b92bb50f5f6916a7c29be026,1791511133,0,,,,,0,0
b92ea743a9158dfdb049f606,1791424971,0,,,,,0,0
b92eaafee8883a7aaaeb7fa8,1791424971,1,0000074208-26-000077,"7.01,9.01",1788985049,7.0,0,1
b92f072086b52bacd8aa1efd,1791424971,0,,,,,0,0
b9361ccc0f5ef453c1d6bbc3,1791424971,0,,,,,0,0
b93b326a22473494b676dfaf,1791424971,0,,,,,0,0
b93d840da345d987291b229e,1791424971,0,,,,,0,0
b9437a51045be2de385be209,1791424971,0,,,,,0,0
b94507f159776275b151b59c,1791424971,0,,,,,0,0
b94b0e0ce17ef229a9034d64,1791424971,0,,,,,0,0
b94c4af12439768135ec84b3,1791424971,0,,,,,0,0
b94dc73c60a687a1e98a9b0b,1791424971,0,,,,,0,0
b95900be4cb91c0c8c28beea,1791424971,0,,,,,0,0
b959bc66cb4e6c7c6d35aea3,1791424971,0,,,,,0,0
b95b821ce783e4831ede9a48,1791424971,0,,,,,0,0
b95bd603ac1b39d574f79a81,1791424971,0,,,,,0,0
b965d2f747e5d4c1eb080594,1791424971,0,,,,,0,0
b96f4e4a5e430d4bdbcc3454,1791511133,0,,,,,0,0
b97143732a2a34eb93ace1f5,1791424971,0,,,,,0,0
b9721d745af531f9de5ac97b,1791424971,0,,,,,0,0
b97413b7220e63f52da0a61e,1791424971,0,,,,,0,0
b97630839e3d971d2495f7ab,1791424971,0,,,,,0,0
b977f58dd15ce35405d07833,1791424971,0,,,,,0,0
b9798e9047da6587e1bcc357,1791424971,0,,,,,0,0
b97b27c24c8642a3d5166e73,1791424971,0,,,,,0,0
b97f2bb70b5ea6a70556e14e,1791424971,0,,,,,0,0
b97f326bbfd426a3d7b58a84,1791511133,0,,,,,0,0
b97fe22f7232d228a317b0d2,1791424971,0,,,,,0,0
b9801c48bc5c39105d7efffa,1791424971,0,,,,,0,0
b9821451a06d1948b09c88d9,1791424971,0,,,,,0,0
b9842936afccf26cdcb22e5c,1791427778,0,,,,,0,0
b98772981939c054a7f96c3a,1791424971,0,,,,,0,0
b98b3e52394a2b52bde51115,1791424971,0,,,,,0,0
b98bf31ec8aacab1942d0533,1791511133,0,,,,,0,0
b98ddb6df7e3098f96dd1f5b,1791424971,0,,,,,0,0
b98f9c847fe4ec79fb407bfb,1791424971,0,,,,,0,0
b99334aaf0ccf575e24282f4,1791424971,0,,,,,0,0
b9938ba825fc4b7a82a28b95,1791424971,0,,,,,0,0
b995a59c46e944c7ce567282,1791424971,0,,,,,0,0
b997a23878af71556ad87355,1791424971,0,,,,,0,0
b9a12657059eaa190bc44118,1791424971,0,,,,,0,0
b9a72ae0713adef60692170b,1791424971,1,0001193125-26-397219,"8.01,9.01",1790075179,0.5,0,1
b9a999839c39e9349fc3c69e,1791424971,0,,,,,0,0
b9aec38c4f29986e5d58bdbe,1791511133,0,,,,,0,0
b9b1cfd2d0896ea382052d3a,1791424971,0,,,,,0,0
b9b34e944467a2df663fb66f,1791424971,0,,,,,0,0
b9b53c2f7aaa2bbe3fe5ce7a,1791424971,0,,,,,0,0
b9b6b3b5259b325084a4a39e,1791424971,0,,,,,0,0
b9bb71cfebe359c56d44e40e,1791424971,0,,,,,0,0
b9c57da077b1987ca4274213,1791424971,0,,,,,0,0
b9c9fdd05fa9055adf1d5d5c,1791424971,0,,,,,0,0
b9ca3f2e2ba8839b32c75966,1791511133,0,,,,,0,0
b9caf69ca06f54f055a544be,1791424971,0,,,,,0,0
b9d3ce00778fcf95ad05b889,1791424971,0,,,,,0,0
b9d7f96a0107213294b739e3,1791424971,0,,,,,0,0
b9e4836277b9f75428ba672f,1791424971,0,,,,,0,0
b9e577c0c42844bc6082d1eb,1791511133,0,,,,,0,0
b9e5c5f31bdceff785a98d77,1791424971,0,,,,,0,0
b9e604fa0c8a2759fe1674c0,1791424971,0,,,,,0,0
b9e7556b43d4a5244dd037f4,1791511133,0,,,,,0,0
b9ece4fbe62fce2fa448b2d4,1791424971,0,,,,,0,0
b9f1fc23e83202190de47c1e,1791424971,0,,,,,0,0
b9f31a58fac817e195932c8a,1791424971,0,,,,,0,0
b9f41acdf6c0565871d5f70f,1791424971,0,,,,,0,0
b9f5df332a39ed9f7a1568bf,1791424971,0,,,,,0,0
b9fd7aa4c23f23d375f1d7c8,1791424971,0,,,,,0,0
b9fe1ae53155c3fe6fbb8efb,1791511133,0,,,,,0,0
b9ff4ae84f668964e05c98ac,1791424971,0,,,,,0,0
ba013f3b7dcb98fd64577c59,1791424971,0,,,,,0,0
ba02a71a616b7518979b575d,1791424971,0,,,,,0,0
ba04ed699f6e4ecf7b4c31bf,1791424971,0,,,,,0,0
ba0bb810f6d4fba22a10b9f4,1791424971,0,,,,,0,0
ba0cb7248e9d047992724c9f,1791424971,0,,,,,0,0
ba1351b1feb374287bc4c030,1791424971,0,,,,,0,0
ba18e7289178b1e82ffd45e8,1791424971,0,,,,,0,0
ba1ad5f4690b386edf340036,1791424971,0,,,,,0,0
ba1f363d1e5e3b75a9cca7ef,1791424971,0,,,,,0,0
ba2017122c82d9b3d96b14a7,1791424971,1,0001193125-26-357758,"2.01,3.01,3.03,5.01,5.02,5.03,9.01",1787222033,4.5,0,1
ba23b5f6efd73c9d8deb552c,1791511133,0,,,,,0,0
ba275f38445b8b1abe7a053c,1791424971,0,,,,,0,0
ba2903d1051b28a589381922,1791424971,0,,,,,0,0
ba29bd14e18a3f445098b8ee,1791424971,0,,,,,0,0
ba29eadb85b3bf8451c30281,1791424971,0,,,,,0,0
ba2b90fefe6b31a824bbf438,1791424971,0,,,,,0,0
ba2bc19e0cfa59bb91de31fd,1791424971,0,,,,,0,0
ba36bc0c7014599f6478d899,1791424971,0,,,,,0,0
ba3792f8706524519b537b02,1791424971,0,,,,,0,0
ba37df151cc7abe3be71a294,1791424971,0,,,,,0,0
ba3867833a24c41618badd2e,1791424971,0,,,,,0,0
ba3eddc6fbf2b8f1732a71e0,1791424971,0,,,,,0,0
ba4051295a3a0181cec3b7f9,1791424971,0,,,,,0,0
ba415734b76aa9b3e8fc736e,1791424971,0,,,,,0,0
ba42bd6f713253b17117f567,1791424971,0,,,,,0,0
ba4abf9e743faed882f10d1b,1791511133,0,,,,,0,0
ba661ab146297004319c42ad,1791424971,0,,,,,0,0
ba6aa48cc223b4b414bc3eed,1791424971,0,,,,,0,0
ba6f64247dd01ad7da2c2a51,1791424971,0,,,,,0,0
ba71620846b3e61122ba4c8d,1791424971,0,,,,,0,0
ba7192e833a75651db596486,1791424971,0,,,,,0,0
ba74e9633c719f00310e74a3,1791424971,0,,,,,0,0
ba76ffbfd1ffa51e2f4a9c41,1791424971,0,,,,,0,0
ba78c80cd6a979172fe428da,1791511133,0,,,,,0,0
ba7ed8fa717545274fec4119,1791424971,0,,,,,0,0
ba83177aa8f81f3fee909380,1791424971,1,0001104659-26-112836,"5.07,9.01",1790885727,10.0,0,0
ba851c82dcfe7a54cae0ac61,1791424971,0,,,,,0,0
ba878a860b1e21a16c22eaf0,1791424971,0,,,,,0,0
ba8f4938e7a74433e367e485,1791424971,0,,,,,0,0
ba90196c4511ed6483ac6e9a,1791424971,0,,,,,0,0
ba94c305d09aea9ea973c968,1791424971,0,,,,,0,0
ba9b29f1e7a0cb57decb0a0e,1791424971,0,,,,,0,0
ba9df19a74e93ce327c4dd43,1791424971,1,0001628280-26-063314,"2.02,9.01",1790247785,2.5,1,0
baa597a10a5384f38bb78574,1791511133,0,,,,,0,0
baa8ccd2af424ef09e968716,1791424971,0,,,,,0,0
baa8f3be813a3d5a50515bb5,1791424971,1,0001805526-26-000098,"1.01,3.03,5.03,8.01,9.01",1788876102,0.5283333333333333,0,1
baac5b7dafcbd97d15100aaf,1791424971,0,,,,,0,0
babc315787bd3bb2fac3e89d,1791424971,0,,,,,0,0
babf8c28a050f11f10ba8462,1791424971,0,,,,,0,0
bac020b5e13d6dd003e777f0,1791424971,0,,,,,0,0
bac2bc8450f7766c34673741,1791511133,0,,,,,0,0
bac4c5161caa1d4e2d82a0bb,1791424971,0,,,,,0,0
bac7e0130600ab76e8bd674c,1791424971,0,,,,,0,0
bac8c49123470559542f6457,1791424971,0,,,,,0,0
bacc0b266357ca694b623074,1791511133,0,,,,,0,0
bacecd884d5b5918bfb7fb88,1791424971,0,,,,,0,0
bad57671397ed216ad70e658,1791424971,0,,,,,0,0
bad9b8cb7850cc638197486e,1791424971,0,,,,,0,0
bada57240ac9b6b4af128221,1791511133,0,,,,,0,0
bada883647fddd3c63291230,1791424971,0,,,,,0,0
bae114921bd4a81b91a11cf1,1791511133,0,,,,,0,0
bae133220e6af766604cdbad,1791424971,0,,,,,0,0
bae8792e58c410103aa1b213,1791424971,0,,,,,0,0
baeb8ecaf5aa43204528efe4,1791424971,0,,,,,0,0
baed417689c901f740687695,1791424971,0,,,,,0,0
baee1e3412d661c07bb73878,1791511133,0,,,,,0,0
baf5ce9ec4c26976a1fe93b6,1791424971,0,,,,,0,0
baf636afe66ea3d574342b14,1791424971,0,,,,,0,0
baf75bbf7a57eff41c4ae3aa,1791424971,0,,,,,0,0
bafff2abc4332ffdf047dbfc,1791424971,0,,,,,0,0
bb02142941364de3a7eac175,1791511133,0,,,,,0,0
bb046be0406af6c7c31c8ee1,1791424971,0,,,,,0,0
bb0834a56da56a02181a7e0c,1791424971,0,,,,,0,0
bb0aad2357f9620ad67afef6,1791424971,0,,,,,0,0
bb0ad01909074975b6173c4a,1791424971,0,,,,,0,0
bb0b9999037cb34939b3f2be,1791424971,0,,,,,0,0
bb153d6528c37b7caff45971,1791424971,0,,,,,0,0
bb1cf2257c314bbc0224b350,1791511133,0,,,,,0,0
bb1d3d8cde783063a07d274b,1791424971,0,,,,,0,0
bb226a844743324271d1053b,1791424971,1,0001562762-26-000111,"2.02,9.01",1790762847,0.5,1,0
bb257a77e15eca02495b4dcd,1791424971,0,,,,,0,0
bb260d525788781f662eebd6,1791424971,0,,,,,0,0
bb355579ba5375d064e5c063,1791424971,0,,,,,0,0
bb35f28462c28f86dab03839,1791424971,0,,,,,0,0
bb390b3a29319649ccd9fb22,1791424971,0,,,,,0,0
bb3e0f06a1b1e2a3f0a4ec5f,1791424971,0,,,,,0,0
bb3e7d53dd335555e3bf6381,1791424971,0,,,,,0,0
bb40284da004b33c8ddc01e1,1791511133,0,,,,,0,0
bb40c713cbc0a249b4c7a211,1791424971,0,,,,,0,0
bb42219d06f4c364dfcfffe2,1791424971,0,,,,,0,0
bb42c949d5a497b0bf28fa68,1791424971,0,,,,,0,0
bb4a7f11957f9ea94622cfc8,1791424971,0,,,,,0,0
bb4c017b0cbd3d23b97e55af,1791424971,0,,,,,0,0
bb4f6d5d15f8779032d8e4be,1791424971,0,,,,,0,0
bb598f453bdf16fad093adc2,1791511133,0,,,,,0,0
bb5ce88d1ba2f3e7ddd33ffd,1791424971,0,,,,,0,0
bb5ff2e6db4acc20b2c0fdc0,1791424971,0,,,,,0,0
bb63253f3e2c87a317d532fa,1791424971,0,,,,,0,0
bb635e5f28c6644473ec7735,1791511133,0,,,,,0,0
bb695e1dc0f574687713fd0d,1791424971,0,,,,,0,0
bb6a272a019e323b4e92bdc5,1791424971,1,0000950157-26-001058,"1.01,8.01",1790946977,7.0,0,1
bb6e06463cf8826b344480b9,1791424971,0,,,,,0,0
bb73c2155e8184d624bae050,1791424971,0,,,,,0,0
bb75433afab6cff256f47f6f,1791424971,0,,,,,0,0
bb756ef745986853b5d02ae5,1791424971,0,,,,,0,0
bb793c2d4cfadbf601897f65,1791424971,0,,,,,0,0
bb79adbae83978cfa6475d3b,1791424971,0,,,,,0,0
bb7b1dc1e371c56458636444,1791424971,0,,,,,0,0
bb7dfc688d41925ff9ffb35a,1791424971,0,,,,,0,0
bb82b8c9cc2dae45c195ed39,1791511133,0,,,,,0,0
bb85352825d2ba91faff084f,1791424971,0,,,,,0,0
bb87a55b6e7032ea2a1d934c,1791424971,1,0001104659-26-112420,"8.01,9.01",1790803628,5.5,0,1
bb8dcb8161f4fbfddb2e42ba,1791424971,0,,,,,0,0
bb9e78973e72b0ed431a08b0,1791424971,1,0001193125-26-391228,"1.01,2.02,5.02,7.01,9.01",1789466565,6.5,1,0
bb9f9170a7ee2d2138966e0e,1791424971,1,0001193125-26-391228,"1.01,2.02,5.02,7.01,9.01",1789466565,0.5,1,0
bba2262cb7215516136f43ce,1791424971,0,,,,,0,0
bba2bd42f83d34e5d5ee74fe,1791511133,0,,,,,0,0
bba738d6c23786162dfb5920,1791424971,0,,,,,0,0
bbab2d03c370633a59c0ba0f,1791424971,0,,,,,0,0
bbaf0da0744759ae4ac61996,1791424971,0,,,,,0,0
bbb1645040123d369b824bdc,1791511133,0,,,,,0,0
bbb17146a9a6aadfbf23691b,1791424971,0,,,,,0,0
bbb2f0a8b0c9042344df731a,1791424971,0,,,,,0,0
bbbe12dc423dc80fac97640f,1791424971,0,,,,,0,0
bbbed0fd18df1455a0d026b3,1791424971,0,,,,,0,0
bbcae39952ba875300715262,1791424971,1,0001193125-26-385257,"1.01,2.01,3.02,7.01,9.01",1788899455,6.5,0,1
bbcc2c8bcffeea79bc8c8cc4,1791424971,0,,,,,0,0
bbcd89c72a44920f80097a24,1791511133,0,,,,,0,0
bbcdcb3a10d022b43831336e,1791424971,0,,,,,0,0
bbcdff0351d27468987701be,1791424971,0,,,,,0,0
bbce206ffda80a58f2bc4ab7,1791511133,0,,,,,0,0
bbcf1c2e0417d5a39522b3c9,1791424971,0,,,,,0,0
bbd242a4d92a4cef9fbcfe66,1791424971,0,,,,,0,0
bbd29ac3aaaf2473017c8552,1791424971,0,,,,,0,0
bbd54c504106f70b5ebc5e91,1791424971,0,,,,,0,0
bbd5fa1eb667d63e0c46861d,1791427778,0,,,,,0,0
bbd878814c3f7986a5125d0d,1791424971,0,,,,,0,0
bbdbd7b908a8fa51978f612d,1791424971,0,,,,,0,0
bbdf5c801040b6b4decc1cf2,1791511133,0,,,,,0,0
bbe5ff349a9c3261b9010504,1791511133,0,,,,,0,0
bbe7f50129dddff7446fba4b,1791424971,0,,,,,0,0
bbec5a524098696f9958d379,1791424971,0,,,,,0,0
bbf006c3b1a83df0bdf52e86,1791424971,0,,,,,0,0
bbf2890511c5e6f13950adc8,1791424971,0,,,,,0,0
bbf3222aaec1aec4987943b9,1791424971,0,,,,,0,0
bbf991d9818124f2cd653dea,1791424971,0,,,,,0,0
bbf9966e6ae2490d8ff8beb2,1791424971,0,,,,,0,0
bc05d8d0378a4876b16f8282,1791424971,0,,,,,0,0
bc0802df1bf7d007a5b06ef3,1791424971,0,,,,,0,0
bc0f1559e41193a3f0739b6d,1791424971,0,,,,,0,0
bc0fb02baa651b4b1d57a83a,1791424971,0,,,,,0,0
bc10cb7722f6b1c88108bdef,1791424971,0,,,,,0,0
bc119c17bfbdcc5883108156,1791511133,0,,,,,0,0
bc1aa12c29d86e1321a3ee94,1791511133,0,,,,,0,0
bc1cf53ed6b5645562de00d8,1791424971,0,,,,,0,0
bc1cf6752f72f22a34efa78a,1791424971,0,,,,,0,0
bc1d568ef3565bb3770870c2,1791424971,0,,,,,0,0
bc1ef4a03e1488a874018c71,1791424971,0,,,,,0,0
bc1fce77462712703c9f8d56,1791424971,0,,,,,0,0
bc25f98b04ef52a870d51b2a,1791424971,0,,,,,0,0
bc28226a39a42bd2e93af01c,1791424971,0,,,,,0,0
bc3121ffd88ffe4f860c5bb6,1791424971,0,,,,,0,0
bc3397439ab40f4d47c01660,1791424971,0,,,,,0,0
bc34b4a71ee0b35438db69fb,1791424971,0,,,,,0,0
bc36d0e70ddccf5ce376b702,1791424971,0,,,,,0,0
bc3825a7b910b7102a89d0ff,1791424971,0,,,,,0,0
bc3b6e29c1e75791d313bb96,1791424971,0,,,,,0,0
bc403e1ef97be599673427e1,1791511133,0,,,,,0,0
bc45f13113099fab38895824,1791424971,0,,,,,0,0
bc46c5da6b1eddf4f9192a5b,1791424971,0,,,,,0,0
bc472d1f6cb8ce54e03d34f3,1791511133,0,,,,,0,0
bc48ffdaaba5778316b64acc,1791424971,0,,,,,0,0
bc4c2fe3331296af114dfe9c,1791424971,0,,,,,0,0
bc4dc2f35594c1dca8d62d49,1791424971,0,,,,,0,0
bc50ba77a683cade46a597a7,1791511133,0,,,,,0,0
bc530f0b357bc4a3cbe3ca6d,1791424971,0,,,,,0,0
bc539261e81353a73876a5b3,1791424971,0,,,,,0,0
bc5f1154fe3388a0f42138ed,1791424971,0,,,,,0,0
bc6241010415c85928b4b5b8,1791511133,0,,,,,0,0
bc6750f2c93a5c0a4bd88541,1791424971,0,,,,,0,0
bc68262d05dcae3c1de21269,1791424971,1,0001193125-26-408403,"5.02,7.01,9.01",1790772254,7.0,0,1
bc6ab1f1052a0418dc2701de,1791424971,0,,,,,0,0
bc70d0802adba81dc0a78936,1791511133,0,,,,,0,0
bc7480fed13bdbdfe7f24f9e,1791424971,0,,,,,0,0
bc7d9d1f6b26e08ec7215cbe,1791424971,0,,,,,0,0
bc7dcfe882cdc32f16d37089,1791424971,0,,,,,0,0
bc82afcc8a7064a50a99883e,1791511133,0,,,,,0,0
bc82fd415dc6f51468b443c8,1791424971,0,,,,,0,0
bc84bbe3c367534a5bf2cd3a,1791424971,0,,,,,0,0
bc863afc625534e6537a979f,1791424971,0,,,,,0,0
bc883ca35eff42b660313fe5,1791511133,0,,,,,0,0
bc92f3c3a08c808381d16e35,1791424971,0,,,,,0,0
bc96295dba591ab90912bf81,1791424971,0,,,,,0,0
bc9a76e368e9281b7c38c970,1791424971,0,,,,,0,0
bc9ddec695d55202b9686ce5,1791511133,0,,,,,0,0
bc9f3430b70cdb684b632fe2,1791424971,0,,,,,0,0
bcaffd3d7c9d27e8ee00b99f,1791424971,0,,,,,0,0
bcb87e166745e0159a793ae5,1791424971,0,,,,,0,0
bcba60758ade6a378c897544,1791424971,0,,,,,0,0
bcbc408122160f735aceddb5,1791424971,0,,,,,0,0
bcc33e46dd60f9fb0496b832,1791424971,0,,,,,0,0
bcccc80371023231e954ffd6,1791424971,0,,,,,0,0
bccd050e34a714074405d2a1,1791511133,0,,,,,0,0
bcd37878c3c9ab193f4af62d,1791424971,0,,,,,0,0
bcda3edf32b7a2494affde76,1791424971,0,,,,,0,0
bcdc515b7167e2e47c21de2b,1791424971,0,,,,,0,0
bcdd6c4952cba25be0e9d502,1791511133,0,,,,,0,0
bce12ad60ab6e926d6daa32a,1791511133,1,0001193125-26-414916,"2.02,9.01",1791284009,0.5,1,0
bcea03c86ab991b4adeb3dfe,1791424971,0,,,,,0,0
bcedce2cb97e71ef60f51b21,1791424971,0,,,,,0,0
bcf74e5bdfcd3d1cfab53ae0,1791511133,0,,,,,0,0
bcf85cb35828a86223fa70ab,1791424971,0,,,,,0,0
bcfbc9f176743fdbbdcbf8af,1791424971,0,,,,,0,0
bd06373dcdc6830e58e05b48,1791511133,0,,,,,0,0
bd0643aabbf1b2026ecd008e,1791424971,0,,,,,0,0
bd0a60c44ae25c6f0e833d5a,1791424971,0,,,,,0,0
bd0fb610061822adf5b11478,1791511133,0,,,,,0,0
bd155d5376f0c68a4162e5cd,1791424971,0,,,,,0,0
bd17636b5578992a27bf7f12,1791424971,0,,,,,0,0
bd1e55ae8322b1d231b43a22,1791424971,0,,,,,0,0
bd1e9ae43dd248aa596bcd69,1791424971,0,,,,,0,0
bd20170944d6ab9e384b3e5a,1791424971,0,,,,,0,0
bd204ee02bca3305ca772ca8,1791424971,0,,,,,0,0
bd20abd2452d5d4031b97dda,1791424971,0,,,,,0,0
bd264162f8d612678ed860a2,1791424971,0,,,,,0,0
bd29b509b5cca3c99d6a19b3,1791424971,0,,,,,0,0
bd2b9af8596cbea3115fddbd,1791424971,0,,,,,0,0
bd2befa232502527c8cdd6dd,1791424971,0,,,,,0,0
bd2da1aa734b42733549614e,1791424971,1,0001170010-26-000102,"2.02,9.01",1790679630,0.5,1,0
bd33c8aa5d76c1afcab01787,1791424971,1,0001104659-26-108777,"7.01,9.01",1789739251,0.29194444444444445,0,1
bd346cf8b95ddd23b2b9d503,1791424971,0,,,,,0,0
bd43e0d7fbb23cd1e465ddb4,1791424971,1,0001104659-26-108285,"8.01,9.01",1789590990,12.0,0,1
bd44c7ae815861b7a5fc4937,1791424971,0,,,,,0,0
bd470193ca20220e363bdfa7,1791511133,0,,,,,0,0
bd567e8d2a5b4033ca5d55e1,1791424971,0,,,,,0,0
bd5862bb0af92620cc711945,1791424971,0,,,,,0,0
bd6289e77b8c4430dfc71c98,1791511133,0,,,,,0,0
bd640ceed73c9cc2b9e71f1f,1791424971,1,0001803599-26-000147,"2.02,9.01",1790712645,0.5,1,0
bd6547ddb3a18a17394262c7,1791424971,0,,,,,0,0
bd6ce4be85afe75ed045286e,1791424971,0,,,,,0,0
bd6dcad496fccb6d3627ffbb,1791424971,0,,,,,0,0
bd70e1adc9ae2ef41094b1e2,1791511133,1,0001628280-26-065292,"2.05,2.06,9.01",1791374472,6.5,0,1
bd71d11759db50977fd54b97,1791424971,0,,,,,0,0
bd75627b1dabb449a3750e2d,1791424971,0,,,,,0,0
bd75b9d01e67f842fafde694,1791424971,0,,,,,0,0
bd7642b047c87fedf02e5724,1791424971,0,,,,,0,0
bd7c229fe37a4e50ebb43009,1791424971,0,,,,,0,0
bd7db19a53991718498747fa,1791511133,0,,,,,0,0
bd7e01e6874f79d27bfce084,1791511133,0,,,,,0,0
bd8037532769ccc3f606501b,1791424971,0,,,,,0,0
bd83a9f0a04032489f912f26,1791424971,0,,,,,0,0
bd83c66ac8d062a39c9c17be,1791424971,0,,,,,0,0
bd87ce658dd20d857a35ba00,1791424971,0,,,,,0,0
bd88e2069ce7d9f1c6443814,1791424971,0,,,,,0,0
bd8a60163c1e7b36e95c3bae,1791424971,0,,,,,0,0
bd8b1f3b17e392196178731e,1791424971,0,,,,,0,0
bd8e4fe379d120acd6acd4f6,1791424971,0,,,,,0,0
bd8ee1bbdcdacaefe3e54a52,1791424971,0,,,,,0,0
bd8fbdb2781bbd0b72668bf6,1791424971,0,,,,,0,0
bd97683e5fc3858755446858,1791424971,0,,,,,0,0
bd97accb13cbe0228c0b242e,1791424971,0,,,,,0,0
bd9fad4912e6451d74623d7b,1791424971,0,,,,,0,0
bda423b15dfa5c29d874580f,1791511133,0,,,,,0,0
bda476b2303f7542b7d31168,1791424971,0,,,,,0,0
bda9f17e0228c2783c773282,1791424971,0,,,,,0,0
bdaa547d236f7677e1c13229,1791424971,0,,,,,0,0
bdaa5db9e1ddc1feda0b3bd9,1791424971,1,0001104659-26-112420,"8.01,9.01",1790803628,1.5,0,1
bdad90a609303ecdf336a095,1791424971,0,,,,,0,0
bdaf39bfb12fd2b0bf6b8c60,1791424971,0,,,,,0,0
bdb0cf917d363348f1ac7d83,1791424971,0,,,,,0,0
bdb3359c723098d5a3fd8406,1791424971,0,,,,,0,0
bdb33b40c80cff532b24b4c2,1791424971,0,,,,,0,0
bdb3e0838d292c88f21751d8,1791424971,0,,,,,0,0
bdb4b82341484cf75a3f37bd,1791424971,0,,,,,0,0
bdb7336845c336b27b697eaf,1791424971,0,,,,,0,0
bdb9221fbabc88434c055c8e,1791424971,0,,,,,0,0
bdba70158234a8cc76484a95,1791424971,0,,,,,0,0
bdc1c2cae183162f5bc6c2e3,1791424971,0,,,,,0,0
bdc3083d4ebcf94c5782a189,1791511133,0,,,,,0,0
bdc73ed872722064317ac7ea,1791424971,0,,,,,0,0
bdc89f7177e6dd72f7011cfd,1791424971,0,,,,,0,0
bdcbda2806c948764bfcef1c,1791424971,0,,,,,0,0
bdcedfae742a80a62b0904bb,1791424971,0,,,,,0,0
bdd1702579a24adde323eb9d,1791424971,0,,,,,0,0
bdd1f1b2fa0c1eb7d31117a4,1791424971,1,0001104659-26-109755,"8.01,9.01",1790157698,2.5,0,1
bdd4e49eb9cc24709c7457ce,1791424971,0,,,,,0,0
bdd5b4e9e56bc4c4aedaf1fe,1791424971,0,,,,,0,0
bdda91ca3194e72ef5607979,1791424971,1,0001104659-26-111950,"5.02,7.01,9.01",1790713730,7.0,0,1
bddcff0d4487cdfc6ee365be,1791511133,0,,,,,0,0
bddde3f94737d740ffd8181c,1791424971,0,,,,,0,0
bddf7a0c2e57937703492226,1791424971,0,,,,,0,0
bde57697750809b554511b37,1791424971,0,,,,,0,0
bde660db2d1ded01cc9d0790,1791511133,0,,,,,0,0
bde82050760f8e026ba8771a,1791424971,0,,,,,0,0
bdea125337b0fa7a688f5f6e,1791424971,0,,,,,0,0
bdea94efec1b005c8e493e93,1791424971,1,0001213900-26-105305,5.07,1790802010,1.5,0,0
bdf0887380f91e5aec262ab0,1791424971,0,,,,,0,0
bdf303bef49103e5e099ec24,1791424971,0,,,,,0,0
bdf464578a26b2905f5dfc8e,1791424971,0,,,,,0,0
bdf7a5bd8b685ce2711e8ff6,1791424971,0,,,,,0,0
bdfc8e1d0a74b69ae8d92e4f,1791424971,0,,,,,0,0
bdfcafb7c3adb52d123d687d,1791424971,0,,,,,0,0
bdfd6d88a5f96c64fd60e634,1791424971,0,,,,,0,0
be003ddba1db24651e6b1b01,1791424971,0,,,,,0,0
be02ed78555e4b0d05303d0a,1791424971,0,,,,,0,0
be0a9171b9740923bb1bbde6,1791424971,1,0000769397-26-000059,"2.02,7.01,9.01",1787861106,0.5,1,0
be11d43588826b6084ea3121,1791424971,0,,,,,0,0
be155bc981125b90b06268ca,1791424971,0,,,,,0,0
be15fa10e4af1bccf9c73ada,1791424971,0,,,,,0,0
be1a7172ae711f551f1c48fd,1791424971,0,,,,,0,0
be21cdc86cf2e06c0bccf719,1791424971,0,,,,,0,0
be28a3b8589986d799a7da73,1791424971,0,,,,,0,0
be2b15dfb223f6ea237bac60,1791511133,0,,,,,0,0
be3232dadf7e040e7f9f39f0,1791511133,0,,,,,0,0
be32fc81f184ae5dda9f0975,1791424971,0,,,,,0,0
be33f98bf8875661e7b0ca31,1791424971,0,,,,,0,0
be372cf60b068d83bbb47722,1791424971,0,,,,,0,0
be4da0d8f3bec562fa083894,1791424971,0,,,,,0,0
be4ec7363b886c153af19b52,1791424971,0,,,,,0,0
be5414d1e0491af6986d8c27,1791424971,0,,,,,0,0
be5507339aa6ab34d58cf2e6,1791424971,0,,,,,0,0
be55fed9c700634439583870,1791424971,0,,,,,0,0
be5877c08d6dc6d70031d674,1791424971,0,,,,,0,0
be58aac0b11e82695927d876,1791424971,0,,,,,0,0
be5b5170cc49b83f1de80a4a,1791424971,0,,,,,0,0
be60e968a5c15b1f67b398ae,1791424971,0,,,,,0,0
be635a0283abefe7221a69dd,1791424971,0,,,,,0,0
be66148547480593cedea27d,1791424971,0,,,,,0,0
be66a7bd088a517f1f2216ce,1791511133,0,,,,,0,0
be686a2f92a670dff9881d77,1791424971,0,,,,,0,0
be6875cd320fbdd6eb813d55,1791424971,0,,,,,0,0
be77697e5eed47c04b85d317,1791424971,0,,,,,0,0
be77a45c96f7a027837e50f0,1791511133,0,,,,,0,0
be7ca69056805271d1e97522,1791424971,0,,,,,0,0
be7d080337ef8699334ab718,1791424971,0,,,,,0,0
be8ec58fb0b8aa6f865d6f38,1791424971,1,0002071876-26-000221,1.01,1790371721,5.5,0,1
be8ecf0067bccb60dc9013e0,1791424971,0,,,,,0,0
be903fcbbfa655dd9578b7c8,1791424971,0,,,,,0,0
be92609a5b8e49444caf4560,1791511133,1,0001193125-26-417188,"5.02,9.01",1791417639,13.0,0,1
be941b5717825c23a2eb4f9b,1791424971,0,,,,,0,0
be957260944f5b86e40b6139,1791424971,0,,,,,0,0
beab22574c64e09a0b09662b,1791511133,0,,,,,0,0
beb3e900074985f6a6ccaad7,1791511133,0,,,,,0,0
beb418ba64bc5bf0708b2e5e,1791424971,1,0001437749-26-031296,5.02,1790607088,1.3577777777777778,0,1
beb4e0cb7d045769d2f208be,1791424971,1,0001213900-26-105305,5.07,1790802010,3.5,0,0
beb79b2e9411ce4a39186100,1791424971,0,,,,,0,0
bebdb9bc5a81fc4a527d5bf9,1791424971,0,,,,,0,0
bebf98a9cc6317b6cc3bcfb1,1791424971,0,,,,,0,0
bec1d7076382096919b8d989,1791424971,0,,,,,0,0
bec233c4dc4a22bb1a04ea57,1791424971,0,,,,,0,0
bec620dfe3c15ddd80ef72be,1791424971,1,0001140361-26-034714,8.01,1787862521,13.0,0,1
bed05012a98229e24f43303e,1791424971,0,,,,,0,0
bed339ce41bd5afe1c61e44b,1791424971,0,,,,,0,0
bedd5e1ec217456d13f5c985,1791424971,0,,,,,0,0
bee1c98b823d490d7fac0876,1791511133,0,,,,,0,0
bee4f5d4841ac2a7bd9b77d1,1791424971,0,,,,,0,0
beec3d521187e59b66cce927,1791424971,0,,,,,0,0
beedd94d6c503ed95a702007,1791511133,0,,,,,0,0
bef345ace4331686cf3540f6,1791511133,0,,,,,0,0
bef4277d3a753336105eec45,1791424971,0,,,,,0,0
bef5fb69d5e10db679f7e8ba,1791511133,0,,,,,0,0
bef8428f497586f213614d31,1791424971,0,,,,,0,0
beff3bb1935e40b40f369e27,1791424971,0,,,,,0,0
bf017c1451fda8b7d5c65394,1791511133,0,,,,,0,0
bf087f04e075b28cc024cec0,1791424971,0,,,,,0,0
bf102c8dce057d989e3b8234,1791424971,0,,,,,0,0
bf1224fe6e081103d57ea420,1791511133,0,,,,,0,0
bf174af6eec1ea898f89ab1e,1791424971,0,,,,,0,0
bf1785d08dd55d59eaa7c9d3,1791424971,0,,,,,0,0
bf19e19ed47cf001b088d85a,1791424971,0,,,,,0,0
bf1fb9b5f5852e4af30bb3fc,1791424971,0,,,,,0,0
bf21efcc9023a14de15721a0,1791424971,0,,,,,0,0
bf237ed922402ed309f32a3d,1791424971,0,,,,,0,0
bf2654066b6e0a5a9990c99a,1791424971,0,,,,,0,0
bf292f43bde7eeba25b502b9,1791424971,0,,,,,0,0
bf2a708e2020b55a2041c52f,1791511133,0,,,,,0,0
bf2ff65107159a7fed08eef1,1791424971,0,,,,,0,0
bf300464560d6599a47de874,1791424971,0,,,,,0,0
bf30dd8f42b2ba5f5d2c5579,1791424971,0,,,,,0,0
bf317898f9bee310291368f8,1791424971,0,,,,,0,0
bf3361f4837b9bac0a79ec89,1791424971,0,,,,,0,0
bf36efecd0f333d816ab2c14,1791511133,0,,,,,0,0
bf380ded43a4875a2722d30f,1791424971,0,,,,,0,0
bf38d610ff091ea837ea8d18,1791424971,0,,,,,0,0
bf3b60d615a3df6c17178802,1791511133,0,,,,,0,0
bf3ef282abff6c14dbd8f46e,1791511133,1,0001679273-26-000051,"2.02,9.01",1791288121,0.5,1,1
bf404b41961b134fbea7597b,1791424971,0,,,,,0,0
bf4498019d54e55cca648674,1791424971,0,,,,,0,0
bf49717f936d72ff1fa531a6,1791424971,0,,,,,0,0
bf4e6ff38abb4ec5b62e98d4,1791511133,0,,,,,0,0
bf4f8c20df2bd5cb7631566c,1791424971,0,,,,,0,0
bf55cecd73d08abe36a15f6e,1791511133,0,,,,,0,0
bf576942749764d0c560cdc7,1791424971,0,,,,,0,0
bf589db35d992dfaa26226bb,1791424971,0,,,,,0,0
bf5bc47aa016c7c5d4d82645,1791424971,0,,,,,0,0
bf70137a60c9335198c4493c,1791424971,0,,,,,0,0
bf740b031b0dd50ef2e713db,1791424971,0,,,,,0,0
bf749b52292ec78e285e4c5a,1791424971,0,,,,,0,0
bf7aa66475c209985b44bb5b,1791424971,0,,,,,0,0
bf7cfe90ce8f33cef0617ae9,1791424971,0,,,,,0,0
bf8095f5212c6d9d2e08b642,1791424971,1,0001193125-26-386510,"2.02,9.01",1788985817,7.0,1,0
bf80cb484a78f64b2e83bad9,1791424971,0,,,,,0,0
bf82dd6e812f570ff5af854c,1791424971,0,,,,,0,0
bf8af1b92410a0f5a74ad5ef,1791511133,0,,,,,0,0
bf97db61f6f080a9791e5a31,1791511133,0,,,,,0,0
bf9919a7ad9595b199c29ffb,1791424971,0,,,,,0,0
bf9eb29175e54dc25e4adcb2,1791511133,0,,,,,0,0
bfa5f948460589ff4b1977d3,1791424971,1,0000864749-26-000111,"1.01,2.03,9.01",1790971687,7.0,0,1
bfa6830aa434e2e813c28456,1791424971,0,,,,,0,0
bfa95ffa0e41b25140a7fecf,1791424971,0,,,,,0,0
bfab58f5127d5c58b5d845e7,1791511133,0,,,,,0,0
bfb54e016f62f9ea7063f345,1791424971,0,,,,,0,0
bfb5c1462884b9cbb0fb23ff,1791424971,0,,,,,0,0
bfb84ff3a47c702ef7921183,1791424971,0,,,,,0,0
bfb85b3d9030119436d35484,1791424971,0,,,,,0,0
bfbab19bb80fe5b2c3f9a0ce,1791511133,0,,,,,0,0
bfbe1a8df88b90da9d559f67,1791424971,0,,,,,0,0
bfbe5186679971808f867f65,1791424971,0,,,,,0,0
bfc03782796560aa572d63e7,1791424971,0,,,,,0,0
bfc070eafb350cd2e49e9587,1791424971,0,,,,,0,0
bfc0988874f7f26407d96c4d,1791424971,0,,,,,0,0
bfc649b03f350e7c12f0fe8a,1791424971,0,,,,,0,0
bfcbed7a2f2baa531ef836ae,1791424971,0,,,,,0,0
bfd2b84c77ebc565a5513361,1791424971,0,,,,,0,0
bfd5ea807dd40c2abdae72a2,1791424971,0,,,,,0,0
bfd604eb4d2765122eaefb47,1791424971,0,,,,,0,0
bfdf17ad610cbb2273a71232,1791424971,0,,,,,0,0
bfe110f5d5a3d8b669504902,1791424971,0,,,,,0,0
bfe1733b866a18cfbc9a876c,1791424971,0,,,,,0,0
bfe257a8acf6f4bf089b7622,1791424971,0,,,,,0,0
bfe4487184436fc16fa0cbaf,1791424971,0,,,,,0,0
bfe75a50400191a24564fbe2,1791424971,0,,,,,0,0
bfe78ec908d1645dbc54a15b,1791424971,0,,,,,0,0
bff18cb927b7088d907368a0,1791424971,1,0001562762-26-000117,"5.07,9.01",1790971212,13.0,0,0
bff27f458995dfb751d74b68,1791424971,0,,,,,0,0
bff51c1933a03f0e861976e6,1791424971,0,,,,,0,0
bffdad3e3ece99824d7ec27c,1791424971,0,,,,,0,0
c0038b48bd2a650c69c9877d,1791424971,0,,,,,0,0
c008ee6e3d18385d1f94e359,1791424971,0,,,,,0,0
c011105dc3eced80864200fb,1791424971,0,,,,,0,0
c01165abb0848e5f76275d6d,1791424971,0,,,,,0,0
c016552b4dcfb5f58c4bebe9,1791424971,0,,,,,0,0
c01aed6564d68f1f63a3bf6d,1791424971,1,0001104659-26-108245,5.02,1789589123,5.5,0,1
c01b70930d3b3594b923854e,1791424971,0,,,,,0,0
c01ba9cf3e766b01f69d5ab9,1791424971,0,,,,,0,0
c01f7f1defc3523b66d40730,1791511133,0,,,,,0,0
c0204d8e961c66dfddd59df8,1791424971,0,,,,,0,0
c02171a5a6868de9f20f6ab0,1791424971,0,,,,,0,0
c023f671f2f0c1de564d9d26,1791424971,0,,,,,0,0
c02790fc43b8f6e8a37ab9fc,1791424971,0,,,,,0,0
c028d3a3c405514a4c20c934,1791424971,0,,,,,0,0
c02a5c70fbbab68d8e9ca9cd,1791424971,0,,,,,0,0
c02aa2a8d91575ec11b60626,1791511133,0,,,,,0,0
c02f0785af1b31e9335163b6,1791424971,0,,,,,0,0
c02f37637a99be3f23970d8c,1791511133,0,,,,,0,0
c02f849d12d35b561cfc172f,1791424971,0,,,,,0,0
c030da67ed4d19905e7a270d,1791424971,0,,,,,0,0
c034a64407d4f518db97c13d,1791424971,0,,,,,0,0
c0368264a9015e7c018e30b0,1791424971,0,,,,,0,0
c03771a92b870575a4c74810,1791424971,0,,,,,0,0
c03773b67221bcd84daa6742,1791511133,0,,,,,0,0
c03817269a06e880486fc069,1791424971,0,,,,,0,0
c03acfff8b5dd6debca8c79f,1791424971,1,0001104659-26-108859,"8.01,9.01",1789751271,3.6308333333333334,0,1
c03c7d8487fb1346d664d416,1791424971,0,,,,,0,0
c040b84d4a9acc7582cfb159,1791424971,0,,,,,0,0
c048f103849a17e945d43a6d,1791511133,0,,,,,0,0
c04cb6ff2e2f60703d93996f,1791424971,0,,,,,0,0
c0541ad5f267d90ac084da19,1791424971,0,,,,,0,0
c0577daaf522ff47ed92741d,1791424971,0,,,,,0,0
c06354faf520b3d43fe298af,1791424971,0,,,,,0,0
c06bf929567b890820cb889b,1791424971,0,,,,,0,0
c06c4a072600c2dfe288b787,1791424971,0,,,,,0,0
c0732b2844b148ff771f69ce,1791424971,0,,,,,0,0
c074bba318184ca8c44db726,1791424971,0,,,,,0,0
c079b97ba87d8635c97ed3e5,1791424971,0,,,,,0,0
c07f79c4985b8a0b41c7903b,1791424971,0,,,,,0,0
c0802b2469f277aeff0e3290,1791424971,0,,,,,0,0
c085f71c6392e4eed0be5de9,1791424971,1,0001477932-26-005971,7.01,1790935262,0.5,0,1
c086feaa7860bf7bffe3360f,1791424971,0,,,,,0,0
c088d85610e9a5a64adb0757,1791424971,0,,,,,0,0
c08b02d550b5bd2fc2f98a38,1791511133,0,,,,,0,0
c08b0e922d59711c143a1288,1791424971,0,,,,,0,0
c08d591616c7807c9e610709,1791424971,0,,,,,0,0
c08f4fbd6857aeadc25db9bd,1791424971,0,,,,,0,0
c09144acace95dc4bf361809,1791424971,0,,,,,0,0
c093e8905bdecf8d3d07a6a2,1791424971,0,,,,,0,0
c094040f13c08f544ae710c6,1791424971,0,,,,,0,0
c09abcecca6328fb2ad4d9fb,1791424971,0,,,,,0,0
c09cfa6476e66b1024a0a0a2,1791424971,0,,,,,0,0
c0ae2de5653fa0357411a982,1791424971,0,,,,,0,0
c0b0abd0012ff90a96a0083e,1791424971,0,,,,,0,0
c0b5b0ab14fd9354f05813d7,1791424971,0,,,,,0,0
c0b6938c1935d83f60c13f2e,1791424971,0,,,,,0,0
c0b83e6f63c1cad94433a746,1791424971,1,0001193125-26-401093,"7.01,9.01",1790281848,4.5,0,1
c0b96631e977e1c7624fbe28,1791424971,0,,,,,0,0
c0bd5e5c8a37e18b47cdd23f,1791424971,0,,,,,0,0
c0bd7460b69c8c9a65ebb73a,1791424971,0,,,,,0,0
c0bf076d2c83bc40f56be123,1791424971,0,,,,,0,0
c0c38458968078490d399e62,1791424971,0,,,,,0,0
c0c6371408d68c446d3aef7d,1791424971,0,,,,,0,0
c0c7d6ac64a39e3ffd70dd8d,1791511133,0,,,,,0,0
c0d74393a38b3b0aa6a01fbc,1791424971,0,,,,,0,0
c0d8be01748808d0a1c85d3b,1791424971,0,,,,,0,0
c0da50cc6558bdf08593e398,1791424971,0,,,,,0,0
c0e15479f1997494559b2b04,1791424971,0,,,,,0,0
c0e4867ac1b9b6eb6270f2af,1791424971,0,,,,,0,0
c0e81a914ef934a0a0257420,1791424971,0,,,,,0,0
c0e8f1660faef17d63396333,1791424971,1,0000920522-26-000027,"1.01,2.03",1790366780,0.5,0,1
c0ebf572ea1973ceb18f52f4,1791424971,0,,,,,0,0
c0ec3d2cc9b774ba4b11a84d,1791424971,0,,,,,0,0
c0f30debaaf5a43082b7a00d,1791424971,1,0001104659-26-108945,"3.01,7.01,9.01",1789762524,7.0,0,1
c0f3539fe952bea8eb9ae517,1791424971,0,,,,,0,0
c0f7bb9a0e7a7c0e01125756,1791424971,0,,,,,0,0
c0f92f5288e03cab5c47eec2,1791511133,0,,,,,0,0
c1056c40a63fdb302be36c3b,1791511133,0,,,,,0,0
c10bc43ccd88fd4b0f5dd779,1791424971,0,,,,,0,0
c10e8bd30359a0b274c1d13e,1791424971,0,,,,,0,0
c1155bb944bbac970edae5f2,1791424971,0,,,,,0,0
c115a2541526b0759b4b7534,1791424971,0,,,,,0,0
c11d8d511955747a32169ec2,1791424971,0,,,,,0,0
c120ea69a7ceca89f6c1b57b,1791424971,0,,,,,0,0
c1213a48480bf77ffb350dd8,1791424971,0,,,,,0,0
c1228e83521db44a8bbc4d19,1791424971,0,,,,,0,0
c1273e2b43cfc4accd168a82,1791424971,0,,,,,0,0
c1347c69b314bcaa0c8fd4ed,1791424971,1,0001104659-26-110464,"8.01,9.01",1790284962,0.5,0,1
c13b00a0ff06bb29614587bf,1791424971,0,,,,,0,0
c13ba685ed4c4407af19601a,1791424971,0,,,,,0,0
c13d639a6a93bc2cdb50e45a,1791424971,0,,,,,0,0
c144c2afa9be0fc9dec2d184,1791424971,0,,,,,0,0
c1456f0ecfe2ed4ca7fc1bd0,1791511133,0,,,,,0,0
c147b67193f8f53596e43428,1791424971,0,,,,,0,0
c14923dbf1ce29432d4d7f3c,1791424971,0,,,,,0,0
c1495cacb781e83834a82545,1791511133,0,,,,,0,0
c14a18b89809bb96a924ce2f,1791424971,0,,,,,0,0
c14e1965300dfe4f6ad20192,1791424971,0,,,,,0,0
c14ed4fa75b9d089f1a16285,1791511133,0,,,,,0,0
c152fcaad2eac1fe98644c52,1791424971,0,,,,,0,0
c153e86bf669d9b0152df414,1791424971,0,,,,,0,0
c156f1d5d5b62ead90649414,1791511133,0,,,,,0,0
c15fd2bea57c9d587808fe5b,1791424971,0,,,,,0,0
c1612f0f94d88931f60e38b6,1791424971,0,,,,,0,0
c163d1e7325c715993481996,1791424971,1,0000063908-26-000076,"7.01,9.01",1790164881,13.0,0,1
c16688568c8cb4f6fcf4fe63,1791424971,1,0000950157-26-001058,"1.01,8.01",1790946977,0.5,0,1
c16a9ff521e460a030f82963,1791511133,0,,,,,0,0
c16ab8010bedb30a0384d0d0,1791424971,0,,,,,0,0
c16b8dfdeb20724ea7054efb,1791511133,0,,,,,0,0
c16c73208979802f7249df23,1791424971,0,,,,,0,0
c16fe2b21fac62cc3037f33b,1791424971,0,,,,,0,0
c171e5307974698005000b2c,1791424971,0,,,,,0,0
c17a5ed173c0f305ca6f3b06,1791511133,0,,,,,0,0
c17c1558bfa4fc7c55a820f3,1791424971,0,,,,,0,0
c17c5f9dcfa21426c1f51208,1791424971,0,,,,,0,0
c17cc20b35276abfd694bda7,1791511133,0,,,,,0,0
c17f1983c49007f8fc319703,1791511133,0,,,,,0,0
c1805c04680329ae93b8cf53,1791424971,0,,,,,0,0
c180ff29a5aa26057dc2aeed,1791511133,0,,,,,0,0
c1829b31f5c6d733c50dc018,1791424971,0,,,,,0,0
c183d2f57ea20596cd423138,1791424971,0,,,,,0,0
c18eaf0f91ba739c6c9c38a7,1791424971,0,,,,,0,0
c18f176b407602ebf8b0e0a1,1791424971,1,0001104659-26-111777,"7.01,9.01",1790699628,6.5633333333333335,0,1
c19398cbc510143e6917d791,1791424971,0,,,,,0,0
c196211ddf5c4f7099b60810,1791424971,0,,,,,0,0
c19a1de2642153237f488238,1791424971,0,,,,,0,0
c19c0feac2d7d58e3ac3a7a7,1791511133,0,,,,,0,0
c19d4d233063ff7754f14fba,1791424971,0,,,,,0,0
c19d861ff9ea907b8cc47e71,1791424971,0,,,,,0,0
c19e6c0c75c12f82af02c2d9,1791424971,0,,,,,0,0
c1a04bc418dbf12f88cce4f4,1791424971,0,,,,,0,0
c1a6d1d68e571d23cec1c8b4,1791424971,0,,,,,0,0
c1a704f8ffb0b9c65477341d,1791424971,0,,,,,0,0
c1a962e3964ff4505c989bc4,1791511133,0,,,,,0,0
c1ac316c4193a33ffce41d1d,1791424971,1,0001883685-26-000034,"4.01,9.01",1790366841,0.5,0,1
c1b874b74473f12e2685b383,1791424971,0,,,,,0,0
c1b885370bf3f628cd0c5769,1791424971,0,,,,,0,0
c1b89536a684ee1848f5dbdd,1791424971,0,,,,,0,0
c1bd9ce9cb9267ddd5b36171,1791424971,0,,,,,0,0
c1bf1c577057a3e20170679c,1791511133,0,,,,,0,0
c1c1cf7d7b38b6a2ac263dd3,1791424971,0,,,,,0,0
c1c36231cbfdd4836f5c718c,1791424971,0,,,,,0,0
c1c6fb47a572a8efebf02820,1791424971,0,,,,,0,0
c1c70e50bc003d5393a70396,1791424971,0,,,,,0,0
c1cb69d5376bae0e3dfb2c92,1791424971,0,,,,,0,0
c1cc8e2940213e2b6318bc45,1791424971,0,,,,,0,0
c1cede3fa8b242da50f73e47,1791424971,0,,,,,0,0
c1d2e5a0ced086dd7e42b505,1791424971,0,,,,,0,0
c1d692da55b492e7fb6bd821,1791424971,0,,,,,0,0
c1d70b6146edb07d306f37c3,1791511133,0,,,,,0,0
c1da641a83895a7e75ef1809,1791424971,0,,,,,0,0
c1e041b319aa083ddca3e7fd,1791424971,0,,,,,0,0
c1e474324ca08eafa0f9b116,1791511133,0,,,,,0,0
c1e4f1641044a8ab356510ca,1791424971,0,,,,,0,0
c1ed3d5346bbbd8b156bd1a0,1791424971,0,,,,,0,0
c1f16e2737c6eadfe2a47d42,1791511133,0,,,,,0,0
c1f50cc030da8de82cf2997a,1791424971,0,,,,,0,0
c1fc86c11bf6fdc895ee1ff2,1791424971,0,,,,,0,0
c1fd800f90b19bed96278312,1791511133,0,,,,,0,0
c1fff95847db871a0ef33b2f,1791511133,0,,,,,0,0
c20020a3a9bf606cf7b8bc55,1791424971,0,,,,,0,0
c201a3e187931b7bd35c0b16,1791424971,0,,,,,0,0
c20219b720ab4bfefda08696,1791424971,0,,,,,0,0
c20900494b587b0e7a16bd09,1791424971,0,,,,,0,0
c2092a5c3af9144c2172fec7,1791511133,0,,,,,0,0
c213a7b786d5d1819f27a843,1791511133,0,,,,,0,0
c216bf6273caaf7401221752,1791424971,0,,,,,0,0
c2227ed79d80b47bafb7381d,1791424971,0,,,,,0,0
c225a135eab4d5be4b2c35d2,1791424971,0,,,,,0,0
c22d7aefaf0dc71ee1c60004,1791424971,0,,,,,0,0
c22ec24fe71534d1ee779b17,1791424971,0,,,,,0,0
c2357f66fa44b91442ac06ad,1791424971,0,,,,,0,0
c2363f066e2b2be9530da62d,1791424971,0,,,,,0,0
c236473083ff5c411e9ee133,1791424971,0,,,,,0,0
c2391572dd0054f1f98b2083,1791424971,0,,,,,0,0
c23df488db070fe981263163,1791424971,0,,,,,0,0
c2408c2c80d36d7d5cef4df6,1791424971,0,,,,,0,0
c242fed35317e5e011644258,1791424971,0,,,,,0,0
c2438a2a19d8cf5db98bbeac,1791424971,0,,,,,0,0
c245e1833a0069ad3c9660d4,1791424971,0,,,,,0,0
c249ea8813b6402af1c40773,1791424971,0,,,,,0,0
c24e21d28e62af5a08ced3c4,1791424971,1,0001628280-26-062287,"2.02,9.01",1789591379,6.5,1,0
c24e45e5358753f5cb7a84d9,1791424971,0,,,,,0,0
c2504502346d4a3cf59683ca,1791424971,0,,,,,0,0
c255849a1c7600b5ce1be984,1791424971,0,,,,,0,0
c256fde6fcdfcdc10e09fceb,1791424971,0,,,,,0,0
c25892b25350ec8def3733d3,1791424971,0,,,,,0,0
c25b8096c527de9f3dc75de3,1791424971,0,,,,,0,0
c25d53831d3744d36f0fa90d,1791424971,0,,,,,0,0
c26267228cfa082a4e509e40,1791424971,0,,,,,0,0
c262c7f2760bc46bd6a1ad80,1791424971,0,,,,,0,0
c262d22f58d64995f386f001,1791424971,0,,,,,0,0
c263b3adaca6b758865c8436,1791424971,0,,,,,0,0
c2663c7aa5ff2a1a9c884626,1791424971,0,,,,,0,0
c2666264a2c0921ecfd371ce,1791424971,0,,,,,0,0
c268c7bb109c674b5a4c7511,1791424971,0,,,,,0,0
c275bd6772e5fea1407446e2,1791511133,0,,,,,0,0
c2793a000bd58fb55a174f43,1791424971,0,,,,,0,0
c27cd4825f2c861c5148464e,1791424971,0,,,,,0,0
c27ebb33fe10f17a03c2e428,1791424971,1,0001104659-26-111420,8.01,1790630727,0.5,0,1
c28d487bcc886c90b7ce415a,1791424971,0,,,,,0,0
c28eb91a27b26066e1ce2e41,1791424971,0,,,,,0,0
c29189e703b8eae9187fd334,1791424971,0,,,,,0,0
c29561880846df8881c7c31b,1791424971,0,,,,,0,0
c2971fd353938017bf11d618,1791424971,0,,,,,0,0
c29a0a8bb58168d4c4aed11e,1791424971,0,,,,,0,0
c2a163dc49c9681458225a19,1791424971,0,,,,,0,0
c2a7cfdaa6d971c8ade8a927,1791424971,0,,,,,0,0
c2ab739d7d8d570af5250477,1791424971,0,,,,,0,0
c2ae1c40a1b8e4a43cfc8425,1791424971,0,,,,,0,0
c2b04b3d131b68e7f853f9b0,1791424971,0,,,,,0,0
c2b1a895e2dd8488de985d74,1791511133,0,,,,,0,0
c2b3a1f7eb45476e6f24aa10,1791511133,0,,,,,0,0
c2b582e9c6537b707eb2ddfa,1791424971,0,,,,,0,0
c2b775ade07dd866bf22a30b,1791424971,0,,,,,0,0
c2bcdcfc8cd8f59cf7224325,1791424971,0,,,,,0,0
c2c2fee301d0f3a8f4d7fae3,1791424971,0,,,,,0,0
c2c3faa27eae8a142138187e,1791424971,0,,,,,0,0
c2d33a5c45bdc365b519ead5,1791424971,0,,,,,0,0
c2dac8a9684743ca41395166,1791424971,0,,,,,0,0
c2dd467992226cc5512b3e35,1791424971,0,,,,,0,0
c2dd46947fe6cb9f95f044a2,1791424971,0,,,,,0,0
c2de9452b4bc9f9225af3cd2,1791511133,0,,,,,0,0
c2eda882b777973dd0f07875,1791511133,0,,,,,0,0
c2f2672aeff2493b36db0905,1791424971,0,,,,,0,0
c2f6197a56c140355da8c02d,1791424971,0,,,,,0,0
c2fbf559e93cb24d26232681,1791511133,0,,,,,0,0
c2fca736003536799a6183a2,1791511133,1,0001193125-26-415055,"1.01,1.02,2.01,2.03,3.01,3.03,5.01,5.02,5.03,8.01,9.01",1791295387,1.0519444444444443,0,1
c2fd9f687fa514b72fcfdfa1,1791511133,0,,,,,0,0
c2fdc1640f2597220917416d,1791424971,0,,,,,0,0
c30515c76da71fa6835d16b7,1791511133,0,,,,,0,0
c3096a0f9a94be265090f316,1791424971,0,,,,,0,0
c309e3d0c502b709a659ae9d,1791424971,0,,,,,0,0
c31134323a42fc00cb7189dc,1791424971,0,,,,,0,0
c3113da635a897419bd228bf,1791424971,1,0000049196-26-000079,"8.01,9.01",1789761967,13.0,0,1
c3159c3fb8f8aa891dc4d240,1791511133,0,,,,,0,0
c31ada8ea0d2042d8c2f245c,1791424971,0,,,,,0,0
c31ba275172c2ae8f1d6855a,1791424971,0,,,,,0,0
c31e16255d6c84cc3efa7fd2,1791424971,0,,,,,0,0
c325f4712743e52b1ffaf757,1791424971,0,,,,,0,0
c32940006fb626815c595739,1791424971,0,,,,,0,0
c32aa22b8af337bfdb2012e6,1791424971,0,,,,,0,0
c32c02b6d319571d1b560a4b,1791424971,0,,,,,0,0
c33091018da7f7abf4097150,1791424971,0,,,,,0,0
c33244cccdb275315e995d1b,1791424971,0,,,,,0,0
c3356e7a7c0e93c6e4a9af9d,1791511133,0,,,,,0,0
c33ae828c258879c9cb81135,1791424971,0,,,,,0,0
c345e12e72cb8f562337c3cf,1791424971,0,,,,,0,0
c346953234c5c0a9a8298345,1791424971,0,,,,,0,0
c3499f596c0466086184c9d8,1791511133,0,,,,,0,0
c34ecc7d1c5995ffe2df3320,1791424971,0,,,,,0,0
c3526392ff64771d89538e5f,1791424971,0,,,,,0,0
c355f7c050599551bda2111b,1791424971,0,,,,,0,0
c35786de1d3ee679f3200e55,1791424971,0,,,,,0,0
c3608aa50e99bc6cc7581cf6,1791424971,0,,,,,0,0
c367afa65a056e0606dc40ca,1791424971,0,,,,,0,0
c36fa16dcf448ecaccc49fc4,1791424971,0,,,,,0,0
c373696455204e3259f843a7,1791427778,0,,,,,0,0
c3762b2b347041e864c7f606,1791424971,0,,,,,0,0
c37845b56d4f4571a89b236a,1791424971,0,,,,,0,0
c37f3bdc25f455a4894d790b,1791424971,0,,,,,0,0
c38023c0038534399f33fbd2,1791424971,0,,,,,0,0
c38234461ae2f7f02cffd69d,1791424971,0,,,,,0,0
c389e077afdb0593cbad2f07,1791424971,0,,,,,0,0
c38c1875cc4121610aefb889,1791424971,0,,,,,0,0
c38c8a9927e1bc731bdf9874,1791424971,0,,,,,0,0
c38f7ace170d6206a391fd46,1791424971,0,,,,,0,0
c39a191c392a72eb7ef56165,1791424971,0,,,,,0,0
c39c27d892dd4447666c24a0,1791424971,0,,,,,0,0
c39dbab5aa7b1067890c8ef7,1791511133,0,,,,,0,0
c3a3a97e64a0800d627870cb,1791511133,0,,,,,0,0
c3aeb8a04acdf4212d949eb4,1791424971,0,,,,,0,0
c3af11246c2d5e99a4c0fa2b,1791424971,0,,,,,0,0
c3b0ad7a214181731d5ff555,1791424971,0,,,,,0,0
c3b31b807b19ae220560e280,1791424971,0,,,,,0,0
c3b539223026cba849e61702,1791511133,0,,,,,0,0
c3bc892b0a906cb64ce867f4,1791424971,1,0000936340-26-000159,"7.01,9.01",1790626720,0.5,0,1
c3c0fd353323e307396c9ae0,1791424971,0,,,,,0,0
c3c392eac87198926ebc652f,1791511133,0,,,,,0,0
c3c41f5059ed9d71e15ef2de,1791511133,0,,,,,0,0
c3c56c28df1d6d6138817d30,1791511133,0,,,,,0,0
c3c61ab5c1cdccee37a52096,1791424971,0,,,,,0,0
c3c9ebe5093b337a7a5f9a19,1791424971,0,,,,,0,0
c3cad70cea38f6f8605c8be2,1791424971,0,,,,,0,0
c3cd8f326a008b5207558e95,1791424971,0,,,,,0,0
c3ce9a650ab92571ed83a201,1791424971,0,,,,,0,0
c3d08da6caab402b45925212,1791424971,1,0000065984-26-000312,8.01,1788382143,0.5,0,1
c3d5b89ca954d9489e1e65b9,1791424971,0,,,,,0,0
c3d95bc9e79d8f091a90e211,1791424971,0,,,,,0,0
c3de8d2c49d6f18411f1e963,1791424971,0,,,,,0,0
c3df8d553d2abc2c31bb72c8,1791424971,0,,,,,0,0
c3e12c462b5e3f1875dc06fd,1791424971,0,,,,,0,0
c3e2da98e6d4aa8172c89b0e,1791424971,0,,,,,0,0
c3e2e40188a097484109d19e,1791511133,0,,,,,0,0
c3e4a6c2da227fb956c12411,1791511133,0,,,,,0,0
c3e5a95aa5352a2a18051872,1791424971,0,,,,,0,0
c3f1d5aff3169b7aaf2d87e8,1791424971,0,,,,,0,0
c3f630f3ae21b43b4ae9717c,1791424971,0,,,,,0,0
c3f7d8288be08d03efd2c0d0,1791511133,0,,,,,0,0
c3fdf00cea9f1b060708c00c,1791511133,0,,,,,0,0
c40175abd6273ca87e3d8e67,1791424971,0,,,,,0,0
c408c7e40e48bc5124dccec3,1791424971,0,,,,,0,0
c40cc599c3a401b00b12a424,1791424971,0,,,,,0,0
c415a4d49d0fc06ab4836726,1791424971,0,,,,,0,0
c415c82b43578fbb497f328d,1791424971,0,,,,,0,0
c41ae27cdd11f1e5e5b05d6d,1791511133,0,,,,,0,0
c41be796f81cc1aff8aad794,1791511133,0,,,,,0,0
c424fde90c6526277d9638a1,1791424971,0,,,,,0,0
c428e10464e565e484678b22,1791424971,1,0001805526-26-000083,"8.01,9.01",1788268957,5.5,0,1
c429ab81f998b5e986d09531,1791424971,0,,,,,0,0
c42a5b328af74f1f8ee09c73,1791511133,0,,,,,0,0
c42ccd87557a3983bccd6403,1791511133,0,,,,,0,0
c430c981d59b262aef280623,1791424971,0,,,,,0,0
c440f29766c9efdca33e99d0,1791424971,0,,,,,0,0
c4432b6a1b3fd05486c4e5b5,1791424971,0,,,,,0,0
c44604119390f4d6d26b7941,1791424971,0,,,,,0,0
c447718256dca17c87860ac4,1791424971,0,,,,,0,0
c448bdd0b734223d64d19751,1791424971,0,,,,,0,0
c450a1bae6bddc09bd21ae2d,1791424971,0,,,,,0,0
c4539c3fd7b323c637d833b4,1791424971,0,,,,,0,0
c4573f09e8d407a55cc2ecc7,1791511133,0,,,,,0,0
c45b39dbfa76a4bb500077d9,1791424971,0,,,,,0,0
c45e0a409f8f61a139c36ad3,1791511133,0,,,,,0,0
c461ee44962385b2ffc68c25,1791424971,0,,,,,0,0
c4637701533252fd114703aa,1791511133,0,,,,,0,0
c4657ce84377e5fe4e1a6808,1791424971,0,,,,,0,0
c46c494ad7c3d7219f6d5649,1791424971,0,,,,,0,0
c46fbab167afdb44698a2bcf,1791511133,0,,,,,0,0
c46fded8e19ba8603f55c540,1791424971,0,,,,,0,0
c476b71e72e0d070ae105548,1791511133,0,,,,,0,0
c47c0d5351219e4eb3de1d2f,1791424971,0,,,,,0,0
c47e0c751e13d2fb7a3d897a,1791424971,1,0001397187-26-000126,"2.02,9.01",1788466079,0.5,1,0
c47e108c64c953b47d082592,1791511133,0,,,,,0,0
c480e77b905f4ccc01e9e201,1791511133,0,,,,,0,0
c483074d405dfd79a82fceb2,1791424971,0,,,,,0,0
c484ff4885c22deae05f7e0c,1791511133,0,,,,,0,0
c4897b14ac67ebb226fd0ccf,1791511133,0,,,,,0,0
c48e7a240ecd859b911fb433,1791424971,0,,,,,0,0
c48fe8b5117c566fba4a6a0f,1791424971,0,,,,,0,0
c493724e737ea8e30f33e783,1791424971,0,,,,,0,0
c497e42e6363d954988555d2,1791424971,0,,,,,0,0
c499d7fd913312d184ab2fa3,1791424971,0,,,,,0,0
c49ac7d28957cd7136119bde,1791424971,0,,,,,0,0
c49b0f8cab8bd902692a358d,1791424971,0,,,,,0,0
c49c2a87b35a202aee108f0e,1791424971,0,,,,,0,0
c49cff98062c55d38e7af878,1791424971,0,,,,,0,0
c49e44bcd6034d87c61823ac,1791424971,0,,,,,0,0
c4a3105679eb637c7449bf47,1791424971,0,,,,,0,0
c4a589209022a6c5aadcd0de,1791424971,0,,,,,0,0
c4a631ba7cf1d8f61332574e,1791511133,1,0001193125-26-415544,"2.02,9.01",1791317119,7.0,1,0
c4a80481a6ebdc7ed3044872,1791424971,0,,,,,0,0
c4ac1ef918dc8075252b5cf5,1791424971,0,,,,,0,0
c4b1f6ba98a9cf7b7bb67ff0,1791424971,0,,,,,0,0
c4b35de0b97f234420619373,1791424971,0,,,,,0,0
c4b3aa695c762ebd89b8c7f4,1791424971,1,0001476204-26-000048,"7.01,8.01,9.01",1790892713,0.5,0,1
c4bddd5d7bc6a9968cbffc97,1791424971,0,,,,,0,0
c4c2d3fd93a6ed9d67cad26d,1791424971,1,0001104659-26-112116,7.01,1790768626,7.0,0,1
c4c9bf372f0b7406357f0aec,1791424971,0,,,,,0,0
c4cac3f60dc1b79d32fc117b,1791424971,1,0001390777-26-000097,"5.03,9.01",1790108490,2.5,0,1
c4cbdfed321d037286ef04e3,1791424971,0,,,,,0,0
c4cf2f012649277c30760d6e,1791424971,0,,,,,0,0
c4d0d30b9ba29c5fcc25edb4,1791424971,0,,,,,0,0
c4d44a798a01b7e5a080bac1,1791511133,0,,,,,0,0
c4e097552c589a639deaaf94,1791424971,0,,,,,0,0
c4e1faa9c07a14bec8dc710e,1791424971,1,0001104659-26-111778,"7.01,9.01",1790699690,1.0805555555555555,0,1
c4e62a1e611f2738c43e0f83,1791424971,0,,,,,0,0
c4e8b820f0e5372cfc0b81ef,1791424971,1,0001476204-26-000048,"7.01,8.01,9.01",1790892713,7.0,0,1
c4eb5f97ab3764db33a5a268,1791424971,0,,,,,0,0
c4f336c93902f85cf26f1632,1791424971,0,,,,,0,0
c4f42c58918e465da4242244,1791511133,0,,,,,0,0
c4f7450b53f5dfef3d1cc5ec,1791424971,0,,,,,0,0
c4f8f265cd513062574a4051,1791424971,0,,,,,0,0
c4faa76961b269975416a813,1791424971,0,,,,,0,0
c50728cd9605da62f8b3a113,1791424971,0,,,,,0,0
c510cfe87e2bb8460359b9c2,1791511133,0,,,,,0,0
c5119dfb1474aa4186a02ac2,1791424971,1,0001628280-26-063850,"7.01,8.01,9.01",1790716525,13.0,0,1
c5126c2ecad795b9cf49abf0,1791424971,0,,,,,0,0
c514445bad6d79b389283f8e,1791424971,0,,,,,0,0
c516a8222cae7203f0a29755,1791424971,0,,,,,0,0
c51ae587bf6f26157064be9f,1791424971,0,,,,,0,0
c51be9482b355fc84fabae31,1791424971,0,,,,,0,0
c51c2bc2dec7ddb2e98767d7,1791424971,0,,,,,0,0
c51ded4bafc9ddb6f188668c,1791511133,0,,,,,0,0
c52497bc56d35df2e27a3f87,1791424971,0,,,,,0,0
c52bfc6d63e24cdb5c22754b,1791424971,0,,,,,0,0
c53165856232532ae41ea202,1791424971,0,,,,,0,0
c5340a7734e712121270070e,1791424971,0,,,,,0,0
c5374501d4b2365f9334875b,1791511133,0,,,,,0,0
c53b0f5eb94c5b064ae18e2c,1791424971,0,,,,,0,0
c53d29e830e528fc5d2951db,1791424971,0,,,,,0,0
c53dbc35a9391ad0d49b23fd,1791424971,0,,,,,0,0
c54847b9bdd46721e972ffac,1791424971,0,,,,,0,0
c548f1630b2af0aef2246ccf,1791424971,0,,,,,0,0
c5490d20fd135f74bbd1d4e3,1791511133,0,,,,,0,0
c54cefb12dbaf728f8385a3b,1791424971,0,,,,,0,0
c54cf964419b71cbb46dc0ea,1791424971,0,,,,,0,0
c54e682963ffab8bfa55f99c,1791424971,0,,,,,0,0
c54fcdceaae3604f1ffaea9c,1791424971,0,,,,,0,0
c5547c8cbb1d33fb63e48ab1,1791424971,0,,,,,0,0
c55975aa2957ec15d5bc9817,1791424971,1,0002071876-26-000219,1.01,1790371678,11.0,0,1
c55e15e5854c2206425eb0ab,1791424971,0,,,,,0,0
c5694ade1e84e38c23381109,1791424971,1,0001564708-26-000208,"8.01,9.01",1790208173,4.5,0,1
c569e8dbbe0f96f34d7083e1,1791424971,0,,,,,0,0
c56fa2a75146138720272389,1791424971,0,,,,,0,0
c5732157d5c38051fe15f6e2,1791424971,0,,,,,0,0
c5734696efe3518520707424,1791424971,0,,,,,0,0
c57c8faee12e34a663627958,1791424971,0,,,,,0,0
c588860bc4f4eaf8304010ff,1791424971,0,,,,,0,0
c5889459fa65d38f326f4df3,1791511133,0,,,,,0,0
c588fec3ad88ee535afd6195,1791424971,0,,,,,0,0
c58caa4b62ebe4e00265ec7b,1791424971,0,,,,,0,0
c59678cc63bc992e5c13ed41,1791424971,0,,,,,0,0
c599bd5f934ebedd82b2c8fb,1791424971,0,,,,,0,0
c59ba8222f26d2e4210153de,1791424971,0,,,,,0,0
c59d6ecf0f60e8b153e4c739,1791424971,0,,,,,0,0
c59e36758abbcd8317529ac6,1791424971,0,,,,,0,0
c5adce14af92650196a9e5b7,1791424971,0,,,,,0,0
c5b4896ab5ced83a0cb8d269,1791424971,0,,,,,0,0
c5b6e09399ad286bb4621123,1791424971,0,,,,,0,0
c5c0ef27aefc95c8f1c69e1d,1791424971,0,,,,,0,0
c5c390a81cda7dbe2dc6a238,1791424971,0,,,,,0,0
c5c8a1328f0a47702929de05,1791511133,0,,,,,0,0
c5d20a452be6d4569e504e8b,1791424971,1,0001104659-26-109755,"8.01,9.01",1790157698,1.5,0,1
c5da0110c0bb1079371e6d60,1791424971,0,,,,,0,0
c5da8bbd07949f367ed95676,1791511133,1,0001628280-26-065252,"5.02,9.01",1791319479,2.5,0,1
c5da9a49549631878470b9ad,1791424971,0,,,,,0,0
c5dee59ad75048450e4d4014,1791424971,0,,,,,0,0
c5e5e712fc4b995ccf7f048a,1791424971,0,,,,,0,0
c5e998b71bf2c22c358f2488,1791511133,0,,,,,0,0
c5eb678cd4ccc2171f1ab3a3,1791424971,0,,,,,0,0
c5ed357072f40e34294480c8,1791424971,0,,,,,0,0
c5f73adf200f5ba8fdd759fc,1791424971,0,,,,,0,0
c60848c625f43c1733010eba,1791424971,0,,,,,0,0
c6095b3d41cb0a6ea69c789d,1791424971,0,,,,,0,0
c60d1be816e0463b587e3056,1791424971,0,,,,,0,0
c610c7cb1e1c3b69bd606f10,1791424971,0,,,,,0,0
c612d27b4f9145e617ae60a0,1791424971,0,,,,,0,0
c614a51c041f9457afe1fc5e,1791511133,0,,,,,0,0
c614b7b3d0943aa53c5777c0,1791424971,0,,,,,0,0
c615a951fa8b1e43a9be28e8,1791424971,1,0001174922-26-000057,"7.01,9.01",1788206750,0.5,0,1
c61799e471dc8eee96a6ba67,1791424971,1,0001397187-26-000126,"2.02,9.01",1788466079,0.5,1,0
c61aa78725671a3bf1baf33b,1791424971,0,,,,,0,0
c61f13ceedd5d7b9c68aef99,1791424971,0,,,,,0,0
c6228fbabee698bcc6015b9c,1791424971,0,,,,,0,0
c6275a90ea9bcb5c21a1f845,1791424971,0,,,,,0,0
c628467548a7bcc3004c1f18,1791424971,1,0000703351-26-000032,"7.01,9.01",1789645790,0.5,0,1
c628e33f6c40ddefd248e20e,1791424971,0,,,,,0,0
c6304315cae63f989be391bb,1791424971,1,0001628280-26-062997,"5.02,9.01",1790098873,4.186944444444444,0,1
c63221090665b582075baf9b,1791511133,0,,,,,0,0
c63541543c07252af0098478,1791424971,0,,,,,0,0
c6366895bc860a76977135a7,1791424971,0,,,,,0,0
c636fc70891c0e603fd0f49f,1791424971,0,,,,,0,0
c63c046518fb41a290dcf48a,1791424971,0,,,,,0,0
c6431a4c26a30776e9b91a90,1791424971,0,,,,,0,0
c6435354c0a5f9d31825091e,1791424971,1,0001820144-26-000033,"2.01,3.02,7.01,9.01",1790802151,0.5,0,1
c64a64a999b8bb7c37523f35,1791511133,0,,,,,0,0
c64bf25e0d045af72ca0322b,1791511133,0,,,,,0,0
c654c180dc7230b7c187ad15,1791424971,0,,,,,0,0
c654f1c8f2fe74efd1583f38,1791424971,0,,,,,0,0
c657105afd62c397f153dfdf,1791511133,0,,,,,0,0
c66136cae0d533e355a27501,1791424971,0,,,,,0,0
c663a944f416c892d223602d,1791424971,0,,,,,0,0
c664a12e64eef4a28ad3c20d,1791424971,0,,,,,0,0
c664ad3f1e61d9ae42192b6f,1791424971,0,,,,,0,0
c66b78aa0dafd2570ed39295,1791424971,0,,,,,0,0
c66ce503b4f7c68a182ef2c1,1791424971,0,,,,,0,0
c66dba4133872ed51e06873a,1791424971,0,,,,,0,0
c66de3ae74f2d896c62da675,1791424971,0,,,,,0,0
c67adc1f3dede27b2db8cda5,1791424971,0,,,,,0,0
c6833e1285d63d0de4c028d2,1791424971,0,,,,,0,0
c685b9ffd08a11647f492066,1791424971,0,,,,,0,0
c686aed4a7f618f164d7d26d,1791424971,0,,,,,0,0
c689bf3edfc0c93ab678253d,1791424971,0,,,,,0,0
c68fd7da603ad1a7421d80d1,1791424971,0,,,,,0,0
c692d02f1dd116d5a664ee6c,1791424971,0,,,,,0,0
c695532212f1f1d9945063d4,1791424971,0,,,,,0,0
c69967820fa8e176eb748063,1791424971,0,,,,,0,0
c6a0f05e3ac61324219cddaf,1791424971,0,,,,,0,0
c6a7c12429497a398207925e,1791424971,0,,,,,0,0
c6ab06c69532056022f36a37,1791424971,0,,,,,0,0
c6ad05fbcfb39467277ab6d4,1791424971,0,,,,,0,0
c6aec986d5e63b7a2a43405a,1791511133,0,,,,,0,0
c6affe4dc9997ca183e2eacf,1791511133,0,,,,,0,0
c6ba69c58cf566d055906d71,1791424971,0,,,,,0,0
c6bdff883329c2bd66e6f117,1791424971,1,0001655888-26-000063,"2.02,9.01",1790885782,5.5,1,0
c6bf34b6986966eba23c9eab,1791424971,0,,,,,0,0
c6c9b75a3d461801f69710d4,1791511133,0,,,,,0,0
c6ca4c6cf4ef18e6f5b05d3b,1791424971,0,,,,,0,0
c6ce28c6bb4b4aad76cd5a3f,1791511133,1,0000753308-26-000074,"8.01,9.01",1791317739,5.5,0,1
c6d06ec5ffe396dc6e0b130a,1791424971,0,,,,,0,0
c6d0d5327e9da22ff9c1f614,1791424971,0,,,,,0,0
c6d27cd3a4b1459d2a38fa2c,1791424971,0,,,,,0,0
c6d5ecb0d5a037fa288f3256,1791424971,0,,,,,0,0
c6d6bfbd655e9b2d2cf2ea3d,1791424971,0,,,,,0,0
c6d791f6952253713a0eb1fb,1791424971,0,,,,,0,0
c6db0b34106da6043f505bb1,1791424971,1,0001628280-26-063850,"7.01,8.01,9.01",1790716525,12.0,0,1
c6e28f4b09e42466c66c7902,1791424971,0,,,,,0,0
c6e92a2844f8e4cb8a4c1939,1791511133,1,0000078890-26-000063,"8.01,9.01",1791453654,9.0,0,1
c6f0b81e36105692964bb7a5,1791424971,0,,,,,0,0
c6f7bc50896edead18b2afde,1791424971,0,,,,,0,0
c6fc67af4df0ddde805a8b8f,1791424971,0,,,,,0,0
c7004e8da2824ded0182dc6a,1791424971,0,,,,,0,0
c70af7c1f6b879ab43cf4577,1791424971,0,,,,,0,0
c70c56499f774101662bc478,1791424971,0,,,,,0,0
c70e5777c880fb2dd6e556f0,1791424971,0,,,,,0,0
c7120cbf35383b9ac2206737,1791424971,0,,,,,0,0
c717936de0c695b95647fc82,1791424971,0,,,,,0,0
c717faf7d3d7033fd6bcdb6a,1791424971,0,,,,,0,0
c7222de912091313c6aa9171,1791511133,0,,,,,0,0
c7296a3d3d31f259bc11e8cd,1791424971,0,,,,,0,0
c72b89afcdcacf6d197f811f,1791424971,0,,,,,0,0
c734c5ff4cc28d07e154bd02,1791424971,0,,,,,0,0
c749f393e6317e8cce91b569,1791424971,0,,,,,0,0
c74d0a46ae8ee68a5cbbc5ed,1791424971,0,,,,,0,0
c75546c89b909c31e3f81c64,1791424971,0,,,,,0,0
c75ac9fd50808995879936f0,1791511133,0,,,,,0,0
c75badad4d2f945fe74bf73f,1791511133,0,,,,,0,0
c75da74f88a9e730020107aa,1791424971,0,,,,,0,0
c75e74b0bd1a39ea8e5cc55f,1791424971,0,,,,,0,0
c7622447cd16451cf20be3a9,1791424971,0,,,,,0,0
c763d343bf04e3426496f9de,1791424971,0,,,,,0,0
c7641e7b51b1acba4b9eec42,1791424971,0,,,,,0,0
c76f9c5416056bb48fb53360,1791511133,0,,,,,0,0
c771b5888648bc42b7ddd187,1791424971,0,,,,,0,0
c77741648539142b32e6fdf0,1791424971,0,,,,,0,0
c7853276d4813ba272ff25f2,1791424971,0,,,,,0,0
c78744591c7095399b468853,1791424971,0,,,,,0,0
c787e98db3459dbd5c37c1fe,1791424971,0,,,,,0,0
c788603b86de2711c48b6edf,1791511133,1,0001679273-26-000051,"2.02,9.01",1791288121,0.5,1,1
c788672ed5bb95f5929a92d7,1791424971,0,,,,,0,0
c78a50ef8046e962d9492b65,1791424971,0,,,,,0,0
c79073a2c65e972a5f4b61a0,1791511133,0,,,,,0,0
c790e62320de8680cd2d4bc7,1791424971,0,,,,,0,0
c7937224364e3ca4d1c121d2,1791424971,1,0001628280-26-063618,"7.01,9.01",1790370258,11.0,0,1
c794405ae03f5b4b2ad04bd7,1791424971,0,,,,,0,0
c7a08bcc131f1b050bbb7a70,1791424971,0,,,,,0,0
c7a0eee7f71ca466ba91ae35,1791424971,0,,,,,0,0
c7a31b4c5e9aa1c2dce662ae,1791424971,0,,,,,0,0
c7a3d0cb8f4ec24fed7ad1cd,1791511133,0,,,,,0,0
c7a5ea5c085e446a6061dcf8,1791424971,0,,,,,0,0
c7aa7f1d792da618e0fbc453,1791424971,0,,,,,0,0
c7af3f8db42161510d3e9975,1791424971,1,0001104659-26-111917,"5.02,9.01",1790712114,0.5,1,1
c7b11eff765894c24bd262b5,1791424971,0,,,,,0,0
c7b2cc4e6bf30e242f0d304c,1791424971,0,,,,,0,0
c7b4773c46023c11dbbfb3bf,1791427778,0,,,,,0,0
c7b5bdec71df807782558aca,1791424971,0,,,,,0,0
c7b64dc973bc963a146f7d9a,1791424971,1,0000109198-26-000051,5.02,1789662111,2.8641666666666667,0,1
c7b697ee053622d1ed012583,1791424971,1,0001037976-26-000173,5.02,1790801155,0.5,0,1
c7b7976c9ff8259e9d25827f,1791424971,1,0000049196-26-000081,5.02,1790280322,0.5,0,1
c7b92727dad582fca1159c35,1791424971,0,,,,,0,0
c7c0a09509e4533acff3ee31,1791424971,0,,,,,0,0
c7c0df256f632a7c9db048dc,1791424971,0,,,,,0,0
c7ca7775f8045e97f2f9f792,1791424971,0,,,,,0,0
c7d55bad65284b43fae86e0f,1791424971,0,,,,,0,0
c7d59e27541691b5987d1e5e,1791424971,0,,,,,0,0
c7d61eb8092ac957233f4e7f,1791424971,0,,,,,0,0
c7df4802ff5fce3d2577b58f,1791511133,0,,,,,0,0
c7e2c21015e14876a7959bdf,1791424971,0,,,,,0,0
c7e5bb999bc63f23dd5f83b0,1791424971,0,,,,,0,0
c7e655497130d76df006301a,1791424971,0,,,,,0,0
c7e692778d0e72e50f757160,1791424971,0,,,,,0,0
c7f356dfeda58d03f76cfbc6,1791424971,0,,,,,0,0
c7f53730e6ca4dd87b480e0d,1791424971,0,,,,,0,0
c8026e63b0cb7e020769d581,1791424971,0,,,,,0,0
c805fccdc60a6b8d4f5cb000,1791424971,0,,,,,0,0
c813f2a0af8d4a97cad30f90,1791424971,0,,,,,0,0
c8164ff768f3dfa2a9512a19,1791511133,0,,,,,0,0
c81a04bba6e73d4fd169e9ca,1791424971,1,0000920148-26-000205,7.01,1790109818,1.5,0,1
c81b18e4415b418329dfa436,1791424971,0,,,,,0,0
c81dfe3159ef2faab1052df6,1791511133,0,,,,,0,0
c82e094ebe532eeed549df75,1791424971,1,0001104659-26-112565,"2.01,7.01,9.01",1790851889,0.5,0,1
c8335e4c54088457198c83de,1791424971,0,,,,,0,0
c834e3900157b8d1d2c43fed,1791424971,0,,,,,0,0
c8391a21eaffa907a2f809ef,1791424971,0,,,,,0,0
c83a01e9a553c43a759c6443,1791424971,0,,,,,0,0
c83f58cba73df6686880d3c2,1791424971,0,,,,,0,0
c8483bfb532093fa6b64bc8f,1791511133,0,,,,,0,0
c8492a0ed7641ec02ddaf075,1791424971,0,,,,,0,0
c84c0ecad2ff7f65e3ca0e5c,1791424971,0,,,,,0,0
c8541b0a9ab7f36313f396b9,1791424971,0,,,,,0,0
c870a54b892250832abab3c8,1791511133,0,,,,,0,0
c87490ffd328681278ab1277,1791424971,0,,,,,0,0
c878a2b602fabf11b876bb39,1791424971,0,,,,,0,0
c87984c3fbdfe963415f7d7a,1791424971,0,,,,,0,0
c87c3c6adf755268a177a352,1791424971,0,,,,,0,0
c881b0db0947ea4e80def178,1791424971,0,,,,,0,0
c887503e14a07729a0d106ef,1791511133,0,,,,,0,0
c887791d821246fe8ecda958,1791424971,0,,,,,0,0
c88bb22df6329802c9fdf05a,1791424971,0,,,,,0,0
c891d3ad1b3c8e205a2cc9cb,1791424971,0,,,,,0,0
c8965d2e2ea48c9244f612f7,1791511133,0,,,,,0,0
c89be8e73698d62a534ee6b3,1791424971,0,,,,,0,0
c89fec92fab6d2aa1dc7266c,1791424971,1,0001104659-26-102689,"5.02,7.01,9.01",1787914724,0.5,0,1
c8a3c52c2cef4447a4300b92,1791424971,0,,,,,0,0
c8a3d32cbbf5a91fbf8012d9,1791424971,0,,,,,0,0
c8a8e11ff87ea1804ae3032e,1791511133,0,,,,,0,0
c8a8e481714c27fdbf420284,1791424971,0,,,,,0,0
c8aab4dd971778db7e77aa25,1791424971,0,,,,,0,0
c8b295d107cc6467a7b23ac2,1791424971,0,,,,,0,0
c8b2bc51296800351924012d,1791424971,0,,,,,0,0
c8b43132b08ee5161e9efbd8,1791511133,0,,,,,0,0
c8b44f04afdbcef903a56542,1791424971,1,0000950142-26-002556,"8.01,9.01",1789590885,1.5,0,1
c8b600edd85e906a7481cc06,1791424971,0,,,,,0,0
c8b8230f11f5d4527e4572e2,1791424971,1,0000320187-26-000184,"2.02,2.05,9.01",1790885715,0.5,1,0
c8b8fe99eef43285f04c5c8c,1791424971,0,,,,,0,0
c8ba1cc358f479b3e77d8ee3,1791511133,0,,,,,0,0
c8bb432def14b45e70781972,1791424971,0,,,,,0,0
c8bb566c2f4859e2e4b8e588,1791424971,0,,,,,0,0
c8c14c9534136ccccfb8f32b,1791424971,0,,,,,0,0
c8c1bffbb4118ce369df3e33,1791424971,0,,,,,0,0
c8caf7ca46582a8415ad7e2a,1791424971,0,,,,,0,0
c8d1a22ce1dc6a1d1e5ae579,1791424971,0,,,,,0,0
c8d3bd095b849240a5d11c68,1791424971,0,,,,,0,0
c8d47b9a441eee05de00e6f6,1791424971,0,,,,,0,0
c8d8ae393e6b43abccad0677,1791424971,0,,,,,0,0
c8db277348b47c5b801b9a05,1791511133,0,,,,,0,0
c8def04eb4e3bd41bec44540,1791424971,0,,,,,0,0
c8e13bf53ebbe3af36906ae1,1791511133,0,,,,,0,0
c8e422afde197712c9e0df4a,1791424971,0,,,,,0,0
c8e52bb19413db485357b02c,1791424971,0,,,,,0,0
c8e66c00f87995a0f892b3eb,1791424971,0,,,,,0,0
c8eba5dae88125fd5c45c5e9,1791424971,0,,,,,0,0
c8facddf25bfdf48e965aa4d,1791427778,0,,,,,0,0
c8fd631d218e14bf4c852853,1791424971,0,,,,,0,0
c904a7d3e6441ca23c570a7c,1791424971,0,,,,,0,0
c9077709d957463203bd4c65,1791424971,0,,,,,0,0
c9088959e13915145915e6eb,1791424971,0,,,,,0,0
c909d3e5944547869e12f288,1791424971,0,,,,,0,0
c90d09696584fa002456ee00,1791424971,0,,,,,0,0
c90d1c07bc1fcd65c5ca8d75,1791424971,0,,,,,0,0
c90d94367000654726004152,1791424971,0,,,,,0,0
c90f43b3beff7558838e4205,1791424971,0,,,,,0,0
c918f56052836b28c506b1eb,1791424971,0,,,,,0,0
c91efabaef55024de7a433e5,1791424971,0,,,,,0,0
c91f1e510162ec37f58d5ba6,1791424971,0,,,,,0,0
c92e0b9908a10918837d051a,1791511133,0,,,,,0,0
c92f2ba8ae6b3e8b04745be9,1791424971,0,,,,,0,0
c92fcb0b0aabea63b29ca48b,1791424971,0,,,,,0,0
c9339b66f985e78527079141,1791424971,0,,,,,0,0
c933b1f4a5cba71575795903,1791424971,0,,,,,0,0
c93ee401c7d69cc8b58bcc10,1791424971,0,,,,,0,0
c943159f2ebfb0ef90ee2e6e,1791424971,0,,,,,0,0
c943ebc2273e2c9d4b0d51e9,1791424971,0,,,,,0,0
c94565af4853b6c4911adf36,1791424971,0,,,,,0,0
c94a4530b5e2299461d7959e,1791424971,0,,,,,0,0
c94b4334138e4420b4497fd9,1791424971,0,,,,,0,0
c94c04cc5784c1888617309d,1791424971,0,,,,,0,0
c94dd47473ce9eab44b8ac3e,1791424971,0,,,,,0,0
c956031773f41fbbfdc31afb,1791424971,0,,,,,0,0
c96625a68d4d59f4bd124003,1791424971,0,,,,,0,0
c967f828b582d845d93dedae,1791424971,0,,,,,0,0
c96d9b3bd700122f8488d25c,1791424971,0,,,,,0,0
c971424ee2c81ceaeb82282a,1791424971,0,,,,,0,0
c972d6e29728c7e02b4a3b8f,1791424971,0,,,,,0,0
c97634822a8d374470d04d9c,1791424971,0,,,,,0,0
c97cae355bad17f4dfcf70df,1791424971,0,,,,,0,0
c981182383f80ca36137a7fe,1791511133,0,,,,,0,0
c9898fb138f3d798667c5954,1791511133,0,,,,,0,0
c98a67b726a97b4a5e79961a,1791424971,0,,,,,0,0
c98cb7e0bee840cf5e902c5e,1791424971,0,,,,,0,0
c98f1e7d6afac27e7edfc5d0,1791424971,0,,,,,0,0
c9913fadfee6d72f3781062e,1791511133,0,,,,,0,0
c995f97723dca66191daa3cb,1791511133,0,,,,,0,0
c99feeec2e372074a7c1d15a,1791424971,0,,,,,0,0
c9af505cdf8d4746095a53d9,1791424971,0,,,,,0,0
c9af98c65682cb0f008c0e75,1791424971,1,0000895126-26-000053,"5.02,8.01",1789588876,1.5,0,1
c9b453fb32c7959d732353c7,1791424971,0,,,,,0,0
c9b47d554dbb27d39ba38a82,1791424971,0,,,,,0,0
c9ba5302fd4a8cdfe957e22f,1791424971,0,,,,,0,0
c9c27176fea088cd0cd6c434,1791424971,0,,,,,0,0
c9c4b3b725e67f54ace0576c,1791424971,0,,,,,0,0
c9c557f7910b896c24605a41,1791424971,0,,,,,0,0
c9ca93e6bd5905c474e96d6b,1791424971,1,0000920148-26-000205,7.01,1790109818,0.5,0,1
c9cfc1461cc0da65af4de8ca,1791424971,0,,,,,0,0
c9d2b1829d8e5966e7fbe068,1791424971,0,,,,,0,0
c9d3d12d8e13c638eb5e49d4,1791424971,0,,,,,0,0
c9d650abf19f91e904eb11fe,1791424971,0,,,,,0,0
c9e213da941eeb8094c6d1b6,1791424971,0,,,,,0,0
c9e25f2a2d3128559a207cba,1791424971,0,,,,,0,0
c9e2dd8a4166cf9691213525,1791424971,0,,,,,0,0
c9e2eadaa23b83a7cb707eb2,1791424971,0,,,,,0,0
c9e3ce0f177c727b6de2850b,1791424971,0,,,,,0,0
c9e47ef4a04809883bb8baf1,1791424971,0,,,,,0,0
c9e4bfd059340ede2e1191e3,1791424971,1,0001628280-26-065292,"2.05,2.06,9.01",1791374472,13.0,0,1
c9e5f37daed1c14daa4252b6,1791511133,0,,,,,0,0
c9e71a81323d97a0ade0c251,1791424971,0,,,,,0,0
c9e885f8cf6a168687961153,1791511133,0,,,,,0,0
c9ec02f67cee0154c9a2f091,1791511133,0,,,,,0,0
c9f2320e1de8c7ebf2082395,1791424971,0,,,,,0,0
c9f2df01912ab9ea057d7ff0,1791511133,0,,,,,0,0
c9f64edde4074394018ee0fd,1791511133,0,,,,,0,0
c9fa4523c190707977d43915,1791424971,0,,,,,0,0
c9faccc57561c51481935eed,1791424971,1,0001628280-26-061531,"8.01,9.01",1789156878,7.0,0,1
c9fd11d45c13290441f23117,1791424971,0,,,,,0,0
c9fd9632bcd69d4c5dc8c1a9,1791424971,0,,,,,0,0
ca008f1721b9d7e6b0835e73,1791424971,0,,,,,0,0
ca0441c5001f3701860ddd8e,1791424971,0,,,,,0,0
ca060b47a7f3d33f204075f3,1791424971,0,,,,,0,0
ca06af7be4d04d0b1513e050,1791424971,0,,,,,0,0
ca10c76a20caef36b21597ec,1791424971,0,,,,,0,0
ca145d39bd6615ac52c2a993,1791424971,0,,,,,0,0
ca1a8bc0c4812a1ce50a29e0,1791424971,0,,,,,0,0
ca1b510da97f6ec75c234c9d,1791424971,0,,,,,0,0
ca1e12f0f8ecdf4d2211dcea,1791424971,0,,,,,0,0
ca25f5fb429dac86dae88241,1791424971,0,,,,,0,0
ca28ba8987969e48cc6756ca,1791424971,0,,,,,0,0
ca2af4fc84546e90fbd16f75,1791424971,1,0001104659-26-107721,7.01,1789475450,5.5,0,1
ca32219e5768ba402746b6ce,1791511133,0,,,,,0,0
ca32e05bf1f898590b27dac3,1791424971,0,,,,,0,0
ca359a56116a907bb971785a,1791424971,0,,,,,0,0
ca38fe2bf64ce0b0a2afb17b,1791424971,0,,,,,0,0
ca3c7d757ba66cc4040f3830,1791424971,0,,,,,0,0
ca3ebeeafa2470c44a9db4e4,1791424971,1,0001506293-26-000136,5.02,1790975405,7.0,0,1
ca44d9efe91a243d97c8de5a,1791511133,0,,,,,0,0
ca4544da2b75286deec528e0,1791424971,0,,,,,0,0
ca4dd229e26a255de42980b9,1791424971,0,,,,,0,0
ca53659d6faf1e642b375de1,1791424971,0,,,,,0,0
ca5660be00c7b6f4d05509e0,1791424971,0,,,,,0,0
ca573297789c7db54d59d5da,1791424971,0,,,,,0,0
ca57e34da53539aa9676e011,1791424971,0,,,,,0,0
ca5bdef0e322a213903eec6b,1791424971,0,,,,,0,0
ca5c096ca0f2fab81fff4e5d,1791424971,0,,,,,0,0
ca5f9d9e907f2cf1b7c11b83,1791424971,0,,,,,0,0
ca62f70b2701bde967da8fcf,1791424971,0,,,,,0,0
ca6943154ca3e30640d23853,1791424971,0,,,,,0,0
ca69b2d2e2869f298bcf67e1,1791424971,0,,,,,0,0
ca72150a44b319c024ed52a0,1791424971,0,,,,,0,0
ca7b913c18c6f900915c1b67,1791424971,0,,,,,0,0
ca805aa0d7706dcf62f9ca2e,1791424971,0,,,,,0,0
ca81e9de8c0e3fa55671d78a,1791424971,0,,,,,0,0
ca85baa352dc3dd6dfec1c08,1791424971,0,,,,,0,0
ca8670bf40ba7124addb5598,1791424971,0,,,,,0,0
ca8cce6660e393cfa31c957d,1791424971,0,,,,,0,0
ca9532ebd05b675c89499ae7,1791424971,0,,,,,0,0
ca95a4793dde938e524b934a,1791424971,0,,,,,0,0
ca961fa505150747d2f76b41,1791511133,0,,,,,0,0
ca9adf9654b1eb77d5169be3,1791511133,0,,,,,0,0
ca9c22846f380e1e7a68498e,1791424971,0,,,,,0,0
ca9dcd1dd6817c0d968e7037,1791424971,0,,,,,0,0
caa147cfe796682ad3e88cb1,1791424971,0,,,,,0,0
caa4cb9ab9437d373cdd639d,1791511133,0,,,,,0,0
caac34e160ced3d511746edb,1791424971,0,,,,,0,0
caad21bc4cbfd9844ffbc642,1791424971,1,0000950142-26-002552,5.02,1789554637,2.5,0,1
caaea0165febc822f1844b83,1791424971,0,,,,,0,0
cab1584538ef808fc587fc93,1791424971,0,,,,,0,0
cab2cd4aab2e890f8dfcf30c,1791424971,0,,,,,0,0
cab3bbd0f88bde40646692bf,1791424971,0,,,,,0,0
cabb004a3d7c66181c87f390,1791424971,0,,,,,0,0
cabb31b2e8e890f6bad8b4cb,1791424971,0,,,,,0,0
cabfcdd74f0abc07f0a1fb9e,1791424971,0,,,,,0,0
cac508b0156f566462be6dc2,1791511133,0,,,,,0,0
cac6db52211ea4da87a19254,1791424971,0,,,,,0,0
cada6c159b69c38ee877f19c,1791424971,0,,,,,0,0
cadb8331d8fdc6a3b3a5fb64,1791424971,0,,,,,0,0
cae4534dbf5f540343bbe5c9,1791424971,0,,,,,0,0
caf33486341dba9755c115bb,1791424971,0,,,,,0,0
caf3b0b9920006d6a3d0b30e,1791424971,0,,,,,0,0
caf8849f1e95e461475015f9,1791424971,0,,,,,0,0
caf908aaa0f50160ad3c2cb0,1791424971,0,,,,,0,0
cafb435546229ea43203051f,1791424971,0,,,,,0,0
cafd22c3171812bd6fca070a,1791424971,0,,,,,0,0
cb034eb97dbcf23a3838945f,1791424971,0,,,,,0,0
cb05de11566cdcbd83d612ca,1791424971,0,,,,,0,0
cb093f59e57614f2577c7702,1791424971,0,,,,,0,0
cb0b61956e711b21ecb9a14e,1791424971,0,,,,,0,0
cb11d10ec40b0ad3ae85fdc4,1791424971,0,,,,,0,0
cb1c04e7f1c943eb8d50c15a,1791511133,0,,,,,0,0
cb22c7f4661a341478454d00,1791424971,0,,,,,0,0
cb25189e932f8ec8a102c932,1791424971,0,,,,,0,0
cb2ee4f2ed499754bf457121,1791424971,0,,,,,0,0
cb313e7bb30bd2e77792d838,1791511133,0,,,,,0,0
cb31e699e11a6711b62e1783,1791424971,0,,,,,0,0
cb3666b2b3fe5d76a344e6eb,1791424971,0,,,,,0,0
cb369f7f1b4fffa5bd028ebb,1791424971,0,,,,,0,0
cb3a74dbf0f34c951cee7f75,1791424971,0,,,,,0,0
cb3d734f0f4da159cf92fd98,1791424971,0,,,,,0,0
cb43e593b2a527274a5e91a3,1791424971,0,,,,,0,0
cb45c9a79b5a604b51f570ca,1791424971,0,,,,,0,0
cb4b9d031a84982e80af3fdb,1791424971,0,,,,,0,0
cb4c19303d899c3095444bb0,1791424971,0,,,,,0,0
cb4e513c76e6881c9c941237,1791511133,0,,,,,0,0
cb4e61c5d30189f0a1aba906,1791424971,0,,,,,0,0
cb5a04a3e3663deed5ae914d,1791424971,0,,,,,0,0
cb5c7c1c078d61b8b5cc83ef,1791424971,0,,,,,0,0
cb606113bf2ee67dbeb57289,1791424971,0,,,,,0,0
cb635734edb005a1e3da05c7,1791424971,0,,,,,0,0
cb64d6b91ca3b129e432a6a5,1791511133,0,,,,,0,0
cb6558574860b24ba52be412,1791424971,0,,,,,0,0
cb693d9594e27e6d599b3d1b,1791511133,0,,,,,0,0
cb6a1fe512fb586d9aa9f87f,1791424971,0,,,,,0,0
cb72ee5940806771ae95d49b,1791424971,0,,,,,0,0
cb75c8721f10aa38a7a667a7,1791511133,0,,,,,0,0
cb7a627d513b973366ae4d5b,1791424971,0,,,,,0,0
cb7acebf44dc37fcca4b4f88,1791424971,0,,,,,0,0
cb7d89aacf0e02aa543a3c2c,1791424971,0,,,,,0,0
cb84d3419e67973d67dc09b1,1791424971,0,,,,,0,0
cb86c66416832a48d1435db5,1791424971,0,,,,,0,0
cb8ad238135aed4d0ee573f8,1791424971,0,,,,,0,0
cb8b95a9d7202be0cbd7c23d,1791511133,0,,,,,0,0
cb8f51ee40795c8851a64398,1791511133,0,,,,,0,0
cb90a1d60728867eb02ddf00,1791424971,0,,,,,0,0
cb91d37718dea3514c3e505d,1791424971,0,,,,,0,0
cb92d5b8184042599b1e855a,1791424971,0,,,,,0,0
cb9ccb1203cc7dd23da27b16,1791424971,0,,,,,0,0
cba2d1cf4cb1e6dbbf2a2d9e,1791424971,0,,,,,0,0
cbac9703ef569168d046010d,1791424971,0,,,,,0,0
cbad1520101a3ff0168b86df,1791424971,0,,,,,0,0
cbaf35c7290a545edcd91ef7,1791424971,0,,,,,0,0
cbb2b546bf2936ac4b6f8061,1791424971,0,,,,,0,0
cbb7e6c9bbc72073587f2605,1791511133,1,0001104659-26-114364,"1.01,2.03,9.01",1791404165,10.0,0,1
cbb8812c05e65f8569f51aee,1791424971,0,,,,,0,0
cbb9317d640e29973e178719,1791424971,0,,,,,0,0
cbba468e42b2f7bb6c5d786d,1791511133,0,,,,,0,0
cbbf4c1ae6a0c1f795f641df,1791424971,0,,,,,0,0
cbc33e1fdb68b7b36bfc11aa,1791424971,0,,,,,0,0
cbca74284807a3d2eded1e1d,1791424971,0,,,,,0,0
cbd347798be00d008c812879,1791424971,0,,,,,0,0
cbd5cfe9ac75d7764eea82aa,1791424971,0,,,,,0,0
cbd6b987670eba8891a8894a,1791424971,0,,,,,0,0
cbd8ae8f49f521ed9c783c17,1791424971,0,,,,,0,0
cbdb9a7408e8c5a5905e3ffe,1791511133,0,,,,,0,0
cbe0947996283771408433a0,1791511133,0,,,,,0,0
cbe5e02ab2f89d6053b9c34d,1791424971,0,,,,,0,0
cbf2d074f146637f047bf465,1791424971,0,,,,,0,0
cbf2fb1a9895ca2dafbfee03,1791424971,0,,,,,0,0
cbf31340b656bf7982dea113,1791424971,0,,,,,0,0
cbf720276dd3c28b13591b40,1791424971,0,,,,,0,0
cbfb7a14c800cca4a0ef3f2f,1791424971,0,,,,,0,0
cbfd06950b0e56b4a5a268bb,1791511133,0,,,,,0,0
cc000c18979c4caf646ea61b,1791424971,0,,,,,0,0
cc01fdddbba93b4bafa25208,1791424971,0,,,,,0,0
cc09d94bb3f6b2beb9e484c4,1791424971,0,,,,,0,0
cc144ae3c06d8c53fddc22c5,1791424971,0,,,,,0,0
cc1a48c72b9980c2090dc762,1791424971,0,,,,,0,0
cc1aff36f4d2a9a11cb4d09d,1791424971,0,,,,,0,0
cc1ca0bb5bb231245cd427aa,1791511133,0,,,,,0,0
cc1ce293ed233df8c65811b8,1791424971,0,,,,,0,0
cc1e8bf4e357a42bbe19d640,1791424971,0,,,,,0,0
cc2646c13c55506cc01fe979,1791511133,0,,,,,0,0
cc26b61c549cb0ed7d6f76a9,1791424971,0,,,,,0,0
cc297a1a363d86e5b2e53ed3,1791424971,0,,,,,0,0
cc2b8e7ba6aaa0b37d4e17c3,1791424971,0,,,,,0,0
cc2ee662493256f7a7116f47,1791511133,0,,,,,0,0
cc2f92d1680183acb9459cf5,1791424971,0,,,,,0,0
cc35c828b96dbafe767f9b52,1791424971,0,,,,,0,0
cc39815f642730a26ad90e6f,1791511133,0,,,,,0,0
cc3af702bc78a304abc8aac2,1791424971,0,,,,,0,0
cc40ec8aadb23d28719eaec5,1791511133,0,,,,,0,0
cc45549571f66eb331fdfacb,1791424971,0,,,,,0,0
cc45b3ec600189d83620a43e,1791424971,0,,,,,0,0
cc4b21fb88f8526c3ba480e5,1791424971,0,,,,,0,0
cc4b4ab6b0e60c959f8efc00,1791424971,0,,,,,0,0
cc54cf51a8fe59de2392c0a0,1791424971,0,,,,,0,0
cc55825ac82f041120f9b3fa,1791424971,0,,,,,0,0
cc5811c2cb17d07e3ab6d7f1,1791424971,0,,,,,0,0
cc5ac3145c8def81249ee73c,1791511133,0,,,,,0,0
cc5bf97e1a2ac890103b3e5e,1791424971,0,,,,,0,0
cc5ef2a8348aca96e45e34bb,1791424971,1,0000072971-26-000308,5.02,1790196189,12.0,0,1
cc5f2cf5cf3fbf6a265b0c09,1791424971,0,,,,,0,0
cc5fed5fe19f1939a45c4862,1791424971,0,,,,,0,0
cc64400103faabbb9c49e9ab,1791424971,0,,,,,0,0
cc6f99c4d0ce39ea691a53b6,1791424971,0,,,,,0,0
cc7140067774575b1aee4a0c,1791511133,0,,,,,0,0
cc7d55065842c1db7f4e2d01,1791424971,1,0001943896-26-000055,"2.02,5.02,9.01",1787861179,0.5,1,0
cc7e2bfcb9ac719d9bee5334,1791424971,0,,,,,0,0
cc7f26c1defd97e6060da214,1791511133,0,,,,,0,0
cc82d06f2ee70e07ea192ea3,1791424971,0,,,,,0,0
cc8879f6d2b1784ffe19c18d,1791424971,0,,,,,0,0
cc8b6b042523fbbfa20519af,1791424971,0,,,,,0,0
cc8dff0df875f20bf10d2ded,1791424971,0,,,,,0,0
cc8e01369ce1cfe5baf335c4,1791424971,0,,,,,0,0
cc8f656c749e328062331af0,1791424971,0,,,,,0,0
cc8fbb9f667abe54e7c39dba,1791424971,0,,,,,0,0
cc939ff26bb9f6851759c099,1791424971,0,,,,,0,0
cc99aa5c88521824b2baee29,1791424971,0,,,,,0,0
cc9aaa0efdc214683f0f1ce7,1791424971,0,,,,,0,0
ccad3afb83d11ed8d2eb065e,1791424971,0,,,,,0,0
ccade30f0ad4eede6232915e,1791424971,0,,,,,0,0
ccc797f6db0cd5100365a1bd,1791424971,0,,,,,0,0
cccbab281588db2857788ddd,1791511133,0,,,,,0,0
cccbaf1ebd7496be2311437e,1791424971,0,,,,,0,0
ccce2ed3b3b00f77e43cb679,1791424971,0,,,,,0,0
ccd3ce5c1f9b4d15376312f5,1791424971,0,,,,,0,0
cce1c84ac44de1c17b89fb34,1791424971,0,,,,,0,0
cce2fa175124b20ea3e02d46,1791511133,0,,,,,0,0
cce48eb4607618c9661472a2,1791424971,0,,,,,0,0
cce9f4a8caa27a9f5879f419,1791424971,0,,,,,0,0
ccfca946455563c733c50f17,1791424971,0,,,,,0,0
ccfec86078a73c5e7ac9f4ec,1791424971,0,,,,,0,0
cd005f7007f4e94db6c5b98c,1791424971,0,,,,,0,0
cd02cc79723bf08d9462c851,1791424971,0,,,,,0,0
cd051b83d2546b1446a8ff45,1791424971,0,,,,,0,0
cd0543892427dba7f582c548,1791511133,0,,,,,0,0
cd06c4e50a6a3ac37395bf19,1791424971,1,0001193125-26-357758,"2.01,3.01,3.03,5.01,5.02,5.03,9.01",1787222033,1.5,0,1
cd0852216aefb98ca2c84314,1791424971,0,,,,,0,0
cd0891d8fc9a44afd8119966,1791511133,0,,,,,0,0
cd0fc397164687261fde00d5,1791424971,0,,,,,0,0
cd0fdb197a916a5c302bfafd,1791424971,0,,,,,0,0
cd12de51eda2d7049926807f,1791424971,0,,,,,0,0
cd13479d10989d55aa545c1b,1791424971,0,,,,,0,0
cd1358661e4622fb28f9da02,1791424971,0,,,,,0,0
cd14a8ba29d209f02acbc13d,1791511133,0,,,,,0,0
cd14cdf386933147a65b73f4,1791424971,0,,,,,0,0
cd16ac4487a2ace5a5257568,1791424971,0,,,,,0,0
cd1f5bb669f4a81da10204c9,1791424971,0,,,,,0,0
cd265c3c8ef37fafd6afe550,1791511133,0,,,,,0,0
cd27b7f63a13c0294f2e0398,1791424971,0,,,,,0,0
cd2db7df5a4534471ee63e55,1791424971,1,0000950157-26-001058,"1.01,8.01",1790946977,8.0,0,1
cd2f43419a615407712df95b,1791424971,0,,,,,0,0
cd2fc585df7934572953416f,1791424971,0,,,,,0,0
cd3004ec5424211d1c512b11,1791424971,0,,,,,0,0
cd33ab1cbd90a6517ff2d172,1791424971,0,,,,,0,0
cd349e6817411256d79c9477,1791424971,0,,,,,0,0
cd3d2d481bb784a45946eeeb,1791511133,0,,,,,0,0
cd45521eb29070abae2a479d,1791424971,0,,,,,0,0
cd48a02d5880351272eaae95,1791424971,0,,,,,0,0
cd4e89b871208a11adf3d65c,1791424971,0,,,,,0,0
cd553b50ce3edf401ea80919,1791424971,0,,,,,0,0
cd581517dcdadc3ff59542f3,1791511133,0,,,,,0,0
cd5d219a584fe2047018d369,1791424971,0,,,,,0,0
cd5ddf7d01142918abc477ae,1791424971,0,,,,,0,0
cd6b052aa8bf62aa15c9e093,1791424971,0,,,,,0,0
cd73d5e296b1d7cc8bf1db00,1791511133,0,,,,,0,0
cd81a22a748f22bdb7097596,1791511133,0,,,,,0,0
cd82899ca2839038c613139d,1791511133,0,,,,,0,0
cd8358a15ffd9a07b1386d83,1791424971,0,,,,,0,0
cd8a473a3e9a30872a269a01,1791424971,0,,,,,0,0
cd9245686e851ca56d5f08db,1791424971,0,,,,,0,0
cd9acc770d24e00c0df6f243,1791424971,0,,,,,0,0
cd9cf752ec67681308e8899c,1791424971,0,,,,,0,0
cdb6dcd6841a4d3e5541cc28,1791424971,0,,,,,0,0
cdbd7cb1d83118bcd2f24954,1791424971,0,,,,,0,0
cdbfe8ba7ad1b9b5bc7e28cf,1791424971,0,,,,,0,0
cdc53d45b1db89c8735c5967,1791424971,0,,,,,0,0
cdc663fb042a5d38841bc126,1791424971,0,,,,,0,0
cdcbb8df9aaca397bc9ac3f8,1791424971,0,,,,,0,0
cdcc84377b08e87b0e7d9154,1791424971,1,0001493152-26-045603,8.01,1790976011,2.5,0,1
cdd6004feb717fe313f7fbc3,1791424971,0,,,,,0,0
cdd6290fefb1df995eca5d05,1791424971,0,,,,,0,0
cdd7fbaa0b03fa5245201fab,1791424971,0,,,,,0,0
cdd8ed1d3362f44e842ea5e7,1791424971,0,,,,,0,0
cdedb6f6fc6248c9c573b345,1791511133,0,,,,,0,0
cdee2d4055b01529fe259a13,1791424971,0,,,,,0,0
cdee33a98f609e2685b053ce,1791511133,0,,,,,0,0
cdee9305b2ab556c26028e65,1791424971,0,,,,,0,0
cdf1ecd156e6e7d5d86b7dd9,1791424971,1,0001728951-26-000064,"7.01,9.01",1789590971,5.5,0,1
cdf642cad310298992c9e47e,1791424971,0,,,,,0,0
cdf7389ea7fd7a64c35e118c,1791424971,0,,,,,0,0
cdffefd306966d14fb227576,1791424971,0,,,,,0,0
ce04824257437dcdde17655b,1791424971,0,,,,,0,0
ce05f914338837f15de7a535,1791424971,0,,,,,0,0
ce06cf36bb53ff1113855c26,1791424971,0,,,,,0,0
ce08c0c6c7b4cf7d2fa49578,1791424971,0,,,,,0,0
ce0a3be7f562a75eacb00507,1791424971,0,,,,,0,0
ce0acfcf899b345a55e92ee6,1791424971,0,,,,,0,0
ce0d4d7a35939187601c4e9d,1791424971,0,,,,,0,0
ce111e02988284f1a8bf9dd8,1791424971,0,,,,,0,0
ce11df84a6c75c3e1a605448,1791424971,0,,,,,0,0
ce15b95487e0e0f4949d054c,1791424971,0,,,,,0,0
ce1616d2d027e27b0a9f5b78,1791424971,0,,,,,0,0
ce1624fcc5b637cd797c87b7,1791424971,0,,,,,0,0
ce1bfd8827a1bef9852a5aa9,1791424971,0,,,,,0,0
ce1ec345e43312bebe166ff8,1791511133,0,,,,,0,0
ce1f1e1aa43b7202429bbc84,1791424971,0,,,,,0,0
ce24476c4ea534816b41359f,1791424971,0,,,,,0,0
ce26cfb398f4102d7aeff1da,1791424971,0,,,,,0,0
ce275d1ec395d651ec3bde5b,1791424971,0,,,,,0,0
ce2cf94aa9702a5d1f864960,1791424971,1,0001193125-26-401157,"7.01,8.01,9.01",1790284267,6.5,0,1
ce2d3ff8895e55e3a6ef5179,1791424971,0,,,,,0,0
ce2d7b782d6548d8b351acd1,1791424971,0,,,,,0,0
ce2eac6a28569db6cf892a0c,1791511133,0,,,,,0,0
ce2ebcbdd0aa037589f07523,1791424971,0,,,,,0,0
ce2f70f8afacbdf55bcc2c11,1791424971,0,,,,,0,0
ce337f76c568045f706f8398,1791424971,0,,,,,0,0
ce34e18882ed74f72c4bfa36,1791511133,0,,,,,0,0
ce3e2e6e4aa03b6b33a09288,1791424971,0,,,,,0,0
ce40038fa776b5da4de075a2,1791424971,0,,,,,0,0
ce482eb08cbfc113a5bde6df,1791511133,0,,,,,0,0
ce4c2c18402bbde2ff712115,1791511133,0,,,,,0,0
ce52af291ba84aefa1360a1a,1791424971,0,,,,,0,0
ce5c3e12db9e57692de587ed,1791424971,0,,,,,0,0
ce5f60fe6c2aceceea37db95,1791424971,0,,,,,0,0
ce6178e6a0c609922ce4018d,1791511133,0,,,,,0,0
ce6b74d58b3bc03c705af986,1791424971,0,,,,,0,0
ce6d2df090651be54409755a,1791424971,0,,,,,0,0
ce716cc0c34afdc14cfe16f9,1791424971,0,,,,,0,0
ce7c469d74501befe486419f,1791424971,0,,,,,0,0
ce7eccd6305ce4974f493afd,1791424971,0,,,,,0,0
ce864b8610808593d4ed0064,1791511133,0,,,,,0,0
ce8f6f850afb1821768f01d4,1791424971,0,,,,,0,0
cea226e10ea24c2ed947639f,1791424971,0,,,,,0,0
cea407b8b9701d5524a4f599,1791424971,0,,,,,0,0
ceb094fa7a4dc0564fb49427,1791511133,0,,,,,0,0
ceb0df039adbf63867bd0294,1791424971,0,,,,,0,0
ceb10dda9105ee1ea6b3a743,1791424971,0,,,,,0,0
ceb1a05fcfe9d37c0f535b11,1791424971,0,,,,,0,0
ceb223c309d6f74b27446578,1791424971,0,,,,,0,0
ceb5cf2746ab5d6344bca218,1791424971,0,,,,,0,0
ceb91cf27706a957e2cf7baf,1791424971,0,,,,,0,0
ceb952b9089ecbd8c1e5a575,1791424971,0,,,,,0,0
ceb9d0a3d8fdcc1609d70df1,1791424971,0,,,,,0,0
cebd58de8aa8d4d9e70ad669,1791511133,0,,,,,0,0
cec63f74030e00aa87a70934,1791424971,0,,,,,0,0
cec9f5accdfc9eb168adb03e,1791511133,0,,,,,0,0
cecea521911bda7a033f15cf,1791511133,0,,,,,0,0
cedadc54825365bd16a212f3,1791424971,0,,,,,0,0
cedb61f4731ec44e671680e6,1791424971,0,,,,,0,0
cedc3f53ed91de6f6a0385af,1791424971,0,,,,,0,0
cedd121bf7f5bc4b57a04805,1791424971,0,,,,,0,0
cee23e26c9c048684a3fdb1a,1791424971,0,,,,,0,0
cee442a0ad7c3865d28b3235,1791424971,0,,,,,0,0
cee4acfa665a94ba3d8c36f0,1791424971,0,,,,,0,0
cee9b05c02ff50b4c1ce5c2d,1791424971,0,,,,,0,0
ceeb06834ae34a8ee701f374,1791424971,0,,,,,0,0
ceedb441da53dcb2bdee94b2,1791511133,0,,,,,0,0
ceee083c0af70d71d94ddcf4,1791424971,0,,,,,0,0
ceef47a9cbde459526a9f31a,1791424971,0,,,,,0,0
cef47dcdfe22535c610331dc,1791424971,0,,,,,0,0
cef988b747b497c07c5add5a,1791424971,0,,,,,0,0
ceff9152f33e3941923eb04f,1791424971,0,,,,,0,0
cf07b9a29c728d3681388312,1791511133,1,0001104659-26-114220,9.01,1791378015,3.5,0,0
cf0b871c6574bbf675a9edd3,1791424971,0,,,,,0,0
cf141683ca8aafc36256d916,1791511133,0,,,,,0,0
cf159540f53d374d1b223a22,1791424971,0,,,,,0,0
cf1ad5408509f09194e92481,1791424971,0,,,,,0,0
cf1dfd5ae59cec811e81e486,1791424971,0,,,,,0,0
cf202d14460b5fc01269306c,1791424971,1,0001628280-26-062997,"5.02,9.01",1790098873,3.1869444444444444,0,1
cf2d5841f0005d5f067909cd,1791424971,0,,,,,0,0
cf2efaa2bab3943986c95280,1791424971,0,,,,,0,0
cf363d12800b650a40d35289,1791511133,0,,,,,0,0
cf3881260613624230631791,1791424971,1,0001043219-26-000070,"3.03,5.03,9.01",1790972129,6.5,0,1
cf3980ab55cd447a25da2cf4,1791424971,0,,,,,0,0
cf3a1f519a543e192a7ecd13,1791424971,0,,,,,0,0
cf434f671caae595c8697b18,1791424971,0,,,,,0,0
cf446b382e0dfd48b9a365d1,1791424971,1,0000320187-26-000184,"2.02,2.05,9.01",1790885715,0.5,1,0
cf4641b3deb20937e107449f,1791424971,0,,,,,0,0
cf476549a8823ba1098d573f,1791424971,0,,,,,0,0
cf53fc519cda48ce20c9d01a,1791511133,0,,,,,0,0
cf552dc99e778251ea9d2209,1791424971,0,,,,,0,0
cf59aeb670fc1f2562384921,1791424971,0,,,,,0,0
cf5c6b7a61b371412797160c,1791511133,0,,,,,0,0
cf603560c19ed4b223d9387e,1791424971,0,,,,,0,0
cf67910adc61e3ade5b54f76,1791424971,0,,,,,0,0
cf6b98f99b0e295610d472d9,1791424971,0,,,,,0,0
cf720e99701d7c81e40081c7,1791511133,0,,,,,0,0
cf749febfea236b5cbadd103,1791424971,0,,,,,0,0
cf75dcc5b199b2d21d160d29,1791424971,0,,,,,0,0
cf780d63556e7bf08761eb03,1791424971,0,,,,,0,0
cf7ab32c815c590a37343524,1791424971,0,,,,,0,0
cf7c8afbf19bcffb7dd693fb,1791424971,0,,,,,0,0
cf7d285be32af3a1972e6c90,1791424971,1,0000910521-26-000026,5.07,1789505538,7.0,0,0
cf80fc97f2250ccfbf863fb5,1791424971,0,,,,,0,0
cf831ad4e340e0a77210728a,1791424971,0,,,,,0,0
cf87e2746ffdfa4a0969fa3f,1791424971,0,,,,,0,0
cf8f19cb8143ee9e9651c81b,1791511133,0,,,,,0,0
cf91fa70497828d903070d23,1791424971,0,,,,,0,0
cf94487839aa261367bbe022,1791511133,0,,,,,0,0
cf95254dcde2933bbaef5bb2,1791424971,0,,,,,0,0
cf971be5a83d3827be282dc1,1791424971,0,,,,,0,0
cf99d6f97fc4da08a49651bf,1791424971,0,,,,,0,0
cfa62e1a1b17809c7b6d2064,1791511133,0,,,,,0,0
cfa74e67cf1ffd87738c50d5,1791424971,0,,,,,0,0
cfab90f6a28544b32a8ef79c,1791424971,0,,,,,0,0
cfb1c0d363f184ea6efbb4a7,1791424971,0,,,,,0,0
cfbab6ed592d8b9fdaf00c76,1791511133,0,,,,,0,0
cfbc60d8406391def15e352d,1791424971,0,,,,,0,0
cfbd79611f03ca146a4d7036,1791424971,0,,,,,0,0
cfc841422dbcbedda3b86c28,1791511133,0,,,,,0,0
cfccc6c7a37e4085990f6e67,1791424971,0,,,,,0,0
cfd07482ccfb3f081c097010,1791424971,0,,,,,0,0
cfd1c6cb7776d6fc994a5b68,1791424971,0,,,,,0,0
cfd7721272a35f4ff15ea721,1791424971,0,,,,,0,0
cfdba86f2898f23fe4b669bf,1791424971,0,,,,,0,0
cfdbb13f847b8f9576e0f94c,1791424971,0,,,,,0,0
cfdc47f1507111dc4dd90961,1791424971,1,0001193125-26-377613,"7.01,9.01",1788265805,1.5,0,1
cfe2019def3ec535cfdfdb87,1791424971,0,,,,,0,0
cfe402b3022f677c92ac01c3,1791424971,0,,,,,0,0
cfe86c0837cf939118602607,1791424971,0,,,,,0,0
cfe9074edcd9746c5ba9ba9d,1791424971,0,,,,,0,0
cfefdb58c2fbc1f5bcb7b175,1791511133,0,,,,,0,0
cff368fd51f02ae16f8588f4,1791424971,0,,,,,0,0
cff4cfd1717e946fb1a73939,1791424971,0,,,,,0,0
cff60b9efd262ecd025abb7b,1791424971,0,,,,,0,0
cfff87108c00ac72f08d5b39,1791424971,0,,,,,0,0
d002bd6169008f1c3b7fb758,1791424971,1,0001193125-26-394533,"8.01,9.01",1789680066,7.0,0,1
d004be1d210e629ee490ef16,1791424971,0,,,,,0,0
d00715420d189864bc5db307,1791424971,1,0001628280-26-059262,"2.02,5.02,7.01,9.01",1787862154,0.5,1,0
d007b97356c1abae324f36cc,1791424971,0,,,,,0,0
d00838ea99727b855c03f14b,1791424971,0,,,,,0,0
d0097e920af322e61d0bbee4,1791424971,0,,,,,0,0
d00e334d766fbacff4c00349,1791424971,1,0000950157-26-000966,"1.01,2.03,9.01",1788208218,5.5,0,1
d00e65afd9e4d8cfb335ae51,1791424971,0,,,,,0,0
d00e777e9fc2e31c1ea097f0,1791424971,0,,,,,0,0
d010d811c67eafecfdb67209,1791424971,0,,,,,0,0
d0110c6f4252be320913751f,1791424971,0,,,,,0,0
d0167fc3d0e15303c49842ea,1791424971,0,,,,,0,0
d0197b46cbaab20e53ff9a9f,1791511133,0,,,,,0,0
d01d2addf6ee621a9dc49f59,1791424971,1,0001104659-26-112116,7.01,1790768626,6.5,0,1
d01ef9abb5215c13424dce7b,1791424971,0,,,,,0,0
d0285df655d51041f116b690,1791424971,0,,,,,0,0
d02d95be4e2cf47024537bbc,1791424971,0,,,,,0,0
d02e5b42e4812aa8bcb10255,1791424971,1,0001140361-26-034714,8.01,1787862521,13.0,0,1
d0371800ffc5721b1e333432,1791424971,0,,,,,0,0
d03757250b0c85e5f5a32865,1791424971,0,,,,,0,0
d03fbab124da040b39472076,1791424971,0,,,,,0,0
d041a883f8ec47532db6d64b,1791424971,0,,,,,0,0
d042a1268b4f68785c2b2151,1791424971,0,,,,,0,0
d0430f634e3d1318661b63b2,1791424971,0,,,,,0,0
d0481f8379bc54c3b3fe55f0,1791424971,0,,,,,0,0
d04b754765c6cf35c14efcd2,1791424971,0,,,,,0,0
d04b95b848cd4376d3ce4f58,1791511133,0,,,,,0,0
d04d67c66a9efd3065f82d01,1791424971,0,,,,,0,0
d0513c17275960d7558899f9,1791424971,0,,,,,0,0
d05142d192bdd6d7baa2226d,1791424971,0,,,,,0,0
d0529f670f21af1e9b29e2ad,1791424971,0,,,,,0,0
d0535568998d15b6b7eb2cc5,1791424971,0,,,,,0,0
d053d2c0091c20256f91fad2,1791424971,0,,,,,0,0
d0541724b8c16f7ae6651859,1791424971,0,,,,,0,0
d067375184da45679b9d91b4,1791424971,1,0001524472-26-000132,"1.01,1.02,2.03,9.01",1788911848,6.5,0,1
d06a01cc8434e29d3eeadbef,1791424971,0,,,,,0,0
d06b1f86711c666109b967f1,1791424971,0,,,,,0,0
d0750296ee6da5b17c2af312,1791511133,0,,,,,0,0
d078e52db9ee435cf2e832e9,1791511133,0,,,,,0,0
d079305ed3e4aa54f3065d68,1791424971,0,,,,,0,0
d07a46a10ece1b8f9501b011,1791424971,0,,,,,0,0
d07a4c3a6bc991e9f04714c1,1791424971,0,,,,,0,0
d07b14b60a8298706d9f37c2,1791424971,0,,,,,0,0
d07b62fdf158f74ccdb8badb,1791424971,0,,,,,0,0
d07bb79ae1d6f6b6dfdd050d,1791424971,1,0002071876-26-000221,1.01,1790371721,3.5,0,1
d07c51ac381ab35526a7bce2,1791511133,1,0001628280-26-065254,"7.01,9.01",1791319557,7.0,0,1
d07c8c73099ad5abcaefa8f8,1791424971,1,0001104659-26-112565,"2.01,7.01,9.01",1790851889,0.5,0,1
d07e5202f90ff12117ca4a94,1791511133,0,,,,,0,0
d0817f481d6c924f60217485,1791424971,0,,,,,0,0
d08ddbd96dc749254784a1fc,1791511133,0,,,,,0,0
d08e77680c3eaa5309eeab58,1791424971,0,,,,,0,0
d08f90ea96c8b9a1afc68d16,1791424971,0,,,,,0,0
d09739665d982cb33869feef,1791424971,0,,,,,0,0
d0986f233294042468039889,1791424971,0,,,,,0,0
d0a02ed126f4d47b51de7b36,1791424971,1,0001104659-26-109755,"8.01,9.01",1790157698,6.5,0,1
d0a8583d853202782778658c,1791424971,0,,,,,0,0
d0a99e9c26a4ca75b5a2d640,1791424971,0,,,,,0,0
d0b9cbbc71f5ac72a187e559,1791424971,1,0001628280-26-059385,"2.03,5.02,7.01,9.01",1787947431,11.0,0,1
d0bb052af8bb5220b27b418e,1791424971,0,,,,,0,0
d0bc24417f0deffe948a5871,1791424971,0,,,,,0,0
d0bfff8c37644237218b7a7f,1791424971,0,,,,,0,0
d0c5380f251b5210dad2ef93,1791424971,0,,,,,0,0
d0d0dbf9cf475c0d5da610a5,1791424971,0,,,,,0,0
d0d1874e27a0e081314cab55,1791424971,0,,,,,0,0
d0d57bc7d4d52ad628b1fd65,1791424971,0,,,,,0,0
d0d7cd9055960eda194a09e4,1791511133,0,,,,,0,0
d0dc17898d0cc89c931b828f,1791424971,1,0000950157-26-001058,"1.01,8.01",1790946977,1.5,0,1
d0dd4fa50dbaa993a11ff7af,1791424971,0,,,,,0,0
d0dd91206cc888796a78443d,1791424971,0,,,,,0,0
d0e2b3864ce09883babcd856,1791511133,0,,,,,0,0
d0e3a3f0989665d0ce9df91b,1791424971,0,,,,,0,0
d0e7122208df0b6ce64a411d,1791424971,0,,,,,0,0
d0e72fb0ecdd8404563ca413,1791424971,0,,,,,0,0
d0e73646594b5676769c44df,1791424971,0,,,,,0,0
d0e7dcd7a8ef0a9bf3eddbcb,1791424971,0,,,,,0,0
d0e8b05c8af0a94cf4b71f97,1791424971,0,,,,,0,0
d0e95874dfe8a8c1e23faff8,1791424971,0,,,,,0,0
d0ef39476a1ce2efea3c1dd6,1791424971,0,,,,,0,0
d0f01851e7b4ca01107f47dc,1791424971,0,,,,,0,0
d0f421ae300f5aa4133c67d4,1791424971,0,,,,,0,0
d0f7fb643327f0d3331adf50,1791424971,0,,,,,0,0
d0fb2bbb323b8dd40312cfbb,1791424971,0,,,,,0,0
d0fe987b4f47b955571231e7,1791424971,0,,,,,0,0
d1009676cf88cf25233872b7,1791424971,0,,,,,0,0
d101b947c243a3a3fc65f71a,1791511133,0,,,,,0,0
d10513cce0b1fd2b9df77ecc,1791424971,0,,,,,0,0
d10788dd9835f29cdf4419c3,1791424971,0,,,,,0,0
d11373fd7c20dc17a9536625,1791424971,0,,,,,0,0
d11b3dbe06fa2ee8d9d82791,1791424971,0,,,,,0,0
d11e3e35e352adb84a8a7a07,1791424971,0,,,,,0,0
d123de7d0f556508d06bd41d,1791424971,0,,,,,0,0
d124feec40d32cda1546aaab,1791424971,0,,,,,0,0
d1269527ba389df3349ffea5,1791424971,0,,,,,0,0
d1298c6beaed8025081f9dce,1791424971,0,,,,,0,0
d129e358228e574fe1d55d30,1791424971,0,,,,,0,0
d12c62279e8cf3ccbc0103df,1791424971,0,,,,,0,0
d12d91c17fcb6bb990321686,1791511133,0,,,,,0,0
d130aa335e4de15413ef3675,1791424971,0,,,,,0,0
d135cd0645ac71b1d95a50c9,1791424971,0,,,,,0,0
d13b7ec44263c0831a08ae60,1791511133,0,,,,,0,0
d13c57827fca4fb728c5f2ff,1791424971,0,,,,,0,0
d141bc78ea9492dac4904776,1791424971,0,,,,,0,0
d142735419d59cc90d428f8f,1791424971,0,,,,,0,0
d14976b20cbffb06d39af5d3,1791424971,1,0000730464-26-000055,"1.01,2.03,9.01",1790194502,7.0,0,1
d14a881232e12d57749f83d7,1791424971,0,,,,,0,0
d15189946310f5fda1ca5f81,1791424971,0,,,,,0,0
d1548200c88bce9eb296d82c,1791424971,0,,,,,0,0
d156fa4e83852cf3e29f3005,1791424971,0,,,,,0,0
d1595f0d73599a9d7c4f4a36,1791424971,0,,,,,0,0
d15d70ba977523f90554cfbc,1791424971,0,,,,,0,0
d15d9bcdcf35752636b35d6d,1791424971,0,,,,,0,0
d15fc6f19db0ba6fe1498d63,1791424971,0,,,,,0,0
d1630359cf862a24b50c8178,1791424971,0,,,,,0,0
d17013e03f66dd530681f258,1791424971,0,,,,,0,0
d17015b5f1bd1fc5b88b21e3,1791511133,0,,,,,0,0
d173806abc6431efe0244b47,1791511133,0,,,,,0,0
d17fcdc2924978cdbb00ce7f,1791424971,0,,,,,0,0
d1871fac3c2e6ee49aeac2ad,1791424971,0,,,,,0,0
d18a9ae2a340d27ded72eb21,1791424971,0,,,,,0,0
d18c7dfa86295a4f6501707c,1791424971,0,,,,,0,0
d18f3d891328b326a4bbc124,1791424971,0,,,,,0,0
d192c2012429d085036b5145,1791424971,0,,,,,0,0
d192dffb3c2fc9f6f1556e58,1791424971,0,,,,,0,0
d19c11830a7498ecaf36c36e,1791424971,0,,,,,0,0
d1a1bd9bd416dfe84b9e2950,1791424971,0,,,,,0,0
d1a4085172f22c46ca2bd79f,1791424971,0,,,,,0,0
d1ae578019e4d6f87f8a1254,1791424971,0,,,,,0,0
d1b927346289729e5d46b36e,1791424971,0,,,,,0,0
d1bcc4bc138d3343c39dfb7a,1791424971,0,,,,,0,0
d1c93b741e5dd9801df627ca,1791511133,0,,,,,0,0
d1ca1866aa2f64d4b8a4ec0b,1791424971,0,,,,,0,0
d1ca8c8ea46874e9da275cae,1791424971,0,,,,,0,0
d1cb12f78fe32f78dd28e510,1791424971,0,,,,,0,0
d1cdd41dab9e8a7739702046,1791424971,0,,,,,0,0
d1d1bffcd559402eef958def,1791424971,0,,,,,0,0
d1d7e263e2183133c3567405,1791511133,0,,,,,0,0
d1dd81cef26d48f1030a5e6b,1791424971,0,,,,,0,0
d1e11a67da9de54c1566a585,1791424971,0,,,,,0,0
d1e6915ca497e1c358b54b19,1791511133,0,,,,,0,0
d1e6e0d983bd66c80422ab92,1791424971,0,,,,,0,0
d1e928a41566235e1afe202b,1791424971,0,,,,,0,0
d1edaaf5e1b68d5c89dbf6b2,1791511133,0,,,,,0,0
d1ee4aa0443ef4aef5b861aa,1791424971,1,0002071876-26-000221,1.01,1790371721,12.0,0,1
d1f27e89aa4510aac58ed1f7,1791424971,0,,,,,0,0
d1f6bccbc0312c0437a45b48,1791424971,0,,,,,0,0
d1ff6aec810193211dbc0efb,1791424971,1,0002071876-26-000221,1.01,1790371721,6.5,0,1
d2062b6d222cd35f6e6c5a6e,1791424971,0,,,,,0,0
d20896d18980f86ee1dd09b0,1791424971,0,,,,,0,0
d209280f5d5c090dde2953fd,1791424971,0,,,,,0,0
d20be5a008368668ab391dc1,1791424971,0,,,,,0,0
d20c01792a8d9b56ea3dfb48,1791424971,0,,,,,0,0
d20c93b934d4bded7e39ae99,1791424971,0,,,,,0,0
d20cdb8ffcf683dafa9afc07,1791511133,0,,,,,0,0
d2125846be383be6deca1bb2,1791511133,0,,,,,0,0
d213d68a627b30691e8d3f82,1791424971,0,,,,,0,0
d21b7718e93ffec84acb0d44,1791424971,1,0001628280-26-063314,"2.02,9.01",1790247785,6.5,1,0
d21ce0b6676931fe8a0096aa,1791511133,0,,,,,0,0
d220c69fa695dfeb3a21cb0d,1791424971,0,,,,,0,0
d2248d59d69495f36e02b241,1791424971,0,,,,,0,0
d225ecd97047b08cf158111e,1791424971,0,,,,,0,0
d227140ccd99f69cf98aae6b,1791424971,0,,,,,0,0
d2277da2fa23de3010e3e511,1791424971,0,,,,,0,0
d22b8a968526c0ee8609ee92,1791424971,0,,,,,0,0
d22d7ad07fcc10a7207e00d3,1791424971,0,,,,,0,0
d22e7d32aaa119856076f85e,1791424971,0,,,,,0,0
d231c37ae29419618dc40829,1791424971,0,,,,,0,0
d2354f9b28aa9b13b8c11c76,1791511133,0,,,,,0,0
d236cc0e47827e8a62e1936d,1791424971,0,,,,,0,0
d23d51a58830a4609308bea4,1791424971,0,,,,,0,0
d24024ebb9b80f85de85ca93,1791424971,0,,,,,0,0
d243b67158b9a5cdb991c1a9,1791424971,0,,,,,0,0
d249aa2a9772866b9a70d48f,1791424971,0,,,,,0,0
d24b0a12ad2f452f19ac7b2d,1791424971,0,,,,,0,0
d25014aa8a36575063522c11,1791511133,0,,,,,0,0
d25bab404863d1a54fd53d73,1791424971,0,,,,,0,0
d25db95060fda24f4545a7b9,1791424971,0,,,,,0,0
d25dcd4b92d7c1953686582f,1791424971,0,,,,,0,0
d25e83266e27c6f15ba19861,1791424971,0,,,,,0,0
d2604a5c8d07d5b6d70f7764,1791424971,0,,,,,0,0
d2658233e092b03b3746ee88,1791424971,0,,,,,0,0
d266609cfe3649b009af9e4e,1791424971,0,,,,,0,0
d26726f2128ba064a9eaeeba,1791511133,0,,,,,0,0
d26bacf7a3d96c11105629ad,1791424971,0,,,,,0,0
d270948becbcc15bedab5da2,1791424971,0,,,,,0,0
d270b0d1a19f37f6c505eb91,1791424971,0,,,,,0,0
d277c66d038f95cc68975989,1791424971,0,,,,,0,0
d279653f334584f6eaf46d25,1791424971,1,0001583708-26-000052,"2.02,7.01,9.01",1787861315,2.5,1,0
d279d1a5e2a8922e0ff080cd,1791424971,0,,,,,0,0
d279ec242318d28e766624a1,1791424971,0,,,,,0,0
d27b341c8a7a5a52a4c33063,1791424971,0,,,,,0,0
d27ecfa74a003942a58f3937,1791424971,0,,,,,0,0
d280124566649c0349807fca,1791424971,0,,,,,0,0
d2866c04bbc22072ee689c8a,1791424971,0,,,,,0,0
d28a2147cfb0b1e3c8a2084c,1791424971,0,,,,,0,0
d28a404fba3d608466af2153,1791424971,0,,,,,0,0
d28c66a93d558563a8d94e2a,1791424971,0,,,,,0,0
d28de1afb95ade398a0d11a7,1791424971,1,0001193125-26-401093,"7.01,9.01",1790281848,1.5,0,1
d28e5442d17ad7d36ddcfb25,1791511133,0,,,,,0,0
d28f3eb6afaf633a0c39d7ea,1791424971,0,,,,,0,0
d29552c6c199c932023279ae,1791424971,1,0001562762-26-000117,"5.07,9.01",1790971212,0.5,0,0
d297efa38343a9fb2e1b7f56,1791424971,0,,,,,0,0
d29b53b77337b7c48e55d38f,1791424971,0,,,,,0,0
d29cf8a2fbdd1e9bf553da97,1791424971,0,,,,,0,0
d29e53995a3e3eda82fd90f3,1791424971,0,,,,,0,0
d2a03b359b3ddafbbc6d768f,1791424971,0,,,,,0,0
d2a3bb2254a819bef27f8955,1791424971,0,,,,,0,0
d2a3ca7cb1a105f0b48639a9,1791424971,0,,,,,0,0
d2a52cf88803554ea05cc6f6,1791424971,0,,,,,0,0
d2a5f6c2ea74d029d4ec97d4,1791424971,0,,,,,0,0
d2b03736b7eb42691da5b2bf,1791511133,0,,,,,0,0
d2b09270db2d91ebe0471226,1791424971,0,,,,,0,0
d2bbe9127576188d68a46271,1791511133,0,,,,,0,0
d2bca7088664bbb7be83884f,1791424971,0,,,,,0,0
d2c808161f10d0c6ccb6f52a,1791424971,0,,,,,0,0
d2c86f167117af1c585c876c,1791424971,0,,,,,0,0
d2d0d31ba36093d3cc5ff217,1791424971,0,,,,,0,0
d2d927212837e56ee690187d,1791424971,0,,,,,0,0
d2da4ee26cbef3b41847b948,1791424971,0,,,,,0,0
d2e42750076dbe0ddf44e58d,1791424971,0,,,,,0,0
d2e4da60249d09a4b4919098,1791424971,0,,,,,0,0
d2ec3d180b84eadaad04d697,1791424971,0,,,,,0,0
d2efc79bceb4bacdbd5abf26,1791424971,0,,,,,0,0
d2f15cd2c49599b71ef3c751,1791511133,0,,,,,0,0
d2f2d2f8b38a7fbcd63994c1,1791424971,0,,,,,0,0
d2f3d54a915ac26c038931e6,1791424971,0,,,,,0,0
d2f40ac66748e9d26ed61925,1791424971,0,,,,,0,0
d2f8ca6ece0ccf745a347fc7,1791424971,0,,,,,0,0
d2fa35d7f4f7769acf8e057d,1791424971,0,,,,,0,0
d3003afe95f4983da8244cbb,1791424971,0,,,,,0,0
d3019bd74096c0e0cce074c1,1791424971,0,,,,,0,0
d3060fef0c32dd02b50bd725,1791424971,0,,,,,0,0
d30ccb88481bf21e687a8bdb,1791424971,1,0002071876-26-000221,1.01,1790371721,6.5,0,1
d30eb333be9f8ec3e805e83f,1791424971,0,,,,,0,0
d3126e86482e9dd84fbb4a31,1791424971,0,,,,,0,0
d318ca0b2223b3d2dfb550f3,1791424971,0,,,,,0,0
d31b7acbde24d8024a5da71b,1791424971,0,,,,,0,0
d32a9100f7fca6e5f9519b83,1791424971,0,,,,,0,0
d32b71ee3d23b2f47d2d7e29,1791424971,0,,,,,0,0
d32c666bc436fd056b2616f0,1791424971,0,,,,,0,0
d32f9246cad1589d5f9fab74,1791424971,0,,,,,0,0
d3312dda63cb573b35d5483d,1791424971,0,,,,,0,0
d333633d604b4fed157cbb68,1791511133,0,,,,,0,0
d33bcedade378faeee5e9db8,1791424971,0,,,,,0,0
d342cedeb4da1020543625bc,1791424971,0,,,,,0,0
d343496606bec76c552c5f32,1791424971,0,,,,,0,0
d344f2c55eac39767aa80568,1791424971,0,,,,,0,0
d346956d476b8b23023bbdfb,1791424971,0,,,,,0,0
d34811f28b78ddbedf79571e,1791424971,0,,,,,0,0
d35083d7169b70fed178410d,1791424971,0,,,,,0,0
d356df5c9fdd7b93d3f2d893,1791424971,0,,,,,0,0
d360e06d10158f6603b01bf8,1791424971,0,,,,,0,0
d361550e57f651c0545e8e2e,1791424971,0,,,,,0,0
d3698a301542cd864ca144a2,1791511133,0,,,,,0,0
d36ba9394c554217f1284862,1791424971,0,,,,,0,0
d370115ebce538612bbb4c49,1791424971,1,0001193125-26-357758,"2.01,3.01,3.03,5.01,5.02,5.03,9.01",1787222033,5.5,0,1
d37107f7fa9ac00dd7bac422,1791424971,0,,,,,0,0
d37a2ce05ce9dc29040a5a6e,1791424971,0,,,,,0,0
d37a8539172e4509baad80d9,1791424971,0,,,,,0,0
d3861a12d967cc3592ed7f5b,1791424971,1,0000910521-26-000026,5.07,1789505538,13.0,0,0
d38845ede091c0b19ab5427e,1791424971,0,,,,,0,0
d38891ea698ef96e3d265648,1791424971,1,0001140361-26-038468,"1.01,2.03,9.01",1790986367,0.5,0,1
d39f1e357728baf35d39fe7c,1791424971,0,,,,,0,0
d3a30051b286517b007b91fe,1791424971,0,,,,,0,0
d3a4f12721e5dbf62e1b3d81,1791424971,0,,,,,0,0
d3a5838e3dd4ae8d30a54ad1,1791424971,0,,,,,0,0
d3a93bb02cb65f11780eb302,1791424971,0,,,,,0,0
d3aa56c5be4685456a3f13e1,1791424971,0,,,,,0,0
d3aa6286e8937f7275667ee2,1791424971,0,,,,,0,0
d3ab983d40d618f1f9e642e3,1791424971,0,,,,,0,0
d3b4d2d06360ba0a7a82f33c,1791424971,0,,,,,0,0
d3b53df45ad39a4b2f946c4f,1791511133,0,,,,,0,0
d3ba64381ef802a275ad7ca7,1791424971,0,,,,,0,0
d3bc72dc7bbbe1892a0d7f3c,1791424971,0,,,,,0,0
d3bf6908bbedb0bd57b8f3af,1791424971,0,,,,,0,0
d3bfc5262544219201a772f4,1791511133,0,,,,,0,0
d3c27d708b1b282c30a28d91,1791424971,0,,,,,0,0
d3c3724984f90c3982ed08b0,1791511133,0,,,,,0,0
d3c44ce1a8d3f4b3a6376f0b,1791424971,1,0001104659-26-111917,"5.02,9.01",1790712114,13.0,0,1
d3c7a6708a7de1b29dd02ce4,1791511133,0,,,,,0,0
d3cd11a1397b2e794ad60e64,1791424971,0,,,,,0,0
d3cd592f85b6950fcc58b373,1791424971,0,,,,,0,0
d3d26bad05de59ba3f618f2e,1791424971,0,,,,,0,0
d3d2e23f7cd8ce14413ac0aa,1791511133,0,,,,,0,0
d3d45f6013be80e14c87549f,1791511133,0,,,,,0,0
d3d4d944f01edc72246c60fb,1791424971,0,,,,,0,0
d3dc91a2e44f4579acb29da5,1791424971,1,0001193125-26-388709,"8.01,9.01",1789133105,0.5,0,1
d3dedfe9247c3ced1a33231d,1791511133,0,,,,,0,0
d3e01358c4dc9f57e8f923aa,1791424971,0,,,,,0,0
d3e02ccea26638d243d882cb,1791424971,0,,,,,0,0
d3e81ae7854b569d15b90df5,1791511133,0,,,,,0,0
d3e87a8edf9c9c40ae51a3a8,1791424971,1,0001077428-26-000063,5.02,1789588881,1.5,0,1
d3ec3989bf63c3214af79be4,1791424971,0,,,,,0,0
d3ed025b545cd028b64f7c9a,1791424971,1,0000109198-26-000051,5.02,1789662111,2.8641666666666667,0,1
d3edddc68106df41bf1c751f,1791424971,0,,,,,0,0
d3f19785980f292613d5e3ee,1791424971,0,,,,,0,0
d3f4b7072d37e9911665868e,1791424971,0,,,,,0,0
d3f4e5dc924f4f684e1f160e,1791511133,0,,,,,0,0
d3fea07c898b5ab95b1d7a16,1791511133,0,,,,,0,0
d3ffdc0c2e135a076ea7dea6,1791424971,0,,,,,0,0
d40f64880887cab820b8bea6,1791424971,0,,,,,0,0
d415772954706e6b1ce3bd54,1791424971,0,,,,,0,0
d416728c713b7c3919297051,1791424971,0,,,,,0,0
d417cb0fe4b4a1dd62a948ce,1791424971,0,,,,,0,0
d41c1c5addbfa1a236f42693,1791424971,0,,,,,0,0
d41d710c79ad9d8eab31417d,1791424971,0,,,,,0,0
d420046757d01982e3c77942,1791424971,0,,,,,0,0
d421a3e55527b71f65443cdb,1791424971,0,,,,,0,0
d42ba5b476706ea07195fc16,1791424971,1,0001335258-26-000041,"5.02,9.01",1790975142,8.0,0,1
d4314bdf50bd5023734c5646,1791424971,0,,,,,0,0
d432c61029bc2aa159b01ab5,1791424971,0,,,,,0,0
d43482890865d8c553c38f64,1791424971,0,,,,,0,0
d435fe27d768bd6a853cac88,1791424971,0,,,,,0,0
d437bebe339626a4b3490e43,1791424971,0,,,,,0,0
d43c0d28442df9c8d2ea0550,1791424971,0,,,,,0,0
d448ad389c8c25e336209327,1791424971,0,,,,,0,0
d448b77ebb0a94f888961a5c,1791511133,0,,,,,0,0
d44e19d81df798fc8ac970a7,1791511133,0,,,,,0,0
d4502c436b7664e43d8a440a,1791424971,1,0000109198-26-000051,5.02,1789662111,2.8641666666666667,0,1
d45a90c82818229b4a9a4962,1791424971,0,,,,,0,0
d4602704710dde346317c371,1791424971,0,,,,,0,0
d466ee8e89a09cec578dc084,1791424971,0,,,,,0,0
d46e2d83e1c8f8a85d65d2f5,1791424971,0,,,,,0,0
d46e93e5071dcee4b1224c4e,1791424971,0,,,,,0,0
d474f3f46207d9bc87c7a8aa,1791424971,0,,,,,0,0
d478aebcdc761b11d6c5510c,1791424971,0,,,,,0,0
d47914dbe3eaab961eb8c971,1791424971,0,,,,,0,0
d47ce42d4f1fdbf3a3bb32f7,1791424971,0,,,,,0,0
d47f5ccb166e33bb45d85dae,1791424971,0,,,,,0,0
d48213f6dd76d248029b10c5,1791424971,0,,,,,0,0
d4876bfcfa9bccf2a3a50773,1791424971,0,,,,,0,0
d4891e3078fa16a813a9f44d,1791424971,0,,,,,0,0
d48c557d14024958609c9b65,1791424971,0,,,,,0,0
d48f1ba1a1e2a5e86ea49531,1791511133,0,,,,,0,0
d48ff595a6dfb917ea7d33c0,1791424971,1,0001104659-26-108945,"3.01,7.01,9.01",1789762524,7.0,0,1
d4987a5f5cc2aedae6660ee8,1791511133,0,,,,,0,0
d49e569a486d5cbab4f338e3,1791424971,0,,,,,0,0
d49f226c2d4a34cd379bdb6b,1791424971,0,,,,,0,0
d4a446ec7488e4cbf70625a4,1791424971,0,,,,,0,0
d4a7278924027fd61e8da226,1791424971,0,,,,,0,0
d4b0c5801894b67d62cacbc8,1791424971,1,0001628280-26-063850,"7.01,8.01,9.01",1790716525,7.0,0,1
d4b23895bf5b39e9b0146586,1791424971,0,,,,,0,0
d4b272652575919e89abcc77,1791424971,0,,,,,0,0
d4b282acaee4c236c0268df3,1791424971,0,,,,,0,0
d4ba04ae1fc15eeb191390bb,1791424971,0,,,,,0,0
d4bc634924838e0d53322c54,1791424971,0,,,,,0,0
d4bce3420664993b2e8778b3,1791424971,0,,,,,0,0
d4bd49f536c5c0595ec6e423,1791424971,0,,,,,0,0
d4c313a653f7068414d06030,1791424971,0,,,,,0,0
d4ca915b307a445230178438,1791424971,0,,,,,0,0
d4cd41c27cc1ce2afaa05118,1791424971,0,,,,,0,0
d4d29c911843932b9e520a53,1791424971,0,,,,,0,0
d4d3b8a146de43201a7b70e6,1791424971,0,,,,,0,0
d4db86d1ae25261cdaa05554,1791424971,0,,,,,0,0
d4dfe6ec6ab4edecbc9c39a1,1791511133,0,,,,,0,0
d4e30fb9e7f111bf9e17f48b,1791424971,0,,,,,0,0
d4e4ea89717a6d1bd057dce9,1791424971,1,0001104659-26-107721,7.01,1789475450,2.5,0,1
d4e679ed40cd1913e241e493,1791424971,0,,,,,0,0
d4e7e528b8854643d6d1e30a,1791424971,0,,,,,0,0
d4e9b8e35cb14cbbf8adb0ef,1791424971,0,,,,,0,0
d4eb71905278c5872fc0a170,1791424971,0,,,,,0,0
d4ecc7c34d0e23153253ea1e,1791424971,0,,,,,0,0
d4edff651e33a18a8c6851e8,1791511133,0,,,,,0,0
d4eebf7592586e99e1f24610,1791511133,0,,,,,0,0
d4f07af425cdf46b4c7fab43,1791424971,0,,,,,0,0
d4f6536cd0aa37bd0783c539,1791424971,0,,,,,0,0
d4f964369391123ad802557f,1791424971,0,,,,,0,0
d4ffbea9d05500559bb619bf,1791511133,0,,,,,0,0
d504a6959a04783ad4ad6fc4,1791424971,0,,,,,0,0
d504acdde09b44c5c3d0f7b1,1791424971,0,,,,,0,0
d5066ec4537a0ad2a60e63fe,1791424971,1,0001177609-26-000023,"2.02,8.01,9.01",1788380221,0.5,1,0
d50777df506ce8d384d93bc6,1791424971,0,,,,,0,0
d5087df58ab211b9cedd560a,1791424971,1,0001562762-26-000111,"2.02,9.01",1790762847,0.5,1,0
d509222848eade626a67dce7,1791424971,0,,,,,0,0
d51b6f84f592407b3802f64d,1791424971,0,,,,,0,0
d51e752d70cceaf1f8cd5fb2,1791424971,0,,,,,0,0
d520de0102372d794ec0268c,1791424971,0,,,,,0,0
d5218a4357d3ae614f19a8f8,1791424971,0,,,,,0,0
d5233b3d810e863ed4cc575e,1791424971,0,,,,,0,0
d52a466c264ea9c195395095,1791424971,0,,,,,0,0
d534370be71df19d6175a4a7,1791424971,0,,,,,0,0
d534cbdbc5e9be43ce1162ba,1791424971,0,,,,,0,0
d53e9895f0316d5c8673b102,1791424971,0,,,,,0,0
d5496ea6809ecb4f0bb32e5a,1791424971,0,,,,,0,0
d54d675b5c3b327b65fc1684,1791511133,0,,,,,0,0
d5518022e5a105770876d233,1791424971,0,,,,,0,0
d551b674d5c58e44fb6766e3,1791424971,0,,,,,0,0
d5587d11de42e653d1c6eb19,1791424971,0,,,,,0,0
d55c11752e077ddfc1931243,1791424971,0,,,,,0,0
d55e3703c3f06cc7a71df031,1791424971,0,,,,,0,0
d55e843f77870d883aac0783,1791424971,1,0001428205-26-000111,"8.01,9.01",1790885992,6.5,0,1
d55f4e2ca388eb1d8d3a79d4,1791424971,0,,,,,0,0
d5656f3da91f9b1303451dd0,1791424971,0,,,,,0,0
d569dc07c03169cdc198b64a,1791424971,0,,,,,0,0
d56ab72eb606eacf5bbcec52,1791424971,0,,,,,0,0
d56c8db70bcbe942c5bd082d,1791511133,0,,,,,0,0
d56d20eec44aefb544212f1e,1791424971,0,,,,,0,0
d56ee8852cd8f6c31c6e0d51,1791424971,0,,,,,0,0
d56f8fc8f54ff8f95f7fe4ce,1791424971,0,,,,,0,0
d5723821629eff557d9f34ca,1791424971,0,,,,,0,0
d5779e9311fb3d933998a11e,1791424971,0,,,,,0,0
d583abeec6fc751b4c7758d8,1791424971,0,,,,,0,0
d58431ac3784674408f22c96,1791424971,0,,,,,0,0
d5869ed8af49f0a910508535,1791424971,0,,,,,0,0
d5904c6e29f7b1a02558738a,1791424971,0,,,,,0,0
d59760ae9c2b619d328415ef,1791424971,0,,,,,0,0
d597b44931eaa1f99df531c0,1791424971,0,,,,,0,0
d59bd432e7e6fc3536c92384,1791424971,0,,,,,0,0
d5a46ffdeb2339f416c6c2c7,1791424971,0,,,,,0,0
d5a50a53113dd4f805f1a556,1791424971,0,,,,,0,0
d5a8d29a4b2b1b8414947959,1791424971,0,,,,,0,0
d5a99005daac98db4bc83a6d,1791424971,1,0001628280-26-064413,"5.03,5.07,9.01",1790954717,3.421388888888889,0,1
d5ad31f80f38c851db41c942,1791511133,0,,,,,0,0
d5b942283c84a555bf5b169a,1791424971,0,,,,,0,0
d5bb91650b924b72e46b94d4,1791424971,0,,,,,0,0
d5bf83233ef244902f1eca20,1791424971,0,,,,,0,0
d5cae4d4b45b96db4f150d2c,1791424971,0,,,,,0,0
d5cd7db04bc6d6e3837ab6b7,1791424971,0,,,,,0,0
d5d1257583366e9a38529b5b,1791424971,0,,,,,0,0
d5d217a2f4b724c3564cddf5,1791424971,0,,,,,0,0
d5d5b566d7a7dfe2ef34ae72,1791424971,0,,,,,0,0
d5ddd56e9da1e96772cb4cdb,1791511133,0,,,,,0,0
d5e2dfd2e9da5371a27d8d2e,1791424971,0,,,,,0,0
d5e36bb3eaca7eb423ab125a,1791424971,1,0001676238-26-000039,"2.02,9.01",1788898025,6.5,1,0
d5e964862f4ba586b3063b3e,1791424971,0,,,,,0,0
d5eac2317e01c759957deeb2,1791424971,0,,,,,0,0
d5edc4f8901e571fef5c78ae,1791424971,0,,,,,0,0
d5f21a7b137752ee5545df12,1791424971,0,,,,,0,0
d5f8d5f19ccd570d071c6d7a,1791424971,0,,,,,0,0
d5fd581b598933cb3aef8057,1791424971,0,,,,,0,0
d6040768eaeb9fed6312529b,1791424971,0,,,,,0,0
d60e62f92d2839e86d4e1e93,1791424971,0,,,,,0,0
d60fbad1945e1cfef9b6b49f,1791424971,0,,,,,0,0
d6113d86a59878793096f9ea,1791424971,0,,,,,0,0
d613e996a14de4fa35f77d97,1791511133,0,,,,,0,0
d6158c12c321775a2340a8b3,1791424971,0,,,,,0,0
d622232d3086155428615568,1791424971,0,,,,,0,0
d622658ed5fec47cc0ce33e5,1791424971,0,,,,,0,0
d62b4d56abb98e1338817748,1791424971,0,,,,,0,0
d632d852bafe4230e1f58ef4,1791424971,0,,,,,0,0
d635c2ffaacaeb2737c45b0a,1791424971,0,,,,,0,0
d647cca060bb7f4611c5de53,1791424971,0,,,,,0,0
d64ac39018d3f10961edacb4,1791511133,0,,,,,0,0
d659003c605df56a4a3525f7,1791424971,1,0001628280-26-063850,"7.01,8.01,9.01",1790716525,13.0,0,1
d65db70f5b1281e6a6e17859,1791424971,0,,,,,0,0
d6616a271bca294df3a86715,1791424971,0,,,,,0,0
d66abc8bf8d0e8975375d446,1791424971,0,,,,,0,0
d670ec0ca4c500fc4a46b09a,1791511133,0,,,,,0,0
d679b4e004c48f9c141e4ee2,1791424971,0,,,,,0,0
d67b78cd43598b65b23d4639,1791424971,0,,,,,0,0
d67b813994809c916b45c3d5,1791511133,0,,,,,0,0
d67c364ba8b0bc3b32e2d4e8,1791424971,0,,,,,0,0
d67ce00969510bbb85bea1ca,1791511133,0,,,,,0,0
d680860a045f9b2efec53605,1791424971,0,,,,,0,0
d683a9ec4ab7e33922d343d8,1791511133,0,,,,,0,0
d68487139cff62c7dd49db2f,1791424971,0,,,,,0,0
d6854015a6ceb5cefdcb3c22,1791424971,0,,,,,0,0
d68a91ce81ba6b623b917875,1791511133,0,,,,,0,0
d68b80af73769890c19a9462,1791424971,0,,,,,0,0
d68cf91c16da499afe8f9c41,1791424971,0,,,,,0,0
d68dd22e90bdd0da7e338324,1791424971,0,,,,,0,0
d68f551f4ea5875bb51c72f9,1791424971,0,,,,,0,0
d691b99a4d56645a47a11179,1791424971,0,,,,,0,0
d698a53642307fde0562070e,1791424971,0,,,,,0,0
d69ba2bb587a9c34e50924fc,1791424971,0,,,,,0,0
d69c5fd3536f7110bde03c4f,1791424971,0,,,,,0,0
d69ea9d37c470b1add998f05,1791424971,0,,,,,0,0
d6a0884daa97ec07f7284ce6,1791424971,0,,,,,0,0
d6a2c8b96b671ba16ad9da6f,1791424971,0,,,,,0,0
d6ac85571e828b9fa3c3b7cf,1791424971,1,0001728951-26-000064,"7.01,9.01",1789590971,0.5,0,1
d6acefe013a6d5286dcbe7ef,1791424971,0,,,,,0,0
d6aec94447ead4dea41d829e,1791424971,0,,,,,0,0
d6b7507bb5328d08639cc31b,1791424971,0,,,,,0,0
d6b8f98d7f56b9f909e3c3a3,1791424971,0,,,,,0,0
d6bd0284b896b3d6a5d91563,1791424971,0,,,,,0,0
d6bf45f05a35425be7dd910b,1791424971,0,,,,,0,0
d6c623bde1368f6525686d0d,1791424971,0,,,,,0,0
d6cafe686e250d319b1be8ec,1791424971,0,,,,,0,0
d6cc988563ae525e5731333b,1791424971,0,,,,,0,0
d6d2aeb4ba6094579ca9dca3,1791511133,0,,,,,0,0
d6e01539fd794cde9b3ed9a4,1791424971,0,,,,,0,0
d6e0adb8cab55e201749fca5,1791424971,0,,,,,0,0
d6e134697235da07a0dab124,1791424971,0,,,,,0,0
d6e400f11e66907bc1c14d5b,1791424971,1,0001628280-26-063888,"2.02,5.03,9.01",1790766066,0.5,1,0
d6e631f0283cd2d2c7b954a6,1791424971,0,,,,,0,0
d6f50956395332fb4a7664fd,1791424971,0,,,,,0,0
d6f871b912e31db1efceac84,1791424971,0,,,,,0,0
d6fa1e0d64fb8bf1aa9903c2,1791424971,0,,,,,0,0
d6fc35e1392f38a112f8ef29,1791424971,0,,,,,0,0
d6fde4b80f224f8511311fdf,1791424971,0,,,,,0,0
d700545743ec912c26568566,1791424971,0,,,,,0,0
d702bfaccc015a65b97c5401,1791424971,0,,,,,0,0
d705979e16860d9800e99bc9,1791511133,0,,,,,0,0
d70610c00f46f1132417c567,1791424971,0,,,,,0,0
d708e1788744ac5100ee211c,1791424971,0,,,,,0,0
d70b306f9a48c02eb5671ce4,1791424971,0,,,,,0,0
d70c1ddc3a413cacff30459d,1791424971,0,,,,,0,0
d70fd2c58b98bccb0c7315db,1791424971,0,,,,,0,0
d7106b065c0ab1b2a78510db,1791424971,0,,,,,0,0
d710e2284a0e430a961caa3e,1791511133,0,,,,,0,0
d71a502c272f4918229e6d50,1791424971,0,,,,,0,0
d71ce44a255ad13647fc82c9,1791424971,1,0001043219-26-000070,"3.03,5.03,9.01",1790972129,12.0,0,1
d71e9b1f83f2bbe54fe4de09,1791424971,0,,,,,0,0
d72019ca3f56d83b0e10a807,1791424971,0,,,,,0,0
d72a69a73f6d10f3f517fe0b,1791511133,0,,,,,0,0
d72f96d9bd199539db2b92ba,1791424971,0,,,,,0,0
d7330ea7453378864479a0c5,1791424971,0,,,,,0,0
d73ebd6f8f1cd0822f111fae,1791511133,0,,,,,0,0
d741dc1e2251aa3dd10bc1e2,1791424971,0,,,,,0,0
d7445b1116594ee59199e615,1791424971,0,,,,,0,0
d7500c9b82fdaefae2b46c63,1791424971,0,,,,,0,0
d75628ac98338837afe7d78e,1791424971,0,,,,,0,0
d7596e199739e9d24a748fb9,1791424971,0,,,,,0,0
d75ab8151fd5b836c44fafcc,1791424971,0,,,,,0,0
d75d5815764b4ca8badc0914,1791511133,0,,,,,0,0
d7620d964227392482a73cc5,1791424971,0,,,,,0,0
d76c170933365217f4a1894c,1791511133,0,,,,,0,0
d7714071549363c15e9156b1,1791424971,0,,,,,0,0
d773de417788098e26d3df7e,1791424971,0,,,,,0,0
d779a4a9457de7399bcbaba4,1791424971,0,,,,,0,0
d77f1a7ea7ad0e96ebd7772f,1791424971,0,,,,,0,0
d785156ee561d76eca92b370,1791424971,0,,,,,0,0
d789855b18fb5214fb7bc0eb,1791511133,1,0001551152-26-000030,"2.02,9.01",1791230865,1.5,1,0
d78c91e05ce9f16264b71d10,1791424971,0,,,,,0,0
d78ec8ac013e15d32672f07a,1791424971,0,,,,,0,0
d78fa83e1310c963a4b63d67,1791424971,0,,,,,0,0
d78fefb5cd8e150b4a674496,1791424971,0,,,,,0,0
d7900268860752ef6f01a017,1791424971,0,,,,,0,0
d79630ef0ab7dadfc1d26c77,1791424971,0,,,,,0,0
d79cf5e4bb2f00dd817b3bd6,1791424971,0,,,,,0,0
d7b2bafa0826118c0446ad33,1791424971,0,,,,,0,0
d7b635900a239d000c8e214d,1791511133,0,,,,,0,0
d7b8ed85c1904c21452c6d23,1791424971,0,,,,,0,0
d7b9b84411a36dc9d66fb9a8,1791511133,0,,,,,0,0
d7baad7b4f2672afa89afd77,1791424971,0,,,,,0,0
d7beaa8b67b050b7779d8260,1791424971,0,,,,,0,0
d7c01914c1dc684d8f1d75e8,1791424971,0,,,,,0,0
d7c7307a4699183187cdc5f3,1791424971,0,,,,,0,0
d7c947111997b3b55fc9ba35,1791424971,0,,,,,0,0
d7cd097a603941575709f295,1791511133,0,,,,,0,0
d7d203fae51c0dc5709e7baf,1791424971,0,,,,,0,0
d7d71e848a4534a1155d3f7b,1791424971,0,,,,,0,0
d7d9538640f9f2d3f8175f6e,1791424971,0,,,,,0,0
d7d9af65188ee32f10e5cbc6,1791424971,0,,,,,0,0
d7d9d1376c36987959c55d34,1791424971,0,,,,,0,0
d7db797f17d3c03b91da340f,1791424971,0,,,,,0,0
d7dcb5cd41e2dede43188dc1,1791424971,0,,,,,0,0
d7e60f7e988a1c278e70ba56,1791424971,0,,,,,0,0
d7e7a48767afd790b337b138,1791424971,0,,,,,0,0
d7eb66b3a432af02c09ae6ba,1791511133,0,,,,,0,0
d7ef2950ef2212759b22e2fd,1791424971,0,,,,,0,0
d7efc918910ab516865b82af,1791424971,0,,,,,0,0
d7f09037b3c88fceeea47c95,1791424971,0,,,,,0,0
d7f0e5844ff785c0d4a35248,1791424971,0,,,,,0,0
d7f1ce00518f3b8042cf8739,1791424971,0,,,,,0,0
d7fa23219b558df8c2fffad3,1791424971,0,,,,,0,0
d7fc40a40fd09b660a863bde,1791511133,0,,,,,0,0
d80028042159aaa04a56eb28,1791424971,0,,,,,0,0
d8004e84988f92f5cbb9376a,1791424971,0,,,,,0,0
d800b161c094cf5d884885ee,1791424971,1,0000878927-26-000025,"7.01,9.01",1788442623,0.1175,0,1
d803b96f996c49345b937914,1791424971,0,,,,,0,0
d80902eb45c9ad936c0be2c6,1791424971,0,,,,,0,0
d809c4c31b709d85c03f329a,1791424971,0,,,,,0,0
d80c566cb8638c12dc612ee5,1791424971,0,,,,,0,0
d80deb32c9696bed898c6c53,1791424971,0,,,,,0,0
d80df4f0ad1806ea66fa8afe,1791424971,0,,,,,0,0
d80feaec156569edeadf7beb,1791424971,0,,,,,0,0
d81346406f8f69ecbe9a46c5,1791424971,0,,,,,0,0
d81e53c2a2495fabde8b0de9,1791424971,0,,,,,0,0
d82674c301928674d9486f45,1791424971,0,,,,,0,0
d828ea3966d34741e8ca6934,1791424971,0,,,,,0,0
d831b75cb89b4ee32e0fa657,1791424971,0,,,,,0,0
d83a954e0b861547b466e26e,1791424971,0,,,,,0,0
d8485d7842dc7ee4c0f41970,1791424971,0,,,,,0,0
d84f5af147d760bea27df321,1791424971,0,,,,,0,0
d853bda81f09424dcb28ffcc,1791511133,0,,,,,0,0
d8545190ee00d099ee17b865,1791424971,0,,,,,0,0
d8574cf02b790b85427ef1ed,1791424971,0,,,,,0,0
d85b865819d3fc5d32abffdd,1791424971,0,,,,,0,0
d85c8acb412cd8d8562ee000,1791424971,0,,,,,0,0
d85ce1231a2698239ca05fed,1791424971,1,0000063908-26-000076,"7.01,9.01",1790164881,13.0,0,1
d85de3a8d16f97d27c1d955f,1791424971,0,,,,,0,0
d85f737692f1c394c6c9611e,1791424971,0,,,,,0,0
d863b81e8c82a2daea55e348,1791424971,0,,,,,0,0
d86462e0c2b6b5ceb7c8f5de,1791511133,0,,,,,0,0
d866a4dbdb6a4e1925cae619,1791511133,0,,,,,0,0
d868691e803331855fb91717,1791424971,0,,,,,0,0
d86bce3c3c320dd874a74fee,1791424971,0,,,,,0,0
d8736c1288b2dbc6d864e67f,1791424971,0,,,,,0,0
d874b1c1db4d429edc49068c,1791424971,0,,,,,0,0
d8750fbe3e24f30009926d15,1791424971,0,,,,,0,0
d875901ea913bee6df9e776f,1791511133,0,,,,,0,0
d8767b7dbd42026ff1911ce7,1791424971,0,,,,,0,0
d879cc5429a3ebb249548282,1791511133,0,,,,,0,0
d87aa3fd9cb0b27cb6ff9858,1791424971,0,,,,,0,0
d87aab128465833274900f30,1791424971,0,,,,,0,0
d87dd58ad6dbd6d9e303a5d7,1791424971,0,,,,,0,0
d87deafdcae3b7a39a7ee214,1791424971,0,,,,,0,0
d882013a30dca8156b458e71,1791511133,0,,,,,0,0
d886ce5d66cc0d69498843de,1791424971,0,,,,,0,0
d886f558a300bfdf097d678d,1791424971,0,,,,,0,0
d888ab70a1fda257cdbfbe60,1791424971,0,,,,,0,0
d88bcb65cef99dc77b47185c,1791424971,0,,,,,0,0
d893ee616e451a1ab0ba09a7,1791424971,0,,,,,0,0
d894b616d0561b7cb2e305f8,1791511133,0,,,,,0,0
d8955dabef045ebe15099906,1791424971,0,,,,,0,0
d89990543e55749e0e71a6c3,1791424971,0,,,,,0,0
d89e1f71ceb4c33f7d38a5a2,1791424971,0,,,,,0,0
d8a2d58762d6a86db53fea36,1791511133,0,,,,,0,0
d8a4ba61d70bb98667c5edc9,1791511133,0,,,,,0,0
d8a4d9b01d94af38b2e0e46d,1791427778,0,,,,,0,0
d8afe7928e20e5dd20e27a23,1791424971,0,,,,,0,0
d8c270cbed56522d40e22b85,1791424971,0,,,,,0,0
d8c30684a14b93974f2bda04,1791511133,0,,,,,0,0
d8c76dec66d7b911ee945548,1791424971,0,,,,,0,0
d8c7cc0e92004cca5d0f1d89,1791424971,0,,,,,0,0
d8c8e3b655d888592d2fc437,1791424971,0,,,,,0,0
d8cd4278d115b3f51460370a,1791424971,0,,,,,0,0
d8ce8224f052b0c4f8f68f91,1791424971,0,,,,,0,0
d8d6c877324307e19951eeae,1791424971,0,,,,,0,0
d8d8bd2504cd3754e1a83dd3,1791424971,0,,,,,0,0
d8dec6c45402a7ccdfe52e61,1791424971,0,,,,,0,0
d8e396333c06dba999d6fabc,1791424971,0,,,,,0,0
d8e60ee1f9a559e7da91d5d8,1791424971,0,,,,,0,0
d8e636608cfe31b6dad00efa,1791424971,0,,,,,0,0
d8f8b7f25c9f319ff499be4d,1791424971,0,,,,,0,0
d8fa63c6f8599ee4ee131a9d,1791511133,0,,,,,0,0
d8faa4986547a8c6916b18e9,1791424971,0,,,,,0,0
d8fbc71bbaa99350876ee270,1791424971,0,,,,,0,0
d901dfc659997dd3fa1b1bde,1791424971,0,,,,,0,0
d903520cfd0f6928a688db57,1791424971,0,,,,,0,0
d9036338e234d4c1727bdebc,1791511133,0,,,,,0,0
d90389202dcea80ae0f56ffa,1791424971,0,,,,,0,0
d910a0cb4086bfc9c9ec5278,1791424971,0,,,,,0,0
d91b37e1428aff40e3d6af07,1791511133,0,,,,,0,0
d91fb1f1912251b2435e0d75,1791424971,0,,,,,0,0
d91fd866f71e7b85b02b1438,1791424971,0,,,,,0,0
d9216c951f612a0d4aa57c41,1791511133,0,,,,,0,0
d92b5963739d0f72086210c0,1791424971,0,,,,,0,0
d92bc4fd60e9c606e1a5d7c7,1791424971,0,,,,,0,0
d92c750c75f2c7bf41c2dc83,1791424971,0,,,,,0,0
d92e729c7264493a245260c1,1791424971,0,,,,,0,0
d940b425c398817b4ed38dc7,1791424971,0,,,,,0,0
d941d7eca906ab5d30296f64,1791424971,0,,,,,0,0
d9420a3a3493f1f50bc8adff,1791424971,0,,,,,0,0
d9473dda0ba8bbf42e179f8c,1791424971,0,,,,,0,0
d94743fc26c4445976f1cb56,1791424971,0,,,,,0,0
d94d0588531a618d16081ff3,1791424971,0,,,,,0,0
d94f058c7ed62f8e3b6b506a,1791424971,0,,,,,0,0
d94f43e8b70c651b7a9f118d,1791424971,0,,,,,0,0
d94f67245931a487020d2096,1791424971,0,,,,,0,0
d951c312cc4d44cc4588cc5f,1791424971,0,,,,,0,0
d954ff0d2deab7da122075c6,1791424971,0,,,,,0,0
d95d987a29585e0524c91725,1791424971,0,,,,,0,0
d96189bce7ba551af22b5bc4,1791424971,1,0000831259-26-000043,"2.02,7.01,9.01",1790944506,13.0,1,0
d963fac42e039b38593dd67c,1791424971,0,,,,,0,0
d966e1858bbb2bf02b4db412,1791424971,0,,,,,0,0
d9711b08c48aa03dddab41cd,1791511133,0,,,,,0,0
d971dc43047136ea58ca24c8,1791424971,0,,,,,0,0
d973026f9f6408b096bd1d71,1791424971,0,,,,,0,0
d9747727f0471e98882065dc,1791424971,0,,,,,0,0
d9789973a706626ad5a5e243,1791424971,0,,,,,0,0
d97940f40cd8ab50b6fbf212,1791424971,0,,,,,0,0
d97b7022a228511786af6543,1791511133,0,,,,,0,0
d981663fd2e355e1e2607ad7,1791424971,0,,,,,0,0
d9836b0460ff2754695b1c79,1791424971,0,,,,,0,0
d988c6744d1a8b53847a9094,1791424971,0,,,,,0,0
d98b1f5ad8ac7e3bcdbce0eb,1791424971,0,,,,,0,0
d98cb2816c00619839bcf4b0,1791424971,0,,,,,0,0
d994f327491a82bab36ccd84,1791511133,0,,,,,0,0
d99545f1ab4c20b459e32bde,1791511133,0,,,,,0,0
d9ad8e7699fb43c595c1954d,1791511133,0,,,,,0,0
d9b2e183f1cc7fa672d27876,1791424971,0,,,,,0,0
d9b33ef98f7dbcf62359e81d,1791424971,0,,,,,0,0
d9b3789ff5d85d00d255797e,1791424971,0,,,,,0,0
d9b71ce63b212aa46f3fba92,1791424971,0,,,,,0,0
d9b9ac2e7d7771d891dc8aad,1791511133,0,,,,,0,0
d9c5d00eee1991c7c1846f9e,1791511133,0,,,,,0,0
d9c7ab72297c91f1ec2256d1,1791424971,0,,,,,0,0
d9c8ea383d9ec9404f284ba3,1791424971,0,,,,,0,0
d9c9f0ac0c3e16c6e55a000e,1791424971,1,0001037976-26-000173,5.02,1790801155,0.5,0,1
d9cccae5475707b52b133b11,1791424971,0,,,,,0,0
d9ced8acf34137461921c0e8,1791424971,0,,,,,0,0
d9d66d71aae6be4506a6bb71,1791424971,0,,,,,0,0
d9d8c03246d0833e016281c3,1791424971,0,,,,,0,0
d9dc53832a6effda42187b8d,1791424971,0,,,,,0,0
d9dfd167b5f993bb23ab7430,1791511133,0,,,,,0,0
d9e08c2e581f0dfc3ba7678a,1791424971,0,,,,,0,0
d9e1fca9c5cec68ae995d983,1791424971,0,,,,,0,0
d9e3e8eb23adb101bd05382a,1791424971,0,,,,,0,0
d9e6d6d515a33bd9745a3bd0,1791424971,0,,,,,0,0
d9e6ddec66b6eba7f3bf7bf9,1791424971,0,,,,,0,0
d9e96f1d39cd208cb6a7c62a,1791511133,0,,,,,0,0
d9eb9110d0da3d764614a2f8,1791424971,0,,,,,0,0
d9ebc8b401ff69caedab04fe,1791424971,0,,,,,0,0
d9ef0e09f410145a73155c04,1791424971,0,,,,,0,0
d9f03f2e47afca23be4fc420,1791424971,0,,,,,0,0
d9f684aeea9797f175262e5d,1791511133,0,,,,,0,0
d9fc46845df21424a2d89315,1791424971,0,,,,,0,0
da01735cea96a72d4d1eb61f,1791511133,0,,,,,0,0
da053a70a77c2c7c85162b7e,1791424971,0,,,,,0,0
da07e9dab2bec0f6c609d8a9,1791511133,0,,,,,0,0
da0bbcc7dded5a4f5bb17d94,1791424971,0,,,,,0,0
da10c3177c30d412a2b65f81,1791511133,0,,,,,0,0
da16a053e6e4915f289028dd,1791424971,0,,,,,0,0
da16ce8741402df492143157,1791424971,0,,,,,0,0
da1acdf2595d7e5e6cbc5d8a,1791424971,0,,,,,0,0
da1baf0a0a2fa8481341f474,1791424971,1,0002071876-26-000221,1.01,1790371721,11.0,0,1
da1c257ab893f2cc3deaf343,1791511133,0,,,,,0,0
da29a815d16ce81fbd08e74d,1791424971,0,,,,,0,0
da2a7503632f5116b2d1d810,1791424971,0,,,,,0,0
da2c211532656e92e97f217d,1791424971,0,,,,,0,0
da36cd79d7dee9802026e7b8,1791424971,1,0001628280-26-064270,2.05,1790886171,6.5,0,1
da3d6907753d871f36d50761,1791424971,0,,,,,0,0
da483db74d75e759eebf5556,1791424971,0,,,,,0,0
da4b2373690724faafdf4797,1791424971,0,,,,,0,0
da4ea5d94bc131ca9d3b1075,1791424971,0,,,,,0,0
da51edcfe2992468bc69fed3,1791424971,0,,,,,0,0
da52b3329c4d0d458ea41a76,1791424971,0,,,,,0,0
da5c61241ecf9f33c2cf1ad9,1791424971,0,,,,,0,0
da5fc870a97353f4234034f4,1791424971,0,,,,,0,0
da6087e5742098c762c242b5,1791424971,0,,,,,0,0
da65c59d1736e9203012d691,1791424971,0,,,,,0,0
da67c8e5e266281900755544,1791424971,0,,,,,0,0
da681c9b30f393294d5644e5,1791424971,0,,,,,0,0
da6e0fe863256e9ab40c2f93,1791424971,0,,,,,0,0
da7244279fc84c16343255d0,1791424971,1,0001474098-26-000059,7.01,1789157740,0.5,0,1
da7782b55aea49e1fa7243f5,1791511133,0,,,,,0,0
da7b68228b9c443bd6e6174e,1791424971,1,0001193125-26-409787,"1.01,2.01,2.03,7.01,9.01",1790852398,0.5,0,1
da7e70bf4e03fab684e3e1ee,1791424971,0,,,,,0,0
da807a82317f94b2db543a7c,1791424971,0,,,,,0,0
da823b092497ffab51569db3,1791424971,0,,,,,0,0
da839aaa56501bc2b44bf09a,1791511133,0,,,,,0,0
da85abf1a1b80848282f703a,1791424971,0,,,,,0,0
da87628e6bdec5a3d2ff1f16,1791424971,0,,,,,0,0
da8d74fc7d43ad745dda56be,1791424971,0,,,,,0,0
da8f070936b7b591165f0f6c,1791424971,0,,,,,0,0
da99b46c233a0ed92b9c0f5e,1791424971,0,,,,,0,0
da9b9fe2373d66094b1ea006,1791424971,0,,,,,0,0
da9f4e186091410c15fd77ff,1791424971,0,,,,,0,0
daa570c184116e0fbbd37891,1791424971,0,,,,,0,0
daa5b8f885aec1c377b5f4cf,1791511133,0,,,,,0,0
daa8dcb999caf29492e1b4e2,1791424971,0,,,,,0,0
daabe9e39ca6cddfdad42d91,1791424971,0,,,,,0,0
daac06573ff16ec197c98a87,1791424971,0,,,,,0,0
daad7d79b0e68f39df4dbc56,1791424971,0,,,,,0,0
dab006624ef14ef2f769d1b3,1791511133,0,,,,,0,0
dab56990d22638c560cb5d94,1791424971,0,,,,,0,0
dab823c2587beceb58824288,1791424971,0,,,,,0,0
dac18dfdd59888cf3a5a1423,1791424971,0,,,,,0,0
dac9606727b41edaacca9a5c,1791424971,0,,,,,0,0
dace5e19b05e31de5e80ee27,1791424971,1,0000826675-26-000112,"3.03,5.03,8.01,9.01",1790712805,11.0,0,1
dad0044639d7ce5049b1cb17,1791424971,0,,,,,0,0
dad22b5a2f340c61729a7f8b,1791424971,0,,,,,0,0
dad36a8af86277e06823d9de,1791424971,0,,,,,0,0
dad65f9fa078cacd5ffa95da,1791424971,0,,,,,0,0
dad76ddc189c6c54fd50a6a7,1791511133,0,,,,,0,0
dad9178d1ff5516942d6b722,1791424971,0,,,,,0,0
dadea372fea28c5274d869ea,1791424971,0,,,,,0,0
dae6ff2310ca954bbca56f40,1791424971,0,,,,,0,0
dae82f18c85001a8a4ac35f5,1791424971,0,,,,,0,0
dae9e36aceb56b6f2f583bd9,1791424971,0,,,,,0,0
dae9fd469ffdcb46f582d0b2,1791424971,0,,,,,0,0
daeea6fcc47426d8ad65496c,1791424971,0,,,,,0,0
daf3696ed506ac3a351cf91b,1791424971,0,,,,,0,0
dafa474b428329ad4c777e03,1791511133,1,0001628280-26-065252,"5.02,9.01",1791319479,5.5,0,1
dafb5fdcc16bd3fc0e18832c,1791424971,0,,,,,0,0
dafee5694b67dc0ac267b458,1791424971,0,,,,,0,0
db0db672b1ea7aeda41bd824,1791511133,0,,,,,0,0
db0e566f03530bf96a283a59,1791424971,0,,,,,0,0
db119eaa7aabffff96a8d8cd,1791511133,0,,,,,0,0
db11ff03ba24b05ece1ab286,1791424971,0,,,,,0,0
db12ae12e163d5c12128b548,1791424971,0,,,,,0,0
db132f9e7bbdc9f39914e6e2,1791424971,1,0001193125-26-401157,"7.01,8.01,9.01",1790284267,6.5,0,1
db163b0b245a12d09212be04,1791424971,0,,,,,0,0
db1726486e68339aba009f7b,1791511133,0,,,,,0,0
db20efbb73042b12c6eaf195,1791424971,0,,,,,0,0
db21812e6052b363cd3ef17e,1791511133,0,,,,,0,0
db2207ec46dc8523725987b6,1791424971,0,,,,,0,0
db223afb710497072cd24e34,1791424971,0,,,,,0,0
db26021d9fee974c3a857a96,1791424971,0,,,,,0,0
db2933750d5f437720de8738,1791424971,0,,,,,0,0
db2b09e0996edab14348f77e,1791424971,0,,,,,0,0
db2f5f405813e18a07aacbf5,1791424971,0,,,,,0,0
db314ffd9b0fa7de42d9227f,1791511133,0,,,,,0,0
db38e01eaa8f99a598967194,1791424971,0,,,,,0,0
db3a88562031a8f3f6403227,1791424971,0,,,,,0,0
db454655ba5d78e0dd81b56e,1791424971,0,,,,,0,0
db464416c83720fcecf2e355,1791424971,0,,,,,0,0
db4b333e55f993f73e339a08,1791424971,0,,,,,0,0
db4f882a57866bfb0905e743,1791424971,0,,,,,0,0
db511ea5e0c84593d89bbca6,1791424971,0,,,,,0,0
db53fe1b44c8b9d42240be7a,1791424971,1,0001193125-26-386510,"2.02,9.01",1788985817,1.5,1,0
db5463bee9def213d66c1948,1791424971,0,,,,,0,0
db5ab1258906a504640eaa00,1791424971,0,,,,,0,0
db6462b4ded84a2d62f21865,1791511133,0,,,,,0,0
db65159523ddd13b13fa2a82,1791424971,0,,,,,0,0
db66540106c460282b905dcd,1791424971,0,,,,,0,0
db670030b59dfaf61a0417ca,1791424971,0,,,,,0,0
db686ac590eb634e03953b7a,1791424971,1,0001562762-26-000117,"5.07,9.01",1790971212,7.0,0,0
db68a4770ff02d3666f34ac1,1791424971,0,,,,,0,0
db6ca784ff40d52a5bc03198,1791424971,0,,,,,0,0
db711af0379e9bc849d8a253,1791511133,0,,,,,0,0
db721a6c544d2c8b6ea98789,1791424971,0,,,,,0,0
db76f1821d15411847967837,1791511133,0,,,,,0,0
db78789736ffcd5a162effa0,1791511133,0,,,,,0,0
db79faab9eb80bdc5fec76b8,1791511133,0,,,,,0,0
db7a1336cdb370c1b5859f2c,1791424971,1,0001104659-26-111777,"7.01,9.01",1790699628,6.5633333333333335,0,1
db852508d2ba49761e299f0c,1791424971,0,,,,,0,0
db8aa4eb9fc7c615ab1df634,1791424971,0,,,,,0,0
db8b5d21f6c5c977b0357046,1791424971,0,,,,,0,0
db902baceacab0e55c4fd6b6,1791424971,0,,,,,0,0
db9084b8dc02d3091246b2ab,1791424971,0,,,,,0,0
db970297bcefedd1d19ffcf8,1791511133,0,,,,,0,0
db999a14db43270508bfb40d,1791424971,0,,,,,0,0
db9a829f66da690611698d4a,1791424971,0,,,,,0,0
dba3fe3be430e1942dfcf6b2,1791424971,0,,,,,0,0
dba46154f971fc1b05179d55,1791424971,0,,,,,0,0
dba587aba52ce65617484b7e,1791424971,0,,,,,0,0
dbac54b881ca768b357abdcd,1791424971,0,,,,,0,0
dbb87ede25f3d6f9e8a576b4,1791424971,0,,,,,0,0
dbb9a374dfed9b8f18179b0f,1791424971,0,,,,,0,0
dbbaca35e27728f801073f86,1791424971,0,,,,,0,0
dbc1422507383ca4cc7c1397,1791424971,0,,,,,0,0
dbc3eedd3109cb143a2cfe63,1791424971,0,,,,,0,0
dbc42869e0bd91fefc1a2763,1791424971,0,,,,,0,0
dbc8f4417c4b5a1de2699fb8,1791424971,0,,,,,0,0
dbc91760f0556816d34251e7,1791511133,0,,,,,0,0
dbcbf2fc1eada7dd24b679d2,1791424971,1,0001043219-26-000070,"3.03,5.03,9.01",1790972129,13.0,0,1
dbccbaf450462d3e1209e474,1791424971,0,,,,,0,0
dbd234070a2f17be816a42ac,1791424971,0,,,,,0,0
dbdc1764d6bbf68b03ae34d6,1791424971,0,,,,,0,0
dbdd56d475fbc94f3c713536,1791424971,0,,,,,0,0
dbe07b7c0f4f86a92874f8cd,1791424971,0,,,,,0,0
dbe7883f668149f443531325,1791427778,0,,,,,0,0
dbea624cc0ed20332d360394,1791424971,0,,,,,0,0
dbeaf221fa2a4597217e185c,1791424971,0,,,,,0,0
dbefc5a1cc08f652065011fe,1791424971,0,,,,,0,0
dbf2ebbe846e611c70e82902,1791424971,0,,,,,0,0
dbfcf2782ee539ccfabf725d,1791424971,0,,,,,0,0
dbfeae50de9e77b1d222143f,1791424971,0,,,,,0,0
dc02d5216230ce52a4d64aaf,1791511133,0,,,,,0,0
dc085f5ac1897e04478c8ee1,1791424971,0,,,,,0,0
dc10e92968b17bdccc76ddde,1791424971,0,,,,,0,0
dc124976564c7bb0fe374b76,1791511133,0,,,,,0,0
dc1c08fa415bf0910f04aba5,1791424971,0,,,,,0,0
dc1e2ec14d99296dabad702b,1791424971,0,,,,,0,0
dc25208a490ea461a6e9d2f9,1791424971,0,,,,,0,0
dc2ebc3b3bb77bcf948c8941,1791424971,0,,,,,0,0
dc2f76f17808ba2037397492,1791424971,0,,,,,0,0
dc354df0de85aeee9fe25ffd,1791424971,0,,,,,0,0
dc3b09c6116dee81a80a0a0b,1791511133,0,,,,,0,0
dc409880395fb91b32a0cae3,1791424971,0,,,,,0,0
dc46787bbf0a3734374c65a1,1791424971,0,,,,,0,0
dc4c8d804f2da7e8460cb339,1791424971,0,,,,,0,0
dc4f1b11db528f31a2087530,1791424971,0,,,,,0,0
dc5b79660514b09daee06264,1791424971,0,,,,,0,0
dc60cea1fbd42899def35c77,1791424971,1,0001104659-26-111917,"5.02,9.01",1790712114,13.0,0,1
dc61cdc8f48cbdf65c08ddc9,1791424971,0,,,,,0,0
dc67a5c61ce31d4748e68f24,1791424971,0,,,,,0,0
dc698326d9db561ecbd7410f,1791424971,0,,,,,0,0
dc6b5d6a4e7bedcb7b701b13,1791424971,0,,,,,0,0
dc7276251b6eac667881a3f2,1791511133,1,0001628280-26-065385,"1.01,2.02,7.01,8.01,9.01",1791457703,9.0,1,0
dc7989ab86984ee199e68e95,1791424971,0,,,,,0,0
dc7f1140178ce0eb897e519a,1791511133,0,,,,,0,0
dc7ffb1aad5b568e3ed894b8,1791424971,0,,,,,0,0
dc800fa1feccb3794b5c8380,1791511133,0,,,,,0,0
dc8e5fc9c0025c206156319f,1791424971,0,,,,,0,0
dc92ec04db67f3b6fad6d3ae,1791424971,0,,,,,0,0
dc971401c909458e90a5137a,1791511133,0,,,,,0,0
dc9a814140971498d03d1a8a,1791424971,0,,,,,0,0
dc9b8eb8f8a98810ada23055,1791424971,0,,,,,0,0
dca210ceb3543d0d2adeaf62,1791424971,1,0001043219-26-000070,"3.03,5.03,9.01",1790972129,13.0,0,1
dca2f2a13b5b7a441538dce2,1791424971,0,,,,,0,0
dca7e6a7d2fb7f8911035c48,1791424971,0,,,,,0,0
dca9ddd62d658921584c8a31,1791424971,0,,,,,0,0
dcaa040feb53a3604dc75768,1791424971,0,,,,,0,0
dcab79f75abd2af6ad17925a,1791424971,1,0000014930-26-000115,"5.02,9.01",1790026888,0.5,0,1
dcb20e64da71c25b4cb65fe0,1791424971,0,,,,,0,0
dcb972a8164e8b9fcae07474,1791511133,0,,,,,0,0
dcbeb470163b7a749bef0d75,1791424971,0,,,,,0,0
dcc04f88db26a3db7c938917,1791424971,0,,,,,0,0
dcc32dbdd54caa83fc8728ac,1791424971,0,,,,,0,0
dcc3bb34e1d11c97e9adbc63,1791424971,0,,,,,0,0
dcc59e2f67831c6b800f7d0f,1791424971,0,,,,,0,0
dcc8dd4151f6c1edb3bc7902,1791424971,0,,,,,0,0
dccc3986a212fddf67a32c98,1791424971,0,,,,,0,0
dcdb338c4dc370c73845618e,1791511133,0,,,,,0,0
dcdf9d64e619b8b02ea16979,1791511133,0,,,,,0,0
dce6370437ef00e31857035a,1791424971,0,,,,,0,0
dceb5a87dc392cde465af42d,1791511133,0,,,,,0,0
dceeff76962fad6b8066b46e,1791424971,0,,,,,0,0
dcf31f49befeea062c695184,1791424971,0,,,,,0,0
dcf4e983298ca6c85e98eb62,1791424971,0,,,,,0,0
dcf5f3d1318659e660ca5221,1791424971,0,,,,,0,0
dcf70357afc98d3a18e651b0,1791424971,0,,,,,0,0
dcf9de5a9349f3380124e684,1791424971,0,,,,,0,0
dcf9e21093970148cdaf0cc1,1791424971,0,,,,,0,0
dcfc95d6378367b24be43063,1791424971,0,,,,,0,0
dcffc6ec58f74c8feb2409c1,1791511133,0,,,,,0,0
dd024be16be38e02bd04d295,1791424971,0,,,,,0,0
dd03120b6fa50a8d79d59695,1791424971,0,,,,,0,0
dd037efe794dc2d922cd7d9b,1791511133,0,,,,,0,0
dd094fd58e21be5f65e1d16e,1791424971,0,,,,,0,0
dd1b26614922d07104e8f9b6,1791424971,0,,,,,0,0
dd1c2f9e6f01a0943b20091b,1791424971,0,,,,,0,0
dd24a8737ea75c73012e7c06,1791424971,0,,,,,0,0
dd2ada3f0dc1fe8388793a86,1791424971,0,,,,,0,0
dd2cf1c6fbb62eb09f338c49,1791424971,1,0001728951-26-000064,"7.01,9.01",1789590971,1.5,0,1
dd2e5393bb41f4de5b20840e,1791424971,0,,,,,0,0
dd333b710bf0f380df39f9f5,1791424971,0,,,,,0,0
dd3818626ba4c175b2351452,1791511133,0,,,,,0,0
dd3ed4279df2e2dc649cebf4,1791424971,0,,,,,0,0
dd40234ef4d41ea937443949,1791424971,0,,,,,0,0
dd41fd1541031b0aa6b156a1,1791424971,0,,,,,0,0
dd435332bbde38fa5aa9ee3f,1791511133,0,,,,,0,0
dd46c01601bc6c9a33b65959,1791424971,0,,,,,0,0
dd48851d7de65c4fe39527fa,1791424971,0,,,,,0,0
dd4a16f0439105d970a60436,1791511133,0,,,,,0,0
dd4bf241aa30db19705846c8,1791424971,0,,,,,0,0
dd4c4cf25858159aca371207,1791424971,0,,,,,0,0
dd4d3c3a8b6b871df778cbf8,1791511133,0,,,,,0,0
dd512c2075bb07f154b4d215,1791424971,0,,,,,0,0
dd518dd09518937560b352a0,1791424971,0,,,,,0,0
dd55f834606e9182b2e5678d,1791424971,0,,,,,0,0
dd5bbe3fe9b02eea3d6de5e3,1791424971,0,,,,,0,0
dd5ee246964830505f96b42b,1791424971,0,,,,,0,0
dd69ed9a180851cf1a925f06,1791424971,0,,,,,0,0
dd6d712fdc83585a10c990ce,1791424971,1,0001043219-26-000070,"3.03,5.03,9.01",1790972129,13.0,0,1
dd6dfe7264d9793232549d07,1791424971,0,,,,,0,0
dd6efbda455b1bb0d2190eab,1791424971,1,0001193125-26-394533,"8.01,9.01",1789680066,4.5,0,1
dd720d151d57733513e13b77,1791424971,0,,,,,0,0
dd735a62c1df7b6f5c4421be,1791424971,1,0000795266-26-000068,"2.02,9.01",1790108145,6.5,1,0
dd74d6038eaaea81140b2652,1791424971,0,,,,,0,0
dd7da2bbc295c85549214f7a,1791511133,0,,,,,0,0
dd7f80036de1a566d6fef219,1791424971,0,,,,,0,0
dd84026393ed372dda299992,1791424971,0,,,,,0,0
dd8811726cd1b750dabeb0c6,1791424971,0,,,,,0,0
dd89b1456ed0946632f15b43,1791424971,0,,,,,0,0
dd8c7435435e8ed224c3c601,1791424971,0,,,,,0,0
dd8de2bf77a5ea6387942075,1791424971,0,,,,,0,0
dd8e6f6c63ab1122d2063540,1791424971,0,,,,,0,0
dd903b409e9817ace48f5163,1791511133,0,,,,,0,0
dd94e13c0dbc3df19242a5e7,1791424971,0,,,,,0,0
dd981f0ddc684980c48db05c,1791424971,0,,,,,0,0
dd98900fe74a9e491c16c02c,1791424971,0,,,,,0,0
dd9ad582af9cda2516bebeb5,1791424971,0,,,,,0,0
dd9e4dd2db231c8d75722b6c,1791424971,0,,,,,0,0
dda158fbe49bcb56d489ce5d,1791511133,0,,,,,0,0
dda4efade1094e30b6aa170a,1791424971,0,,,,,0,0
dda501493719fb47652c26dd,1791424971,0,,,,,0,0
dda6573748f6acbc1e3f522f,1791424971,0,,,,,0,0
dda9cdd347dd74e7e499461f,1791424971,0,,,,,0,0
ddb4436494dfa16e39d76e78,1791424971,0,,,,,0,0
ddb764e6e4d6cdc4caa48b95,1791424971,0,,,,,0,0
ddb9a7a4ec3335777c3f1780,1791424971,0,,,,,0,0
ddbb43242c6c80083a2280cf,1791424971,0,,,,,0,0
ddbc5a7375a65c8178f9bf91,1791424971,0,,,,,0,0
ddbcb3ded8d1c9d6756e4244,1791424971,1,0002071876-26-000221,1.01,1790371721,10.0,0,1
ddbd84d3ef4e0ce895eaa275,1791424971,0,,,,,0,0
ddbfb6010b4468b30e584bf1,1791424971,0,,,,,0,0
ddc1c93096dbc7b0268eda05,1791424971,0,,,,,0,0
ddc71bb78aba837693fe8b8a,1791424971,0,,,,,0,0
ddc7c5705c8f7b51cdb7f039,1791424971,0,,,,,0,0
ddc8d7de63a677d81ea71f31,1791424971,0,,,,,0,0
ddcbb85f52fa06a57e3b565c,1791424971,1,0001856525-26-000091,"2.02,9.01",1788953368,0.5,1,0
ddcc854862cd7c0de5f5fd6e,1791424971,0,,,,,0,0
ddcdaa1d16723eb6f350309b,1791424971,0,,,,,0,0
ddcdf8f0e5b3d8ae7e23247a,1791424971,0,,,,,0,0
ddd4204df2f8a13d6e0b7acc,1791424971,0,,,,,0,0
ddd720b8db6b6b097f45f0e4,1791511133,0,,,,,0,0
ddd7fd61d1c7964609975d30,1791511133,1,0001104659-26-114388,"1.01,9.01",1791405935,9.0,0,1
dde03d7fa7694ba587310675,1791424971,1,0001193125-26-388699,"8.01,9.01",1789132480,5.5,0,1
dde3357bc61304272c9e5dec,1791424971,0,,,,,0,0
dde78c65467568d68f42ec65,1791424971,0,,,,,0,0
ddeccc734857dcd3c3f9bb69,1791424971,0,,,,,0,0
ddeecadf32f02ed56a5dcebf,1791511133,0,,,,,0,0
ddf03904b57fa69d4cf0280d,1791424971,0,,,,,0,0
ddf25ab022d7923a3b932639,1791424971,0,,,,,0,0
ddf37910476cfba3795fadb1,1791424971,0,,,,,0,0
ddf3eecd9cab7d9adcad7450,1791511133,0,,,,,0,0
ddf658b2378d990ba58a8b6a,1791424971,0,,,,,0,0
ddf680a5f51c6935475e0a2c,1791424971,0,,,,,0,0
ddfcc4f1649e8e71a949581c,1791424971,0,,,,,0,0
ddfe16b9b5cb07e822c3d6d6,1791511133,0,,,,,0,0
de003ef1975c032d8d48123f,1791424971,0,,,,,0,0
de01d4eec6dd46cc0cc4e030,1791424971,0,,,,,0,0
de09b94e27ea3bdd014e1869,1791424971,0,,,,,0,0
de0cad536e57f4992fc347e2,1791424971,0,,,,,0,0
de12be2531e1285e501a2b6c,1791424971,0,,,,,0,0
de144e42c67bdaca8dd33c4e,1791511133,0,,,,,0,0
de16b7b2440340bf3c42e7c2,1791424971,0,,,,,0,0
de173b04293d513513faee80,1791424971,0,,,,,0,0
de182e2041a954cd52321a2a,1791424971,0,,,,,0,0
de1e27d1bca1ccc7797aafee,1791424971,0,,,,,0,0
de284cf52834139a0587a661,1791511133,0,,,,,0,0
de2c6c5d5bf50d4de594a194,1791424971,0,,,,,0,0
de2de7e6717c8e1712b005e4,1791424971,0,,,,,0,0
de2e270f9f1a25c6c0ded847,1791424971,0,,,,,0,0
de302a472de1b8466804b106,1791424971,1,0001193125-26-409143,"1.01,5.02,7.01,8.01,9.01",1790800769,0.5,0,1
de30612833ffda726a482b99,1791424971,0,,,,,0,0
de355abe32e3617b143bcac5,1791424971,1,0001104659-26-110464,"8.01,9.01",1790284962,0.5,0,1
de37d0381132d9db04596c55,1791424971,1,0001193125-26-388709,"8.01,9.01",1789133105,6.5,0,1
de3ca927228ec45761e6d0e7,1791424971,0,,,,,0,0
de4125912db55992b952c504,1791424971,0,,,,,0,0
de41f32bcfcda1484567bdf0,1791424971,0,,,,,0,0
de42142526b476a4a36131d2,1791424971,0,,,,,0,0
de422f093372f163edb7a79f,1791424971,0,,,,,0,0
de43884c1202544e45adb34f,1791424971,0,,,,,0,0
de43b25167b17b613ca5bf13,1791424971,0,,,,,0,0
de4584b13a11dc0e2e0e68b5,1791424971,1,0001628280-26-063314,"2.02,9.01",1790247785,4.5,1,0
de4891ffbbfd1bd940ed7f90,1791424971,0,,,,,0,0
de4afa062f80c8001394d733,1791424971,0,,,,,0,0
de4be9c322cd40b8623eb9d0,1791424971,0,,,,,0,0
de4c3481c8091df035aaddde,1791424971,0,,,,,0,0
de4da081b9a1daf3de612041,1791424971,0,,,,,0,0
de4f159643515763e28a7e4a,1791424971,0,,,,,0,0
de540d0b98d8f5484a7c21df,1791424971,0,,,,,0,0
de5f1129980478c13fdb1f16,1791424971,0,,,,,0,0
de6443570447309cee392c16,1791424971,0,,,,,0,0
de66c2fc22cbf8e4076ae7ee,1791424971,0,,,,,0,0
de6b289e591b5ac135463c26,1791424971,0,,,,,0,0
de6b3ba4cfb0664b97335f34,1791424971,0,,,,,0,0
de6daa798b91dd47d97f1fe1,1791424971,0,,,,,0,0
de6f1b0eda76d6c4518ff036,1791424971,0,,,,,0,0
de70a23fc6064aeb884b56f4,1791424971,0,,,,,0,0
de7b02bbb165552096b8268b,1791424971,0,,,,,0,0
de8235bd66377f894037f135,1791511133,0,,,,,0,0
de83ab6ac83dc0008182dfe2,1791424971,0,,,,,0,0
de84095b4ad9367935aa1751,1791424971,0,,,,,0,0
de8a8e8ddec32aa55ae3dbf3,1791424971,0,,,,,0,0
de900e0fa9fc84971f9cfa08,1791511133,0,,,,,0,0
de936b99a994a71dc63eacc5,1791424971,0,,,,,0,0
de98aa9e94271d960dfefe2b,1791424971,0,,,,,0,0
de9a55260b81b13b12e88e60,1791424971,0,,,,,0,0
dea5f12f4f5f7c3748a93b22,1791511133,0,,,,,0,0
dea823ef0e29805e259d5aa4,1791424971,0,,,,,0,0
dea9d36127c3612d72b0f3d8,1791424971,0,,,,,0,0
deae4860bfdd204eab43ab77,1791424971,0,,,,,0,0
deae51345e9e6c3baa694113,1791424971,0,,,,,0,0
deb48b67f05505cf5cbfd6c1,1791424971,0,,,,,0,0
deb48e4038876c265475cbb6,1791424971,0,,,,,0,0
deb765e28e8ca0a580c7c1ec,1791424971,0,,,,,0,0
deb78a37449bc5edc91ce446,1791511133,0,,,,,0,0
deb78e1bd86d1232a81fae66,1791424971,0,,,,,0,0
debaed44b2f15a9769f6e4fa,1791424971,0,,,,,0,0
debdc3d61fec0b7940214e9a,1791424971,0,,,,,0,0
dec4f08bd877a724e905bffb,1791511133,0,,,,,0,0
decc39ded3ccafaec20664a2,1791511133,1,0001679273-26-000053,"5.02,9.01",1791320492,1.5,0,1
decf9abd4340939082a15be8,1791511133,0,,,,,0,0
ded488a9d5aa94e5792aaf3b,1791424971,0,,,,,0,0
ded5aaecb1f5b3d454164720,1791424971,0,,,,,0,0
dedc69de4da88829c0081f9b,1791511133,0,,,,,0,0
dedd91e76dc74c1be8a0e6fc,1791424971,0,,,,,0,0
dedde1e139ee587ff48c1f4b,1791424971,0,,,,,0,0
deddfdf999c145b9feb18899,1791424971,0,,,,,0,0
dee483f2eb8ee70be643eb8b,1791424971,0,,,,,0,0
def7f71c1af0b044af05396b,1791424971,0,,,,,0,0
def910c08183a09a56729e3b,1791424971,0,,,,,0,0
df01ab4980a4e0018afc1ca2,1791424971,0,,,,,0,0
df028b793c0afbab51abca81,1791424971,0,,,,,0,0
df092d0a6ef7d1e0edc17fdc,1791424971,0,,,,,0,0
df0b438aae81e76ba39d017f,1791424971,0,,,,,0,0
df0c68791da50cae960b1675,1791424971,0,,,,,0,0
df0d225a95c82de7fffa826b,1791424971,0,,,,,0,0
df0f0fbb2a523cb91f28e878,1791424971,0,,,,,0,0
df125a8e2075b4a41db38574,1791424971,0,,,,,0,0
df15a020e47cf084ccc9525f,1791424971,0,,,,,0,0
df1665647bf69bba8a11999c,1791424971,0,,,,,0,0
df198ff216cbb71678dd76b1,1791424971,1,0000878927-26-000025,"7.01,9.01",1788442623,7.1175,0,1
df1f3d00bc9a7cc55ea628db,1791424971,0,,,,,0,0
df23d4a17186c31738ba6596,1791424971,0,,,,,0,0
df2eeeb3577a782e12a465f3,1791511133,0,,,,,0,0
df367d2b780fa14bdc253fc3,1791424971,0,,,,,0,0
df3e613068eea68af386736b,1791511133,0,,,,,0,0
df3f1a342fbf2575a3e32827,1791424971,0,,,,,0,0
df43f10d37d4ee478efe189a,1791424971,0,,,,,0,0
df49c173a017985a0d4172dd,1791511133,0,,,,,0,0
df518161b1029c483a317eef,1791424971,0,,,,,0,0
df51a9b28f5d9636591525de,1791511133,0,,,,,0,0
df543e8c3698ddd5229d1a6a,1791424971,0,,,,,0,0
df5b50d47f57f25843c51cd8,1791424971,0,,,,,0,0
df5e4971cef17f9727b2e158,1791424971,0,,,,,0,0
df6387b67f7a4e8238abb319,1791424971,0,,,,,0,0
df650691c5ee82ed995abaf6,1791424971,0,,,,,0,0
df651b67ebf54e3f4fccab8c,1791424971,0,,,,,0,0
df66741ac72eb3f61bb991d8,1791424971,0,,,,,0,0
df71ed545a813bb42ac72794,1791424971,0,,,,,0,0
df728a2ca67c1b4ad6f0dbe0,1791424971,0,,,,,0,0
df73610f5fadbd6a8a5c663d,1791424971,0,,,,,0,0
df77776b3b565a354ac5b905,1791511133,0,,,,,0,0
df785d9628f92e0e9c8c7eb7,1791424971,0,,,,,0,0
df80f6332c5902ef3512bcce,1791424971,0,,,,,0,0
df881cb789043742ececc74a,1791424971,0,,,,,0,0
df96296e1d5bac99ecd82982,1791424971,0,,,,,0,0
df973b0a3ce763ee28eae669,1791424971,0,,,,,0,0
df9f06d6a34851f187c1e03d,1791424971,0,,,,,0,0
dfa204d37a46aef875e4934d,1791511133,0,,,,,0,0
dfa620038fd933bbcd045905,1791424971,0,,,,,0,0
dfa63cd484b9aa659b350eaa,1791424971,0,,,,,0,0
dfa70b8c4d11369086d5c80b,1791424971,0,,,,,0,0
dfabf1cff46e7376357d541b,1791424971,0,,,,,0,0
dfaf2f4434841fd16e2443bc,1791424971,0,,,,,0,0
dfb693f5f14d4bf44ff62d7d,1791511133,0,,,,,0,0
dfb8fddbd4fef534c44b9000,1791511133,0,,,,,0,0
dfb9076802c6a459d47f806a,1791511133,0,,,,,0,0
dfb946951ab9260496ed3b4e,1791424971,1,0001660280-26-000039,"1.01,1.02,2.03,3.02,8.01,9.01",1789503792,11.0,0,1
dfba8251d34b8d4623b27e1a,1791424971,0,,,,,0,0
dfbde7a3c2e492731a13d989,1791424971,0,,,,,0,0
dfc5e7b3ee5cef8dd6c928ec,1791424971,0,,,,,0,0
dfc7ecc0dee5e75d1e320624,1791511133,0,,,,,0,0
dfcf58ffb3ff205dbff8d08a,1791424971,1,0000016918-26-000034,"7.01,9.01",1788902404,2.5,0,1
dfd060d434c3e4a1cadb4d21,1791424971,0,,,,,0,0
dfdda504a2c596e7106ae331,1791424971,0,,,,,0,0
dfe2677820c397d0e6e19169,1791424971,0,,,,,0,0
dfe2f20396d03a91d0b6fa0b,1791424971,0,,,,,0,0
dfe4d21843c8d6b864e7cd9b,1791424971,0,,,,,0,0
dfe631c0bbc9d80937c86e69,1791424971,0,,,,,0,0
dfe64a879b2502b099ea6700,1791424971,1,0001803599-26-000147,"2.02,9.01",1790712645,7.0,1,0
dfe92dd1d58a170154b6508f,1791424971,0,,,,,0,0
dfec51842485849a8da95b3b,1791424971,1,0001193125-26-401093,"7.01,9.01",1790281848,1.5,0,1
dfeff2f57b7dc43b6baff9ff,1791424971,0,,,,,0,0
dff02c82080f0a51a58738ce,1791424971,0,,,,,0,0
dff16ac6941ca02d38cc7ea6,1791424971,0,,,,,0,0
dff1a2f27bafb7080592a6eb,1791424971,0,,,,,0,0
dff1ee8b2859e83654add718,1791424971,0,,,,,0,0
dff5bb5c024070a79194457f,1791511133,0,,,,,0,0
dff7799b454308fa4a0d8f5e,1791511133,0,,,,,0,0
dff7e42ef0637326758f373d,1791424971,0,,,,,0,0
e005a4d3223b639951932cf8,1791424971,0,,,,,0,0
e00cc04759e27c54a15b7129,1791424971,0,,,,,0,0
e00ceaee62390776c18f10c4,1791424971,0,,,,,0,0
e0189a1bfb55fa78d7143116,1791424971,0,,,,,0,0
e0197890e14d1a02547acb85,1791424971,0,,,,,0,0
e0197d1f7eb3dcfebd4baea2,1791424971,0,,,,,0,0
e01d050c7778ec9872208350,1791424971,0,,,,,0,0
e01f0b55ad6143aca1bf2c4a,1791424971,1,0001104659-26-112420,"8.01,9.01",1790803628,1.5,0,1
e028425888a9b5e349bf43ab,1791424971,0,,,,,0,0
e02a3f71303c4a1aaa8a4425,1791424971,0,,,,,0,0
e02bf9db83b5a0cd27466114,1791424971,0,,,,,0,0
e02dc0139a65d85f36856ec1,1791424971,0,,,,,0,0
e02dc04342a42bb24a43e890,1791424971,0,,,,,0,0
e036693838410a732804d329,1791511133,0,,,,,0,0
e03908dcf138337f3593017d,1791511133,0,,,,,0,0
e03e2ae6eff61e1843f67f4f,1791424971,0,,,,,0,0
e045ec9b0f2ce4163b353207,1791424971,0,,,,,0,0
e049c46ffeb25a74d1f3c686,1791511133,0,,,,,0,0
e04c3f9aa6de0dd43a9805b2,1791424971,0,,,,,0,0
e04d998c549a55fc81882f4e,1791424971,0,,,,,0,0
e04f2bf72785565c2d3c1c70,1791424971,0,,,,,0,0
e0548007ae415b02f369c2ca,1791424971,0,,,,,0,0
e05918d8aa1b69048f090d92,1791424971,0,,,,,0,0
e05a8a50f3f5e884844c788a,1791424971,0,,,,,0,0
e05e6d1f290ad27edc8d31b0,1791424971,0,,,,,0,0
e06033fb4e59f39268ed3dab,1791424971,1,0001562762-26-000117,"5.07,9.01",1790971212,13.0,0,0
e066efae2e18745f1321d7bc,1791424971,0,,,,,0,0
e06b296114ee91488223841f,1791511133,0,,,,,0,0
e06c617ba8e3d17bf5694882,1791424971,0,,,,,0,0
e0718a17488bb8eb389f4ced,1791424971,0,,,,,0,0
e0785f25d9eb5112d8327a95,1791424971,0,,,,,0,0
e07a5e8660827b795782eb72,1791424971,0,,,,,0,0
e07af89ab5f92bd76cc34bea,1791424971,1,0000096223-26-000028,"2.02,9.01",1790626738,0.5,1,0
e081bd8b56aff500db4b474e,1791511133,0,,,,,0,0
e082a668b0c995dab9b0cf27,1791424971,0,,,,,0,0
e089dc15a624499fd8b958e3,1791424971,0,,,,,0,0
e08a0869618644350d262c46,1791424971,0,,,,,0,0
e08bcfbd068e9a66768f4b82,1791511133,0,,,,,0,0
e094e7c98a30572d7057994d,1791424971,1,0002071876-26-000219,1.01,1790371678,11.0,0,1
e09f675411bb010b60a76ca7,1791424971,0,,,,,0,0
e0a377c133a6698588db9bc1,1791511133,0,,,,,0,0
e0aade912562fbf1ea76ce2f,1791424971,0,,,,,0,0
e0b06a2bfe4f30636eddaa6e,1791424971,1,0001104659-26-108285,"8.01,9.01",1789590990,13.0,0,1
e0b125d21fa25cedad57cf86,1791424971,0,,,,,0,0
e0b5c97e80dc25fb8f5544c4,1791511133,0,,,,,0,0
e0bb174704afe2d3a53b915f,1791424971,0,,,,,0,0
e0c0c68be281494d904b2ab2,1791424971,0,,,,,0,0
e0c8a66b1c99f2e5a8970f06,1791427778,0,,,,,0,0
e0cb4e91cf89eb46e1b96e16,1791424971,0,,,,,0,0
e0cd45efb0290ccb1cb93d78,1791424971,0,,,,,0,0
e0ce355b7d7d0d3b2cc0b701,1791424971,0,,,,,0,0
e0dbb2911c8394cdb4816a12,1791424971,0,,,,,0,0
e0e29e1ead41edcb94152aba,1791511133,0,,,,,0,0
e0eb0226652972bc84921efb,1791424971,0,,,,,0,0
e0eb62166fc112616063bc0d,1791424971,0,,,,,0,0
e0eef858bcbb1d48aa36e6a5,1791424971,1,0001907982-26-000144,"1.01,3.02,8.01,9.01",1788951609,6.5,0,1
e0f22f821bbe3b0d7654b060,1791424971,0,,,,,0,0
e0fea7a9738124dae7a9ccc7,1791424971,0,,,,,0,0
e0ff8ae4406a6eabfd53658e,1791424971,0,,,,,0,0
e1045cf6b9c2e784f2378123,1791424971,0,,,,,0,0
e1171deb3c157cf0d7469a5d,1791424971,0,,,,,0,0
e11b91e947d0ebedfe828a00,1791424971,0,,,,,0,0
e11e8365a4442c8e75940c17,1791424971,0,,,,,0,0
e11f64248a7b0502f8243422,1791424971,0,,,,,0,0
e1266bb0650738fd070fb11d,1791424971,0,,,,,0,0
e126ab25fc20e6a21a684668,1791424971,0,,,,,0,0
e1270a2c434084ac8a88c086,1791424971,0,,,,,0,0
e12aaef8a64be9c01f779159,1791424971,0,,,,,0,0
e12e27b7eec70f09724d6326,1791424971,0,,,,,0,0
e1343cb0fb70b1c157b14e76,1791424971,0,,,,,0,0
e1359a469648160a7660d7e6,1791424971,0,,,,,0,0
e137c45ad97b59bf21f9ec80,1791424971,0,,,,,0,0
e13e53e73e1a9e94d1bc7582,1791424971,0,,,,,0,0
e140c00d357584c8ad6db3c1,1791424971,0,,,,,0,0
e14542164a7413ca421f81fe,1791424971,0,,,,,0,0
e1496f33e2b60e83ebd221ee,1791424971,0,,,,,0,0
e149eeceefa9d0cd270340a0,1791511133,0,,,,,0,0
e14ae1dd47fddc3d7f2d6647,1791424971,0,,,,,0,0
e14d2e2234206905a7448045,1791424971,0,,,,,0,0
e14fd7670763e3ba4b27b50e,1791424971,0,,,,,0,0
e150cecbd5813ed18fa5f82c,1791424971,0,,,,,0,0
e151a824cfd7889ee3669541,1791424971,0,,,,,0,0
e15721f572a75463be77a0b7,1791424971,0,,,,,0,0
e15b0926af58f43ea4d13726,1791511133,0,,,,,0,0
e15e9cbb5fe5fb7c43b2661a,1791511133,0,,,,,0,0
e16277856ac42047debdd15c,1791511133,0,,,,,0,0
e16547e145e3382ff970de8e,1791424971,0,,,,,0,0
e170a21cef50ee75ef2601fb,1791424971,0,,,,,0,0
e171cd68140d5bcc6cdba6dc,1791424971,0,,,,,0,0
e174fb0f1166547fcbd5dd7b,1791424971,1,0001060822-26-000121,"8.01,9.01",1790021836,0.5,0,1
e177cdce903e9ce3a3348ef6,1791511133,0,,,,,0,0
e1831172aa222b21621c4c3c,1791424971,0,,,,,0,0
e183afa6563ad4da32b2d5ad,1791424971,0,,,,,0,0
e183e00ae8c3dd8689157632,1791511133,0,,,,,0,0
e187c00e6f295d974bd51b0b,1791424971,1,0000895126-26-000053,"5.02,8.01",1789588876,0.5,0,1
e18efb7f823fe337f69cdd14,1791424971,0,,,,,0,0
e1916d14bd4ec5d68ba2ef2f,1791424971,0,,,,,0,0
e199f4577e90a804440283ba,1791424971,0,,,,,0,0
e19ead451ae9207d98997c6c,1791424971,0,,,,,0,0
e1a01d360e34dbbb2241fda6,1791511133,0,,,,,0,0
e1a3ec9989a734dc3de68ac5,1791424971,0,,,,,0,0
e1a9f33f82e7a8261a6707ec,1791424971,0,,,,,0,0
e1b100ae20fe23cc9cbab52a,1791424971,0,,,,,0,0
e1b32f06a401b930e986e914,1791424971,0,,,,,0,0
e1b3a27a3e7bcbed3251bd32,1791424971,0,,,,,0,0
e1b4038f9b00943fed641d92,1791424971,0,,,,,0,0
e1b4f00fdfc615b895f39a91,1791424971,0,,,,,0,0
e1bce9d00d1c743539f93a40,1791424971,0,,,,,0,0
e1c322f38a6a9406284d92a4,1791511133,0,,,,,0,0
e1c4ff2c8316ca163ca98c41,1791424971,0,,,,,0,0
e1cbdb80197b32864764d491,1791424971,0,,,,,0,0
e1d334f23f3b7c9c83fe06f7,1791511133,0,,,,,0,0
e1e6d2425a93d12d988681d4,1791424971,0,,,,,0,0
e1e70b902bbf9ede4138c729,1791424971,0,,,,,0,0
e1e772f971684d79b819bc5f,1791424971,1,0000940944-26-000035,5.07,1790284832,6.5,0,0
e1ea26f9d4930fea18dd6f08,1791424971,0,,,,,0,0
e1eb6f7aa5659cc070609c56,1791424971,0,,,,,0,0
e1f0684aa5f1c10fc6a7619e,1791511133,0,,,,,0,0
e1f425087d17b234a4f73f63,1791424971,0,,,,,0,0
e1fba99ec539426e4ee23387,1791511133,0,,,,,0,0
e204a594249e3d9a8d8e405c,1791511133,1,0001104659-26-114388,"1.01,9.01",1791405935,11.0,0,1
e20aea113912d2e5b70b0241,1791424971,0,,,,,0,0
e20bdb6eb12c137491976b5a,1791424971,0,,,,,0,0
e20deb38d5c988dd27d48014,1791424971,0,,,,,0,0
e2105fab2c3e2a4db8d52250,1791424971,1,0001174922-26-000057,"7.01,9.01",1788206750,5.5,0,1
e218d2bae07e5bf3b709a201,1791424971,0,,,,,0,0
e21957894e4e7d50a4307710,1791424971,0,,,,,0,0
e222c23066d3da47008965e9,1791511133,0,,,,,0,0
e2240b8eeb78c99e885b0a7d,1791424971,0,,,,,0,0
e224cd5e43a99db54ff2d9c8,1791424971,1,0000730263-26-000028,"2.02,7.01,9.01",1790073378,0.5,1,0
e2252f94ff79044fe8be69ea,1791424971,0,,,,,0,0
e225ad82a23df1ea5efa28a9,1791424971,0,,,,,0,0
e225ed9acba9ecb89d58629a,1791511133,0,,,,,0,0
e2297dcf6c52356c76002ba6,1791424971,0,,,,,0,0
e22f48cd38274182f26f0a0d,1791424971,0,,,,,0,0
e23212bcf156642246cfaea8,1791424971,0,,,,,0,0
e2339a3a884fcfce176fd504,1791424971,1,0001193125-26-387902,"2.02,9.01",1789071364,1.5,1,1
e2388bb4f35257c95bf34d97,1791424971,0,,,,,0,0
e23965700b8ed4acaef1e02e,1791424971,0,,,,,0,0
e239897f961571cf19abbed7,1791424971,0,,,,,0,0
e23eeb98bcdff79b0090606a,1791424971,0,,,,,0,0
e242b34b4f0ee00bb994f508,1791424971,0,,,,,0,0
e249f28d73fb1c2d253ffcc5,1791424971,0,,,,,0,0
e24c058efde71251ea82aa67,1791424971,0,,,,,0,0
e24dce57cf0a7dbf99eb3052,1791424971,0,,,,,0,0
e24e204dcc27b061a0fef59f,1791511133,0,,,,,0,0
e2544676252793b0cbc9e38d,1791424971,0,,,,,0,0
e25509eefb151c9a843bd58c,1791424971,0,,,,,0,0
e25ac9a5d83ca0521fe93838,1791424971,0,,,,,0,0
e25e6e513a7f0d8d5ecf181b,1791511133,0,,,,,0,0
e263a7767b5035bc777b2917,1791511133,0,,,,,0,0
e265cd30a5441599bf2577db,1791424971,0,,,,,0,0
e26867d045aad0a19f83db6b,1791511133,0,,,,,0,0
e2707f11ee46d25452cd1bd0,1791424971,1,0001999371-26-021687,"5.02,7.01,9.01",1790802759,0.5,0,1
e27b06050eded194bb8dfd41,1791424971,0,,,,,0,0
e27cfd9b6ee1d65c0bd66d7c,1791424971,0,,,,,0,0
e27f8c0c8b9732775ed48e9e,1791424971,0,,,,,0,0
e2806e01e18df307e624a138,1791424971,0,,,,,0,0
e280c7887aa0ad23d331cfc2,1791424971,0,,,,,0,0
e2853971e6c854dda2cea82d,1791424971,0,,,,,0,0
e28fa75de25e84ae227972e5,1791511133,0,,,,,0,0
e297da47a703796e0c52d514,1791424971,0,,,,,0,0
e298e65cbe5aec8c27c42046,1791424971,0,,,,,0,0
e2a7b5c9c3f03db1759d9f90,1791424971,0,,,,,0,0
e2ab7bfcf0cb96a997a41436,1791424971,0,,,,,0,0
e2af59128e8b6d143eb45c37,1791424971,0,,,,,0,0
e2b6b83e56c5f59d3fc61a07,1791424971,0,,,,,0,0
e2c10c71596f89993270f3be,1791511133,0,,,,,0,0
e2c413918b5839bfcec65e30,1791424971,0,,,,,0,0
e2c589d84aa37770fc34cb4c,1791511133,0,,,,,0,0
e2c623fc2ed1d88bdb2865e3,1791424971,1,0000876167-26-000110,"2.02,7.01,9.01",1790798839,0.5,1,0
e2c6295858e7895ad26668d4,1791424971,0,,,,,0,0
e2c662c63e69e9efe59a7876,1791424971,0,,,,,0,0
e2c68f10435670b0ea0aa45e,1791424971,0,,,,,0,0
e2cee78acb54c4225eef1c9d,1791424971,0,,,,,0,0
e2db8d3fd96db4b2da545a02,1791424971,0,,,,,0,0
e2e1e45ab623f15e780cc3d9,1791424971,0,,,,,0,0
e2e7bddbea73acfd217c5dcd,1791424971,0,,,,,0,0
e2f7ee73830a29984cc3b7f2,1791424971,0,,,,,0,0
e2fa1417513f278f3c4275c1,1791424971,0,,,,,0,0
e30198a4b8781b3a31a6e511,1791424971,0,,,,,0,0
e304aa7427b686f57b446395,1791424971,0,,,,,0,0
e30889407f99ef3fbf442bcd,1791424971,0,,,,,0,0
e30aec1582a907965dcae155,1791511133,0,,,,,0,0
e30af7a07154d85b0f1db07d,1791424971,0,,,,,0,0
e30b5baabae09c9530b6fab2,1791424971,0,,,,,0,0
e30db88fb2fe32291b536900,1791424971,0,,,,,0,0
e31065f1cc27a1e265203f08,1791424971,0,,,,,0,0
e31527d637fe82bbe379a705,1791424971,0,,,,,0,0
e319237e4319439cdcf66bcc,1791511133,0,,,,,0,0
e31a0f07373ec7b466b46c97,1791424971,0,,,,,0,0
e31bb2958e55482b954c6677,1791424971,0,,,,,0,0
e31d68673258dc79f3a64411,1791424971,0,,,,,0,0
e31e09ee5fbc48c95c36febc,1791424971,0,,,,,0,0
e3203279d855bb353f659d7b,1791424971,0,,,,,0,0
e3281af4fe664bff171ec836,1791424971,0,,,,,0,0
e328487811426c52a067af63,1791424971,0,,,,,0,0
e33264ec0cd7bec55e5d6915,1791424971,0,,,,,0,0
e334be550f91e6778ad9d044,1791424971,0,,,,,0,0
e33590f9d8f407dd9fc1e49a,1791424971,0,,,,,0,0
e338b7cdfc95a986a8b41f99,1791424971,0,,,,,0,0
e3402c062d0a4457b4ce7b1e,1791424971,0,,,,,0,0
e343b38abf96119a4834d393,1791424971,0,,,,,0,0
e345dd3a910ecad2816ced70,1791424971,0,,,,,0,0
e34770d2fc22a2f1b831fe15,1791424971,0,,,,,0,0
e34b8e50e2be2d3afe413ade,1791424971,0,,,,,0,0
e357596774188860eea324c5,1791511133,0,,,,,0,0
e35c68d3aa4a33b8c1f09153,1791424971,0,,,,,0,0
e35d4446cabbb9f7ab2d9e8a,1791424971,0,,,,,0,0
e361bda4add35a83403a03ee,1791511133,0,,,,,0,0
e36605e255ad1c3bf310a5cd,1791424971,0,,,,,0,0
e37157a6a8b65ff783b9c526,1791424971,0,,,,,0,0
e376424d69eb344e364cada1,1791424971,1,0000910521-26-000026,5.07,1789505538,6.5,0,0
e379ee154f04fb187c0c7c81,1791424971,0,,,,,0,0
e37b069d49f2452ffcd76c7e,1791424971,0,,,,,0,0
e381d50ffa0e3a5afb5e433d,1791424971,0,,,,,0,0
e3859bc1e654ecdbca9129ac,1791424971,0,,,,,0,0
e38acd46621bbcf6cea5bef5,1791511133,0,,,,,0,0
e38bdde6464e031aab806725,1791424971,0,,,,,0,0
e38cbb84a5b88d7c900e1ecc,1791511133,0,,,,,0,0
e38dc038d64e33f296c349ee,1791511133,0,,,,,0,0
e39d678b1a5f3bc183b4889c,1791424971,0,,,,,0,0
e3a192b9e2155165ef93af94,1791424971,0,,,,,0,0
e3a338b224b7860a75fc6d76,1791424971,0,,,,,0,0
e3aede4a2073793e5f8ed709,1791424971,0,,,,,0,0
e3b013e9a50019011e10f235,1791511133,0,,,,,0,0
e3b358aea2681d0bb975a042,1791424971,0,,,,,0,0
e3b9f1fcb8188511b39a96bb,1791424971,0,,,,,0,0
e3c02537f83527f1b0de63e4,1791424971,0,,,,,0,0
e3c30c52aed854fc4ba27cc6,1791424971,0,,,,,0,0
e3ca83b9f93606cb5cefb4c1,1791424971,0,,,,,0,0
e3cffebee44f41dc108a55a1,1791511133,0,,,,,0,0
e3d3cf5d9430ac8886a57722,1791424971,0,,,,,0,0
e3dddb605c93b16700d66671,1791424971,0,,,,,0,0
e3dfe9466d997f87cfd6843c,1791424971,0,,,,,0,0
e3e047bcc0e5c5eae6f796cb,1791424971,0,,,,,0,0
e3e8f9ce3613d3f2ffd92bc8,1791424971,0,,,,,0,0
e3f004c294cee5ff2685bcbf,1791424971,0,,,,,0,0
e3f1b55b320906fd1e2e0135,1791424971,0,,,,,0,0
e3f354a5ab25b839065fd37d,1791424971,1,0001193125-26-386510,"2.02,9.01",1788985817,11.0,1,0
e3f6aa63392fe9c99ee3cba6,1791511133,0,,,,,0,0
e3f6d3128b58e0ee58c7fc35,1791424971,0,,,,,0,0
e3f7de3b6ee6230e86d053df,1791424971,1,0000812011-26-000048,"2.02,9.01",1790626007,0.5,1,0
e3fdd47181b1f0645bfdaf61,1791424971,0,,,,,0,0
e3ff1ceacc7624b16d0c9a2e,1791424971,0,,,,,0,0
e3ff3e1e52db2bd273e5f472,1791424971,0,,,,,0,0
e4113079f3d8e20e0de76389,1791424971,0,,,,,0,0
e4128acd0b6089224d438292,1791424971,0,,,,,0,0
e422321fb4a377f2afba2a5c,1791511133,0,,,,,0,0
e4258bd816c7f6c659777a7c,1791511133,0,,,,,0,0
e4265fe292f450936ce542ec,1791424971,0,,,,,0,0
e426ac8fd02939175ce7531f,1791424971,1,0001090872-26-000062,"2.02,9.01",1787774785,0.5,1,0
e42f92d94816aa6067972cc2,1791424971,0,,,,,0,0
e43145223239aba57062e9ee,1791511133,0,,,,,0,0
e432d15735d5930c0c08fa5d,1791424971,0,,,,,0,0
e43d53593b816ef62fb9d17d,1791424971,1,0001174922-26-000066,"8.01,9.01",1789080198,6.5,0,1
e43d644f46b0b3a36a19adb7,1791424971,0,,,,,0,0
e43e49773b687370d76c3e41,1791511133,0,,,,,0,0
e44714fb3948507918245f46,1791511133,0,,,,,0,0
e4472abe3330725e157d2789,1791511133,0,,,,,0,0
e44a3a04a97e62c47811dd21,1791424971,0,,,,,0,0
e44ac9189454cec58cc309f8,1791424971,0,,,,,0,0
e44c3353a4b5232255b2b9d1,1791424971,0,,,,,0,0
e458d23856499b685a9a9426,1791424971,0,,,,,0,0
e458e0f2f0acac3461ba2304,1791424971,0,,,,,0,0
e45cc42b636dad8959b9d49d,1791424971,0,,,,,0,0
e464697853ee842f3ace984c,1791424971,0,,,,,0,0
e467e2dfc600e1236c9dfe91,1791424971,1,0000878927-26-000025,"7.01,9.01",1788442623,7.1175,0,1
e4698e0af4a60c2e885194fd,1791511133,0,,,,,0,0
e469b2fdf8b7ba99c96fa7dc,1791424971,0,,,,,0,0
e46a17b4c73ff9833adc2bec,1791424971,0,,,,,0,0
e47aacb9952e9e19f02b64c2,1791424971,0,,,,,0,0
e47b762adc531d66ee582e6e,1791424971,0,,,,,0,0
e4814a2c1e494d523b12c99e,1791424971,0,,,,,0,0
e4817e26c492151530051f34,1791424971,0,,,,,0,0
e481b2929978ca73e7edf03d,1791424971,0,,,,,0,0
e488c2e28b5c3ce4139a37c0,1791424971,0,,,,,0,0
e48ca8fb7632b0f933f56793,1791424971,0,,,,,0,0
e48f0d784fdaf5c1f25679b4,1791511133,0,,,,,0,0
e4997efcae45b387d3017e88,1791424971,0,,,,,0,0
e49a59a4db8115fe17657554,1791424971,0,,,,,0,0
e4b38b7e6d08dd762f7efaf6,1791424971,0,,,,,0,0
e4b547edc1290667d097a5a4,1791424971,0,,,,,0,0
e4b82fcb791b8d35d09fff6f,1791424971,0,,,,,0,0
e4bb3001458461d5799a6944,1791424971,1,0001628280-26-061155,"2.02,8.01,9.01",1788986071,0.5,1,0
e4c2343787cb312fb3a41e65,1791424971,0,,,,,0,0
e4c2e4d83e8196dc28952f2d,1791424971,0,,,,,0,0
e4ce47a5ec7b0a047a827b58,1791424971,0,,,,,0,0
e4d01b3677fc5fa01cf0bf85,1791511133,0,,,,,0,0
e4d7800ccdf21a180d36cfaf,1791424971,0,,,,,0,0
e4db3337fc8e3d566feb07e2,1791424971,0,,,,,0,0
e4e225c47b281d67bcb0c17c,1791424971,0,,,,,0,0
e4e418e21762b5e1f4abb6cb,1791424971,0,,,,,0,0
e4ee5092911f8bbd39315ba6,1791424971,0,,,,,0,0
e4f0bc4575c4bcf8774e15c3,1791424971,1,0001193125-26-393065,"8.01,9.01",1789589173,13.0,0,1
e4f8bea33543eebdd1d9cf70,1791424971,0,,,,,0,0
e4fbc5a81a24adb23317dc2f,1791424971,0,,,,,0,0
e4fceef3fc8e942221e05540,1791424971,0,,,,,0,0
e5002f8d3e7b15482c481690,1791424971,0,,,,,0,0
e50244414fd6132448b927ab,1791511133,0,,,,,0,0
e50e5ae47664d5af6c1b9ffe,1791424971,0,,,,,0,0
e5123d790cee25fc48bcc775,1791424971,0,,,,,0,0
e514c7ea0754f2cd28adb815,1791511133,0,,,,,0,0
e515e38a1976752fa2c72b7d,1791424971,0,,,,,0,0
e517812be9ace12d492777e1,1791424971,0,,,,,0,0
e517fd363e94c7f31d6dc8b6,1791424971,0,,,,,0,0
e5184779386c5114aa379d6a,1791424971,0,,,,,0,0
e51a386cbd94926da11e4a98,1791511133,0,,,,,0,0
e52a6f816b6f9cfef5a9a7fb,1791511133,0,,,,,0,0
e52cbafdca50781d656d5882,1791511133,0,,,,,0,0
e52fb88a308a788a88ff4475,1791424971,0,,,,,0,0
e538a2e3306ac37b59e883f4,1791424971,0,,,,,0,0
e53fee8791668b304ab12507,1791424971,0,,,,,0,0
e542f7ecad581d03a3b1e3aa,1791424971,0,,,,,0,0
e54b2c7ac9e2dbb5d891a0c6,1791424971,0,,,,,0,0
e550135f96135accc5639f49,1791511133,0,,,,,0,0
e55440726f8b58ea1cf86d44,1791424971,0,,,,,0,0
e558c97e2e52a97462a6128e,1791424971,0,,,,,0,0
e55a4dcb8442c1557520fc5a,1791424971,0,,,,,0,0
e55bde03df02e32072273e61,1791424971,0,,,,,0,0
e55dcbc38079b6fbc59b74a4,1791424971,0,,,,,0,0
e560177d6d10a5efef71fe9f,1791424971,0,,,,,0,0
e560b6f9b8cdf1ce0fbc0955,1791424971,0,,,,,0,0
e56401d96cb19389ea321e7a,1791424971,0,,,,,0,0
e566badb1e11d1b73fe3512b,1791424971,0,,,,,0,0
e5684199ffac90de65064c2b,1791424971,0,,,,,0,0
e56ae096c2d72320d2b1ba25,1791424971,0,,,,,0,0
e56b0dd1a9cc629971c63be6,1791424971,0,,,,,0,0
e56d1118789d14efe92c87f2,1791424971,0,,,,,0,0
e582afef0488154667bfece3,1791511133,0,,,,,0,0
e58980a73cca9a08b499fba3,1791424971,0,,,,,0,0
e58c86e2e7f11195c5ccaeb5,1791511133,0,,,,,0,0
e58f46a59da98c2d8e2fcfc0,1791424971,0,,,,,0,0
e5932e469640108c980153a1,1791424971,0,,,,,0,0
e5943073874086971354fa39,1791424971,0,,,,,0,0
e594829273c0ddd72c412d21,1791424971,0,,,,,0,0
e595e81bb32fb93f0ec674bc,1791424971,0,,,,,0,0
e597e2c22d329b4fb0eb4e9a,1791511133,0,,,,,0,0
e598773506d8190d6fa1d0e3,1791424971,0,,,,,0,0
e59a02ff83b0e9f87f118b3d,1791424971,1,0001628280-26-064413,"5.03,5.07,9.01",1790954717,8.921388888888888,0,1
e59e896024fc16a5d1f556f5,1791424971,0,,,,,0,0
e5a3bc3dd7cfb0bfbd45b1b0,1791424971,0,,,,,0,0
e5a50139ba9936e50356bb0b,1791424971,0,,,,,0,0
e5a781fca3876855386962f8,1791511133,1,0001628280-26-065292,"2.05,2.06,9.01",1791374472,7.0,0,1
e5afeabb132a666b8a2b2ed0,1791511133,0,,,,,0,0
e5b09977ef1915ddf415efae,1791424971,0,,,,,0,0
e5b2f2d001d3a57e5b20d6c1,1791424971,0,,,,,0,0
e5b8eec4dc635c5664a03cc2,1791424971,0,,,,,0,0
e5bccf7b0966af6f43c34085,1791511133,1,0001628280-26-065292,"2.05,2.06,9.01",1791374472,6.5,0,1
e5c657cd3c01a3bbeb4ebf86,1791424971,0,,,,,0,0
e5c87614315c426cd13bb3f4,1791424971,0,,,,,0,0
e5d231d366ae34caee4ad68a,1791424971,1,0001562762-26-000117,"5.07,9.01",1790971212,7.0,0,0
e5db58d321ce23460cedb38a,1791424971,0,,,,,0,0
e5db668f1e602745887f846f,1791424971,0,,,,,0,0
e5e12445e8c90bc2e2906244,1791424971,0,,,,,0,0
e5e475fea095d941620030ea,1791511133,0,,,,,0,0
e5e590a8d2b22362a144c800,1791424971,0,,,,,0,0
e5e8f8d9f4f2afa803b0a727,1791424971,1,0001086222-26-000089,"5.05,9.01",1790366670,4.5,0,1
e5ed897437d71d0e068a4568,1791511133,0,,,,,0,0
e5eed7869d1d64a6e2af56df,1791424971,0,,,,,0,0
e5f043aa08a20503b8658f42,1791424971,0,,,,,0,0
e5f735df597c80b79bad7dae,1791424971,0,,,,,0,0
e5fa899c7f1345c5d158b6ec,1791424971,0,,,,,0,0
e606857f578cd3dd226ca9c4,1791511133,0,,,,,0,0
e61df8a2a5cc2a5768368d04,1791424971,0,,,,,0,0
e621b34be767871c58be31da,1791424971,0,,,,,0,0
e62355ca8ab2959287c2fc28,1791511133,0,,,,,0,0
e6256b1d4bb6014b39652ab5,1791424971,0,,,,,0,0
e62ae0dbeb4f9703ef2f43a4,1791424971,0,,,,,0,0
e62ea4960ef1f164bdc14d08,1791424971,0,,,,,0,0
e631e6169c1907dc9283f367,1791424971,0,,,,,0,0
e6396fe2728e76dbd1ec0245,1791424971,0,,,,,0,0
e63ec2b1afed15cf85889c21,1791424971,1,0001193125-26-401093,"7.01,9.01",1790281848,0.5,0,1
e63ff3e09e07e99f610304a1,1791424971,0,,,,,0,0
e644c47231813c5d6655a6cc,1791511133,0,,,,,0,0
e644ea6dda39ac49afc96004,1791511133,0,,,,,0,0
e64855fbd9f574d94ac3a41d,1791424971,1,0001562762-26-000117,"5.07,9.01",1790971212,0.5,0,0
e64934f8bb00fb4793374c90,1791511133,0,,,,,0,0
e649cc205304773c61f9f977,1791511133,0,,,,,0,0
e652b2abe441e0c5c7f84118,1791511133,0,,,,,0,0
e65397e0d176894bd7e357ec,1791424971,0,,,,,0,0
e65733b117a1630fcf7e28f4,1791511133,0,,,,,0,0
e658769140a9a8048bb5e6db,1791424971,0,,,,,0,0
e65d38c630a36ac30a405c7d,1791424971,0,,,,,0,0
e6684433ea79ae6eb36517c9,1791424971,0,,,,,0,0
e66e51a73fa915df31f3cba1,1791511133,0,,,,,0,0
e6702d1ca0a5cb126ce8418d,1791511133,0,,,,,0,0
e67102dc6434b0025ff5b1d7,1791424971,0,,,,,0,0
e686a32df86917e935419be0,1791424971,0,,,,,0,0
e68cc1ca4c24629740bfdaaa,1791424971,0,,,,,0,0
e68d94fd66b2a869ae731574,1791424971,0,,,,,0,0
e69056127f96f015b8daa248,1791424971,0,,,,,0,0
e6909d4a2a1edf5ef437de19,1791424971,0,,,,,0,0
e691120df8fbbe1db97aacfe,1791424971,0,,,,,0,0
e69209617960b17f2e257f65,1791424971,0,,,,,0,0
e6932d194395341e44c6ec46,1791424971,0,,,,,0,0
e693d83f1fc1b27079e213ef,1791424971,0,,,,,0,0
e693d84f539d398113e30b93,1791511133,0,,,,,0,0
e69a9765f545912da1cdcbc9,1791424971,0,,,,,0,0
e6a34da9763b9e02a6b7d208,1791424971,0,,,,,0,0
e6a54dccaa7249e1fc8e15dd,1791424971,0,,,,,0,0
e6ae3cb78a10dd3641e536c6,1791511133,0,,,,,0,0
e6b94c9db97a7ad1e452a69e,1791424971,0,,,,,0,0
e6b9dda43395eb5aadc0cd9e,1791424971,0,,,,,0,0
e6bb7fdbf144c82387134b6b,1791424971,0,,,,,0,0
e6c03f5720371f55c451a1ae,1791424971,0,,,,,0,0
e6c04c0de42d501aa0eb9585,1791424971,0,,,,,0,0
e6c1d4f43236a996d0f5ac46,1791424971,0,,,,,0,0
e6c4dcb3bd723bba315c764e,1791424971,0,,,,,0,0
e6c522c6c7da022ab5017a6f,1791424971,0,,,,,0,0
e6c916555f0f0e9c4fa0f6ec,1791424971,0,,,,,0,0
e6c9bbe935fd7db7e2daa063,1791424971,0,,,,,0,0
e6cc4f4d4b8e019a11afbe06,1791424971,0,,,,,0,0
e6d09512b22d9128abcdb37b,1791424971,0,,,,,0,0
e6d520c6de19f8e6a8ab7909,1791424971,0,,,,,0,0
e6dcd84c64fb536b1515e410,1791424971,0,,,,,0,0
e6de9a8811a3c0f6293eaccc,1791424971,0,,,,,0,0
e6e1ea32bfa5b66be5db17c4,1791424971,0,,,,,0,0
e6e51a383e8bf7ae0dc5da88,1791511133,1,0001144879-26-000057,"2.02,9.01",1791405811,13.0,1,0
e6e90228c15f04b77c79bf30,1791511133,0,,,,,0,0
e6f380eafa247661e5c7b55b,1791424971,0,,,,,0,0
e6f8c42431afa29bc200d8dc,1791424971,0,,,,,0,0
e6f9f8816286692b2db0c8c1,1791424971,0,,,,,0,0
e6ff5cab854687b32bddd7a4,1791424971,0,,,,,0,0
e6ffd33e5999ab0d67716887,1791424971,0,,,,,0,0
e6fffdefbbb91c1823983c7d,1791424971,0,,,,,0,0
e7033303d84f652d4f2ec858,1791424971,0,,,,,0,0
e70950ca65c47d88c9612998,1791424971,0,,,,,0,0
e70bc847f41641438663ea7c,1791424971,0,,,,,0,0
e70c3f3fb20996eec042a560,1791424971,0,,,,,0,0
e713206f919db875be06cd92,1791424971,0,,,,,0,0
e7146fe671256280143a8174,1791511133,0,,,,,0,0
e717f89636d240f6bb4788ed,1791424971,0,,,,,0,0
e72c935a88222e4b17d9083e,1791424971,0,,,,,0,0
e72d9b6b9fd00f649bc64172,1791424971,0,,,,,0,0
e733edc00c00ecd3e476739a,1791424971,0,,,,,0,0
e7341663bb1acee376ad15b6,1791424971,0,,,,,0,0
e7358a64c96919eaefce9dcc,1791424971,0,,,,,0,0
e73b07c1459bfa669d78e741,1791424971,0,,,,,0,0
e73cec901e0685f26b79a77e,1791511133,0,,,,,0,0
e73d9ed2fafd415ced00cc7f,1791424971,0,,,,,0,0
e740b23f327f3a910580bc1d,1791424971,0,,,,,0,0
e740ca0a54eff11db87b81a9,1791511133,0,,,,,0,0
e740fef5fef06dff5f9e25c9,1791424971,0,,,,,0,0
e7412c38024ec961271d00bf,1791424971,0,,,,,0,0
e75120451a17de71dc324211,1791424971,0,,,,,0,0
e758862117e521f683c66a28,1791424971,0,,,,,0,0
e75ec67fb5bedf20b17b10cf,1791424971,0,,,,,0,0
e7623dcc87bb48cb82f5a325,1791424971,0,,,,,0,0
e763f078460ae836e4cec376,1791424971,0,,,,,0,0
e76d9a07f192d13ff0ad34b6,1791424971,0,,,,,0,0
e76e15d26672a96bb43b2758,1791424971,0,,,,,0,0
e76e171466c19b2cbee266d1,1791424971,0,,,,,0,0
e76e6f5401f6ec25cb2e3e45,1791511133,0,,,,,0,0
e77592a7f342a45b3b3c3d0f,1791424971,0,,,,,0,0
e77ea110c35983df773fd3d5,1791424971,0,,,,,0,0
e781f1b5cd406efed648a971,1791424971,1,0000849399-26-000071,"7.01,9.01",1790626851,2.5,0,1
e789f60c94c7b45d6385e7cb,1791424971,0,,,,,0,0
e79087e71a4c5c138599a93b,1791424971,0,,,,,0,0
e790965660fc7c3464793e53,1791424971,0,,,,,0,0
e7945d3baeac80f420cb3ffd,1791424971,0,,,,,0,0
e79609f89d7ad7d08129c562,1791424971,0,,,,,0,0
e79799ec91ae9d2d59c0ad6f,1791424971,0,,,,,0,0
e7a1e7366f911023b15c6b1e,1791424971,0,,,,,0,0
e7a2d70b67015f0bef5bf015,1791424971,0,,,,,0,0
e7a6d864525ddd61cdd670da,1791424971,0,,,,,0,0
e7aba272cb36cba4f406973b,1791424971,0,,,,,0,0
e7adbcdc45831e234d6c3933,1791424971,0,,,,,0,0
e7b0838dc294c1ac968a12ff,1791424971,0,,,,,0,0
e7b341c36527920661716e02,1791424971,0,,,,,0,0
e7b86199c073ce164d13bbce,1791424971,0,,,,,0,0
e7bdc11edf045333463bb088,1791424971,0,,,,,0,0
e7be663244bcc4c2191bf7b1,1791424971,0,,,,,0,0
e7be907ed2963b9cc7a94f99,1791424971,0,,,,,0,0
e7bfbd554ffebbc42720372f,1791424971,0,,,,,0,0
e7c0881b33a94e048260297b,1791424971,0,,,,,0,0
e7c4413e859806b4d2dc4ee5,1791424971,0,,,,,0,0
e7c88821bba216a0df9e436a,1791424971,0,,,,,0,0
e7c9afed53ddf5f19967026f,1791511133,0,,,,,0,0
e7ca4c1b93466903d38e1b48,1791424971,0,,,,,0,0
e7cb1dd6d7379d644cfddb2b,1791424971,0,,,,,0,0
e7cd18882ea8a6060acd1322,1791424971,0,,,,,0,0
e7cd78b5842933b7aa694970,1791424971,0,,,,,0,0
e7cf4376a7a0991d32e59fb4,1791424971,0,,,,,0,0
e7d8fac5a1d2ef074e118f2e,1791424971,0,,,,,0,0
e7de155a42b0e4643bb081e8,1791424971,0,,,,,0,0
e7de8245f6b9448b2a0d0f4d,1791511133,0,,,,,0,0
e7e16aeea2251bee731c9094,1791424971,0,,,,,0,0
e7e4448389ea153980986fd3,1791424971,0,,,,,0,0
e7e52888a3c9b034b0818ce4,1791424971,0,,,,,0,0
e7e817842f9cc847fa8cbea2,1791424971,0,,,,,0,0
e7e852b837ade49bac1b85db,1791424971,1,0001628280-26-065292,"2.05,2.06,9.01",1791374472,13.0,0,1
e7ec0360b9d4e8354df238c0,1791424971,0,,,,,0,0
e7f5ea214a255283165861d2,1791424971,0,,,,,0,0
e7f8a569aba771d1210ecf0d,1791424971,0,,,,,0,0
e800f1b17dfa0693d4287d0d,1791424971,0,,,,,0,0
e80569ada5baed7a3106f9b2,1791424971,0,,,,,0,0
e805c70b40d69d6ee06ebebc,1791424971,0,,,,,0,0
e807936c1ee4568ff13e1d77,1791424971,1,0001628280-26-063850,"7.01,8.01,9.01",1790716525,11.0,0,1
e8080d32d0dd165de3280892,1791424971,0,,,,,0,0
e814a38acac52b794b26ba80,1791424971,0,,,,,0,0
e81698f6fadbbe5929d8e4c3,1791511133,0,,,,,0,0
e818ba001cd0c542a53cb332,1791424971,0,,,,,0,0
e8195c63b1c05b0798295964,1791511133,0,,,,,0,0
e820d5477e3627eea74b036b,1791424971,0,,,,,0,0
e828cacb0eaa3204d213e634,1791424971,0,,,,,0,0
e82c1d08dde48369ccd3055a,1791424971,0,,,,,0,0
e82ee389dee246b6adff4a22,1791424971,0,,,,,0,0
e83609c3a3a3f4096c4f760e,1791424971,0,,,,,0,0
e8372953f89a78c9d2dc6a75,1791511133,0,,,,,0,0
e837ff08ee69479eb787fe4f,1791424971,0,,,,,0,0
e83933eee50c3ef11ada4f1b,1791424971,0,,,,,0,0
e83f88002364dc10b24d6ffb,1791424971,0,,,,,0,0
e849a6dea6eb31e588b39932,1791424971,0,,,,,0,0
e8503af5a28f2f1ff43d7dc0,1791424971,0,,,,,0,0
e850b80cb1d14dc1dda1df71,1791424971,0,,,,,0,0
e859c8f301d096dfcce29586,1791424971,0,,,,,0,0
e85d39f77d78b05ba5d0c4e7,1791424971,0,,,,,0,0
e85ddbe6df65ddbf829bc9bd,1791424971,0,,,,,0,0
e860f9e804d51c1dfc8aed3f,1791424971,0,,,,,0,0
e86181eeb8fcf7b532d0164b,1791511133,0,,,,,0,0
e863ea705f0166af3fa3435f,1791424971,0,,,,,0,0
e86965722fd713d7b0ffd9e5,1791424971,1,0001423689-26-000135,5.02,1789157047,13.0,0,1
e87195a467bf1c35f14683e1,1791424971,0,,,,,0,0
e87226eac87352ba1727e28d,1791424971,0,,,,,0,0
e8752f57ff63d996f1acd1da,1791424971,0,,,,,0,0
e875369dc23e778dee0e04c5,1791424971,0,,,,,0,0
e878ab9a919a6bed02ce6258,1791424971,0,,,,,0,0
e87bfcc5dfa3512b2d37eaa9,1791424971,0,,,,,0,0
e880d77ee54b6788b2ea3550,1791424971,0,,,,,0,0
e8842fce29b41223ed5abbd7,1791424971,0,,,,,0,0
e88833a1e0e6a36b453a38ac,1791424971,0,,,,,0,0
e88eace3079dcc88bdfdfa61,1791424971,0,,,,,0,0
e891e1018eb19dc2ec2685d7,1791511133,0,,,,,0,0
e8938308f45e9cd6457f70c8,1791424971,0,,,,,0,0
e894d55979bae0a371d91655,1791424971,0,,,,,0,0
e89b8a1b1b4236c6ee7eecc4,1791424971,0,,,,,0,0
e89f475295e3d47c61fc97fb,1791424971,1,0001193125-26-397219,"8.01,9.01",1790075179,1.5,0,1
e8a4fd7c32c457d9e981e857,1791424971,0,,,,,0,0
e8a5d3135fcb4a9718904395,1791424971,0,,,,,0,0
e8afe82238055018e875f705,1791424971,0,,,,,0,0
e8b43556b22e010dbb8cc4a0,1791424971,0,,,,,0,0
e8b44900ca4860875629cb08,1791424971,0,,,,,0,0
e8b5e6fb2eea8e9e724d329a,1791511133,0,,,,,0,0
e8ceaa5e37d9765fdaf1d303,1791511133,0,,,,,0,0
e8df894846f23766cf42634e,1791424971,1,0000825542-26-000054,5.02,1790366532,7.0,0,1
e8dfc3fe5b274de28b35e597,1791424971,1,0001628280-26-063314,"2.02,9.01",1790247785,4.5,1,0
e8e442d536e4083f9f7cae58,1791424971,1,0001628280-26-059262,"2.02,5.02,7.01,9.01",1787862154,0.5,1,0
e8eaac1d746c3457c236c7c4,1791424971,0,,,,,0,0
e8f4ce1502be113ff9e6b714,1791424971,0,,,,,0,0
e8fa785c2e358accd8452bd7,1791424971,0,,,,,0,0
e8fd429df6ec6538c3e240ef,1791424971,0,,,,,0,0
e9002baa45cd5ea54088dda4,1791424971,0,,,,,0,0
e90454a8ef54f3722ff8e842,1791424971,0,,,,,0,0
e90ec7fb4ffbca842ba03b5e,1791424971,0,,,,,0,0
e9116b95f4b772ea91abda1a,1791424971,0,,,,,0,0
e912c6ea6041c0ee996c09f8,1791424971,0,,,,,0,0
e91531b5e8d2fdb41ee1980d,1791424971,0,,,,,0,0
e9168f7161eb02fbcc1c01b6,1791424971,0,,,,,0,0
e9198e743932a0f7c185d661,1791424971,0,,,,,0,0
e91bc932f6c11c5c1fea6c1c,1791424971,0,,,,,0,0
e91cdab64deca3a5402a79b7,1791424971,1,0001628280-26-063850,"7.01,8.01,9.01",1790716525,7.0,0,1
e92014284c48d845e325f818,1791424971,0,,,,,0,0
e9257b3a3735560094d7bb35,1791511133,0,,,,,0,0
e92a4784d070897e927b174d,1791424971,0,,,,,0,0
e92b8aaa12b1128360c2e49b,1791424971,0,,,,,0,0
e9309b7561213e90bcb71048,1791424971,0,,,,,0,0
e932459c3826b449af8b6600,1791511133,0,,,,,0,0
e93913878ce3d00261fbe72b,1791424971,0,,,,,0,0
e9415abfccae7280369eee4d,1791424971,0,,,,,0,0
e94359dde982a1b39b4a2e39,1791424971,0,,,,,0,0
e948a8d1482447234b471429,1791511133,0,,,,,0,0
e954718473c38e250ddc66bc,1791424971,0,,,,,0,0
e955726f4eabab3ffba2f2e4,1791424971,0,,,,,0,0
e95a9e78f9168edaed0a9c4a,1791424971,0,,,,,0,0
e95d664d9057e391497055fe,1791424971,0,,,,,0,0
e9605043412e545cee7473fa,1791424971,0,,,,,0,0
e960d0d9b4bf975b8fec84d8,1791424971,0,,,,,0,0
e9624756c30f7958195238d1,1791424971,0,,,,,0,0
e9717f937799e3387d1607f9,1791424971,0,,,,,0,0
e9728dd978d71ee2ece9ef7e,1791424971,0,,,,,0,0
e9767953976552e171b551d7,1791424971,1,0001193125-26-386510,"2.02,9.01",1788985817,2.5,1,0
e977f60d8125c96bba839091,1791424971,0,,,,,0,0
e978a4d298ba49295e826c3d,1791424971,0,,,,,0,0
e97afa24fc10e0457be76a37,1791424971,0,,,,,0,0
e97b9585d7a287712fe9ecf6,1791511133,0,,,,,0,0
e98b353eb989314693cc3fab,1791424971,0,,,,,0,0
e98cb33e2290231a6d6edf94,1791424971,0,,,,,0,0
e994070b63bff90c286043bb,1791424971,0,,,,,0,0
e99a6f991c0fa22f2af141ff,1791424971,0,,,,,0,0
e99c11882d673589e010bd8d,1791511133,0,,,,,0,0
e99f04401ae1cd0126d4b9b2,1791424971,0,,,,,0,0
e9a34b93ee7cfb6d92757673,1791424971,0,,,,,0,0
e9a3b8756b91aa525592ff8f,1791424971,0,,,,,0,0
e9aabd52765dc180e46cbded,1791511133,0,,,,,0,0
e9abaa723b2b6881d9cd21cc,1791511133,0,,,,,0,0
e9acb462fdadd4e7ca6752f8,1791424971,1,0000080661-26-000322,"7.01,9.01",1789735133,0.5,0,1
e9b1f7571ca1e5acab3aa12d,1791424971,0,,,,,0,0
e9b23f2d9e05bca74e98126a,1791424971,0,,,,,0,0
e9b40a07f9ea73b21a82e611,1791424971,0,,,,,0,0
e9b53ad911e008a406e2cdde,1791424971,0,,,,,0,0
e9b8a79540f5340ed27d7fb3,1791424971,0,,,,,0,0
e9c2b75818d6270842e2f33c,1791424971,0,,,,,0,0
e9c497a34f33c61e781c575e,1791424971,0,,,,,0,0
e9c5150945afd5dfd24d8f9d,1791424971,0,,,,,0,0
e9c59f4977339ea3aa7434db,1791424971,0,,,,,0,0
e9c6fb62d27075991d6ce3dc,1791424971,1,0000016918-26-000034,"7.01,9.01",1788902404,0.5,0,1
e9cf8e00e2c39c18ff485bf8,1791424971,0,,,,,0,0
e9d67d5cd0dc8f592bc4466e,1791424971,0,,,,,0,0
e9d80ad958a9512c8e10064a,1791424971,1,0000812011-26-000048,"2.02,9.01",1790626007,6.5,1,0
e9df7875d51241433018ec64,1791427778,0,,,,,0,0
e9e3c5e0e7d7ffd18724fd76,1791511133,0,,,,,0,0
e9e995a1698e62aadf93c067,1791511133,0,,,,,0,0
e9eac168e1c2deb8e6536532,1791424971,0,,,,,0,0
e9f2e99986891d1e8215b040,1791424971,0,,,,,0,0
e9f4b315504c0c20296d3a8d,1791424971,0,,,,,0,0
e9f60232ea7554d61cf90654,1791424971,0,,,,,0,0
e9f6ffaf5f53bfe70282736e,1791424971,0,,,,,0,0
e9fa7fabb99036251b72b31e,1791424971,0,,,,,0,0
e9fda1a6cc93589d5a44f51a,1791427778,0,,,,,0,0
e9ff9a994799bc8a75db54ba,1791424971,0,,,,,0,0
ea0bbfafe41870e35b3f350b,1791424971,0,,,,,0,0
ea0f57b5e7d07c4d1b300d3c,1791424971,0,,,,,0,0
ea1534ab04116ddc09f87128,1791424971,0,,,,,0,0
ea187d20b4a2953c8e3fcfa9,1791424971,0,,,,,0,0
ea304882956341dcae3ad8cb,1791424971,0,,,,,0,0
ea33d5b52f0da8465a0a9524,1791424971,0,,,,,0,0
ea36ba293858c6bba1af5d54,1791424971,0,,,,,0,0
ea36f0e6a722490103383b00,1791424971,0,,,,,0,0
ea39a08ea56d4c3d89526d2d,1791424971,0,,,,,0,0
ea3fe365b1168cc0b0eab94f,1791424971,0,,,,,0,0
ea41c684484e45afaabb7100,1791424971,0,,,,,0,0
ea41c7c74a028d9dc10ffa65,1791424971,0,,,,,0,0
ea444d9aed7a170f838ce535,1791424971,0,,,,,0,0
ea45eee7e0cabd5ac146f7c0,1791511133,0,,,,,0,0
ea4b8c6d84e41f9731977670,1791424971,0,,,,,0,0
ea4bb7ecaba0ab540fa339a1,1791424971,0,,,,,0,0
ea4e2dadc805f245fe584d14,1791424971,0,,,,,0,0
ea4f82528ce2abf7d89f87d1,1791424971,0,,,,,0,0
ea4fba06cf402dcf8d9f8947,1791424971,0,,,,,0,0
ea4fba299841ac18ca5be56b,1791511133,0,,,,,0,0
ea5052e584da0ed0f45b5acb,1791511133,0,,,,,0,0
ea553dcdf1ed222fa5fb4fb3,1791424971,1,0001104659-26-105498,5.02,1788552340,0.5,0,1
ea58f599ad0189144a289939,1791424971,0,,,,,0,0
ea63312c4004d334efede288,1791424971,0,,,,,0,0
ea6c9943147ac9e162add3c3,1791424971,0,,,,,0,0
ea6d7f26fc4c417b27e34a4f,1791424971,0,,,,,0,0
ea6def96b13a021c475277c5,1791424971,0,,,,,0,0
ea6fb3f61e465f0c0b66ce93,1791511133,0,,,,,0,0
ea749bff5312909a637d8d7c,1791424971,0,,,,,0,0
ea74ba99bd04a114569d4bd0,1791424971,0,,,,,0,0
ea76978d63d6b08444f680e8,1791424971,0,,,,,0,0
ea7cca91b343b042d8512b73,1791511133,0,,,,,0,0
ea88a363642b1bbb93ef8d90,1791424971,0,,,,,0,0
ea8d333ff7b408a7305b4cb2,1791424971,0,,,,,0,0
ea8da8ccd307b26ada4405c7,1791511133,0,,,,,0,0
ea8e4b30aa612f44d14cebd9,1791424971,0,,,,,0,0
ea928818bd9c924a45e6e8c5,1791424971,0,,,,,0,0
ea949d45f241a07cea790eb1,1791424971,0,,,,,0,0
ea980cf44762bcb1766a5daf,1791424971,0,,,,,0,0
ea9987b1bbd87dc3ee262cf4,1791424971,0,,,,,0,0
ea9cb3cdb21034fdb81e1cfa,1791424971,0,,,,,0,0
ea9e9a7756b61ddbe72c7d8c,1791424971,0,,,,,0,0
eaa3e074a53749eb5c643663,1791424971,0,,,,,0,0
eaa6603959274e01f8d66a29,1791424971,0,,,,,0,0
eaaf3d52507778731ff0a916,1791424971,1,0001628280-26-063888,"2.02,5.03,9.01",1790766066,0.5,1,0
eab0a4912942168008a7d2dd,1791424971,1,0001193125-26-409974,5.02,1790859622,0.5,0,1
eab3cba3b0ddb739e8a8961d,1791424971,0,,,,,0,0
eab61ea71f81680b3f8a0c58,1791511133,0,,,,,0,0
eab653b523db8fd54185270b,1791424971,0,,,,,0,0
eab675396b0ce1667cb6877f,1791424971,0,,,,,0,0
eab89d344e068c868596834e,1791424971,0,,,,,0,0
eaba0ab4f966b4b2e37b0ab0,1791424971,0,,,,,0,0
eabd9537a5a3ef278b18798f,1791424971,0,,,,,0,0
eabf2af175bcaf435ff56379,1791424971,1,0001104659-26-102438,"2.02,9.01",1787861257,0.5,1,0
eabf7bec7338bb2892eae0b7,1791511133,0,,,,,0,0
eac3f0cbbf8ae2c27b09a84d,1791424971,0,,,,,0,0
eac66ac9d0305381b03c5b42,1791424971,0,,,,,0,0
eaca6a03ec1a484f67b9c0e5,1791424971,0,,,,,0,0
eacb79168c5cb89139428139,1791424971,0,,,,,0,0
eace425ffb41a9eef7fbaf0b,1791424971,0,,,,,0,0
eacf05ee6ba717c0079781c6,1791424971,0,,,,,0,0
eacf515c64da40a1de4d9f1d,1791424971,0,,,,,0,0
eacff23d702675025873cb8f,1791424971,0,,,,,0,0
ead2a37a73578d854e9a6ec5,1791424971,0,,,,,0,0
ead4299a5e83eb92a10bce81,1791424971,0,,,,,0,0
ead64f64b7ae5e569716f342,1791424971,0,,,,,0,0
ead93ba243d1592a51800824,1791424971,0,,,,,0,0
ead9c63945872a95cf741e64,1791424971,0,,,,,0,0
eade92e9b3b7a53659486ad8,1791424971,0,,,,,0,0
eadf2e7b3bb91e6db95eb11d,1791424971,0,,,,,0,0
eae163064a574bf076c679a4,1791424971,0,,,,,0,0
eae81aeace85cd42c5fcf270,1791424971,0,,,,,0,0
eaf068479b65e7274f7f6700,1791424971,0,,,,,0,0
eaf1ea6b729fb084e7a57525,1791511133,0,,,,,0,0
eafd1657530fa1452825375f,1791424971,0,,,,,0,0
eafde03bd15d6a4caae24acd,1791424971,0,,,,,0,0
eaff95b86ddbf9d012c487dd,1791424971,0,,,,,0,0
eb00d054271ad0f3a76121b1,1791424971,0,,,,,0,0
eb039919d18eb5c4cabda745,1791424971,0,,,,,0,0
eb07848408374df5578ba527,1791424971,0,,,,,0,0
eb07df0ea875c6ed542cf254,1791424971,0,,,,,0,0
eb08457a798fdac529af0a31,1791424971,0,,,,,0,0
eb0bd553197e248b011de3c7,1791424971,0,,,,,0,0
eb126425b9647c6c22742731,1791424971,0,,,,,0,0
eb12967f1d24c996d6ac9cd4,1791427778,0,,,,,0,0
eb2248e466b5243be79d9fec,1791424971,0,,,,,0,0
eb26993e4be2aefe66319bea,1791424971,0,,,,,0,0
eb2c884d010309541e4981ec,1791424971,0,,,,,0,0
eb2ccc9d693f00d15fa4d098,1791424971,0,,,,,0,0
eb2f637b0578b8ce65452c90,1791424971,0,,,,,0,0
eb2f74611c28b90ff46f0102,1791424971,0,,,,,0,0
eb355f50b2baae30573a5d19,1791424971,0,,,,,0,0
eb35c9ffe445abbbedb63d14,1791424971,0,,,,,0,0
eb3693fb07baae7ff17b58a3,1791424971,0,,,,,0,0
eb39ddf9784e699ff1f9787c,1791424971,0,,,,,0,0
eb3a429a3f654cf8ece00d10,1791511133,0,,,,,0,0
eb42ceeb8c169197e689d5fd,1791424971,0,,,,,0,0
eb455c06623df7652d455b2b,1791424971,0,,,,,0,0
eb480fe0964c390459e649db,1791511133,0,,,,,0,0
eb4aa29a6211fa1937600159,1791424971,0,,,,,0,0
eb4c748dc1bcf32053273aa4,1791511133,0,,,,,0,0
eb4e204bd02ae43f7c670021,1791424971,0,,,,,0,0
eb4f60ef9eced42610fa78c5,1791511133,0,,,,,0,0
eb4f76a15ed1799f6a9e096b,1791511133,0,,,,,0,0
eb5170c45f02fb9b601fc53b,1791424971,0,,,,,0,0
eb519918923c8b13385b0ae8,1791424971,0,,,,,0,0
eb594e4b5f11b6726a2206d7,1791424971,0,,,,,0,0
eb5c801636f1741bd365f7c1,1791511133,0,,,,,0,0
eb5d6b3231edda1bc83513e7,1791511133,0,,,,,0,0
eb65aee9cb8f4b438b8d8cf3,1791424971,0,,,,,0,0
eb6c4c3fa579bad246e9ecef,1791424971,0,,,,,0,0
eb767e33912a0ad678975131,1791424971,0,,,,,0,0
eb7c144af0b00b5e7b0538f2,1791511133,0,,,,,0,0
eb7d2c25c581780beafb3232,1791511133,0,,,,,0,0
eb870bf4559a574de2e1008a,1791511133,0,,,,,0,0
eb940b3d9112ef103b494160,1791424971,0,,,,,0,0
eb96b6782501ba35cdf006c6,1791424971,0,,,,,0,0
eba1920facc59f1104e86ae4,1791424971,0,,,,,0,0
eba5452b555e444dcbd15f56,1791424971,0,,,,,0,0
eba61342dcd86f2146d82273,1791424971,0,,,,,0,0
eba8f281ce63755c8e273ce5,1791424971,0,,,,,0,0
ebacb2ff3084bf9420b19756,1791511133,0,,,,,0,0
ebad68100ac2a446e7b951d3,1791424971,0,,,,,0,0
ebaea06602cdbbaca2589720,1791424971,0,,,,,0,0
ebaefb83bfc0e5bc18b2c6f6,1791424971,0,,,,,0,0
ebb1edd99d3f23f8aa9987dd,1791424971,0,,,,,0,0
ebb34eecc90c144e2d300c81,1791424971,0,,,,,0,0
ebb8b56aa5c7a8bb766b79ab,1791424971,0,,,,,0,0
ebb8fac48881987780e67960,1791511133,0,,,,,0,0
ebb906f9ffa588e4249f970d,1791424971,0,,,,,0,0
ebc38624f65feffd5d23786a,1791511133,0,,,,,0,0
ebc397d2254b89bc614606d4,1791424971,0,,,,,0,0
ebc8271f167370690af407a8,1791424971,0,,,,,0,0
ebcf81ed0d6353241e5746b3,1791424971,0,,,,,0,0
ebe4441ee1d49e2b09b22314,1791511133,0,,,,,0,0
ebe8f3f1734d34ce2bfefabe,1791424971,0,,,,,0,0
ebe94b2e1af0bb960624c541,1791424971,1,0001423689-26-000135,5.02,1789157047,7.0,0,1
ebed16224d1e303640be76e6,1791424971,0,,,,,0,0
ebee51267501bf5771b66d72,1791424971,0,,,,,0,0
ebf2a14b9bacaecb398652f4,1791424971,1,0001193125-26-409974,5.02,1790859622,0.5,0,1
ebf3f8adb1e20b6b38935ab2,1791424971,0,,,,,0,0
ebf447da62bb1bfe8785d9a1,1791424971,0,,,,,0,0
ebf50553b33f40d82e0e675c,1791424971,0,,,,,0,0
ebf55d0d89e84d9834681980,1791424971,0,,,,,0,0
ebfbde627e5ed40cde6eb42d,1791424971,0,,,,,0,0
ebffdd7efd6640d0e5976d90,1791424971,0,,,,,0,0
ec0023db87aa34b3f4be8f14,1791424971,0,,,,,0,0
ec0cf22d5c9023f6c9993abb,1791424971,0,,,,,0,0
ec10fa1912e133939b40beba,1791424971,0,,,,,0,0
ec15a0b4ac800abfb7ca2542,1791424971,0,,,,,0,0
ec1bfed657d070cb53442a58,1791424971,0,,,,,0,0
ec1d1f73367c605078ccd3d1,1791424971,0,,,,,0,0
ec23343b6fffdf1fee030148,1791424971,0,,,,,0,0
ec28911d6371559e08a010f7,1791424971,0,,,,,0,0
ec2e2fd270d287a3317f0377,1791424971,0,,,,,0,0
ec324f562f0625489918cbf1,1791424971,0,,,,,0,0
ec3414da1fe6fd889a3c7791,1791424971,0,,,,,0,0
ec37a0e84ecae3c0e64d97ed,1791511133,0,,,,,0,0
ec3fefcbc446ac57068771f6,1791424971,0,,,,,0,0
ec4326d1bb08191938fbd826,1791424971,0,,,,,0,0
ec4aedc6327dbca19173d1f1,1791511133,0,,,,,0,0
ec4db97a86785f14a4733873,1791424971,0,,,,,0,0
ec573d3f7e85ca20b3559bfd,1791424971,0,,,,,0,0
ec5802bdf3847c942c764c24,1791511133,0,,,,,0,0
ec59ee44b8f207054fbc536f,1791511133,0,,,,,0,0
ec5aa8d9f756c74be5ff97e6,1791424971,0,,,,,0,0
ec5abbee7938b5e5f5b4d464,1791424971,0,,,,,0,0
ec5c3f9d5010af4d1d56cf7e,1791424971,0,,,,,0,0
ec64bda6d264202c34b8c006,1791424971,0,,,,,0,0
ec71681269b9e7559145b3ca,1791424971,0,,,,,0,0
ec72ad994a2495e5cbbb6306,1791424971,0,,,,,0,0
ec7684e6c0fb539249fc1ae6,1791424971,0,,,,,0,0
ec7f3d46dfe65a71bdba157b,1791424971,0,,,,,0,0
ec871fb8216251ad9c6f5980,1791424971,0,,,,,0,0
ec8af054103d2b5d8ecc2f20,1791424971,0,,,,,0,0
ec8e388db1ece83431dd9d7e,1791424971,0,,,,,0,0
ec8f3901235fe01337068e62,1791424971,0,,,,,0,0
ec92da8cadf173648a5a3118,1791424971,0,,,,,0,0
ec9b0ff482ab0d5793938d5d,1791424971,1,0001193125-26-409787,"1.01,2.01,2.03,7.01,9.01",1790852398,7.0,0,1
ec9d123b41275f349eb50a4d,1791424971,0,,,,,0,0
ec9db92dde57fdf50a38a13d,1791424971,0,,,,,0,0
ec9f906e0081bf6f70ad723d,1791424971,0,,,,,0,0
eca1455aaeba8be9116119ef,1791424971,0,,,,,0,0
eca24fb3bbacbe7ebe166980,1791424971,0,,,,,0,0
eca9773a73cb46f0c2b4e20e,1791424971,0,,,,,0,0
ecac62e704abce96c469eb68,1791511133,0,,,,,0,0
ecae2bc3d2b2a766ccd5b6c2,1791511133,0,,,,,0,0
ecb43a320ceedc1bd44ecf8c,1791424971,0,,,,,0,0
ecb79b31a2db19e637357c49,1791424971,0,,,,,0,0
ecb9b7b54b343a846cf6ef05,1791424971,0,,,,,0,0
ecbf8f87415de79d9a5f08e1,1791424971,0,,,,,0,0
ecc2b7a75b7a56872040dd7e,1791424971,0,,,,,0,0
ecc4dc9a0eee1f531736ad31,1791424971,0,,,,,0,0
ecc8085a5a41a1edee0b3db7,1791424971,0,,,,,0,0
eccb4753e868e6f28bfa6fb4,1791424971,0,,,,,0,0
ecce1ae12344c93b55c4a160,1791424971,0,,,,,0,0
eccf9767c1159465aa1f9ba3,1791424971,0,,,,,0,0
eccff4f1e898deb4dfc85db1,1791511133,1,0001628280-26-065252,"5.02,9.01",1791319479,5.5,0,1
ecd3508b8faf358fd85da63a,1791424971,0,,,,,0,0
ecd623c808f83557288fd2a5,1791424971,0,,,,,0,0
ecd6ffe4f60181d8e2655622,1791424971,0,,,,,0,0
ecd781c4b89defa98df0d26b,1791424971,0,,,,,0,0
ecdc58ebb3ffdfea311ce2de,1791424971,0,,,,,0,0
ecde22661b2c4a2e5ec6f6d0,1791424971,1,0001193125-26-409787,"1.01,2.01,2.03,7.01,9.01",1790852398,7.0,0,1
ece003e1d0f2f0295a1507d0,1791424971,0,,,,,0,0
ece01c6d895b633929d934c5,1791511133,0,,,,,0,0
ece2e68422d802094fdaaafe,1791424971,0,,,,,0,0
ece88415ad84bf33d8725339,1791424971,0,,,,,0,0
ece99785b89fad2b603831d0,1791424971,0,,,,,0,0
eceb26224d2f964aa603f57c,1791424971,0,,,,,0,0
eced69581dd4d7acac12ed05,1791511133,0,,,,,0,0
ecf29194b7715595f1122885,1791424971,0,,,,,0,0
ecf4b7ad2ce3036bc97e3a6d,1791424971,1,0001655888-26-000063,"2.02,9.01",1790885782,0.5,1,0
ecfc27850384cfc97f8f6b9d,1791424971,0,,,,,0,0
ecfc742668b107853bfec274,1791424971,0,,,,,0,0
ecfc9e8198ef0b6d2c362fd9,1791424971,0,,,,,0,0
ed00db0feb60b0436c56d6e3,1791424971,0,,,,,0,0
ed021379d3efe7e251dd5f9a,1791424971,0,,,,,0,0
ed08c2fc3f5e5abb56cde906,1791424971,0,,,,,0,0
ed0e281be47f58c5e6859aeb,1791424971,0,,,,,0,0
ed0e89c4a8a8d7bb234d4043,1791424971,0,,,,,0,0
ed1509431c81b8f651bd2251,1791424971,0,,,,,0,0
ed16b7fa13606042fe16810f,1791424971,0,,,,,0,0
ed183c8b912bbca05ed381b2,1791424971,0,,,,,0,0
ed19fa586249f18b35039dd4,1791424971,0,,,,,0,0
ed1bf98a8a30db1e78b2517b,1791424971,0,,,,,0,0
ed1efa5251ac823d009bd47c,1791424971,0,,,,,0,0
ed1f7390984f192160d7c646,1791424971,0,,,,,0,0
ed236f9ef3aaafa11f8db303,1791511133,0,,,,,0,0
ed2531aaa8f58adffe61ae0d,1791424971,0,,,,,0,0
ed2a2aeb0b050d2a532afb81,1791511133,0,,,,,0,0
ed2a68277d7898ae6d91cb36,1791424971,0,,,,,0,0
ed37968c8da7cf9511718969,1791424971,0,,,,,0,0
ed385dba881a88bb2435446f,1791424971,0,,,,,0,0
ed419876afbadbac85f19956,1791424971,0,,,,,0,0
ed41b38c37c45d4b36e1d1f6,1791424971,0,,,,,0,0
ed449d5d9e02c9e2900d0bec,1791424971,0,,,,,0,0
ed44ea7fc3b52717fddfb6e6,1791424971,0,,,,,0,0
ed468535aa7069a6dc9154d7,1791424971,1,0001104659-26-108777,"7.01,9.01",1789739251,0.29194444444444445,0,1
ed47449ecf11efe7378ba54f,1791424971,0,,,,,0,0
ed47eedea2ac978583ad03dd,1791424971,0,,,,,0,0
ed48468a8a92bd722e1ff7f3,1791424971,0,,,,,0,0
ed4abf7686734e631929268d,1791424971,0,,,,,0,0
ed4bd2fd217bea43346fad2c,1791424971,0,,,,,0,0
ed4e43dbb43d051b6e7c883e,1791424971,0,,,,,0,0
ed5032ac45c08a9a2d538dd1,1791424971,0,,,,,0,0
ed529a7bfed2f1cac16190f9,1791424971,0,,,,,0,0
ed5a3f3edfefc26793e2657a,1791424971,0,,,,,0,0
ed5f4882486ad6a6feff358c,1791424971,0,,,,,0,0
ed6bd68c696338cee5391ac3,1791424971,0,,,,,0,0
ed6ce73228d2cc90bd828bcc,1791511133,0,,,,,0,0
ed7391aa7256f4f438515c14,1791424971,0,,,,,0,0
ed77618a13f78630c51d4e50,1791424971,0,,,,,0,0
ed77f2640552d3f5094af00d,1791424971,0,,,,,0,0
ed78c12453615dcf7334421f,1791424971,1,0001140361-26-038468,"1.01,2.03,9.01",1790986367,6.5,0,1
ed7c55bda80585d9aa0341f7,1791511133,0,,,,,0,0
ed831e7a52777716096e8de5,1791424971,0,,,,,0,0
ed89bd605511cc6162474ec2,1791424971,0,,,,,0,0
ed8c13a03fb11cb0ba3e1859,1791424971,0,,,,,0,0
ed8f44ba047275480b4aa9f1,1791424971,0,,,,,0,0
ed960f266d6e5271805e0ab0,1791511133,0,,,,,0,0
ed9709e69ec8a90879ab64c2,1791511133,0,,,,,0,0
ed997388d8bd26d924a1a3c7,1791424971,0,,,,,0,0
ed99c9d4adbac9bef006ced8,1791424971,0,,,,,0,0
ed9a722046e5ce9123f46805,1791424971,0,,,,,0,0
ed9c80cc6affcbe11253850c,1791511133,0,,,,,0,0
ed9cf405b14434fc0ce49d58,1791424971,0,,,,,0,0
eda49749249133b2c1e477df,1791424971,0,,,,,0,0
edb0ae486572429f5c0a8b96,1791424971,0,,,,,0,0
edb5d65393404c2149484bc6,1791424971,0,,,,,0,0
edb761bf6cd6efaf5af65486,1791424971,0,,,,,0,0
edba4157f1249c675a567279,1791424971,0,,,,,0,0
edba81bb0704b6c83d9d707f,1791424971,0,,,,,0,0
edbd19143f945af1df73d56c,1791424971,0,,,,,0,0
edbe1ce06763c6959309c599,1791424971,0,,,,,0,0
edd10bbd30328bb9ab1c1035,1791424971,0,,,,,0,0
edde628430ff3d59e339b0d2,1791424971,0,,,,,0,0
ede7a0f5e00350f2e6b7b7ec,1791424971,0,,,,,0,0
ede950dd44dd958eefdf600b,1791424971,0,,,,,0,0
edee7b042c6e26b83511f77a,1791424971,0,,,,,0,0
edf157875fe0bc1c0f918a15,1791424971,0,,,,,0,0
edf804ba10e9507c5d61ae40,1791424971,0,,,,,0,0
edfd6e84e3fb19d8c51db4f2,1791424971,0,,,,,0,0
edfe12bc616823ba35768475,1791424971,0,,,,,0,0
edfe799538722bbd22b0e6cf,1791424971,0,,,,,0,0
ee00232ddbf0c2559b9d5016,1791424971,0,,,,,0,0
ee04c4583349c289f1550ebd,1791511133,0,,,,,0,0
ee06b6587a69bc20f91c96cd,1791424971,1,0001817358-26-000146,"2.02,7.01,9.01",1788955361,0.5,1,0
ee0c3df5087342615e55ec35,1791424971,0,,,,,0,0
ee0e6571927b73d1f0c2fa7b,1791424971,0,,,,,0,0
ee116a6d7816d710d8bc018c,1791424971,0,,,,,0,0
ee18e53e1996d8443cfa74f2,1791424971,0,,,,,0,0
ee1e98d519287f02ec999965,1791424971,0,,,,,0,0
ee21a26051d9c80c6fbbfe37,1791424971,0,,,,,0,0
ee2494beb6cbf3e37bed9d42,1791424971,0,,,,,0,0
ee2dc244371bc9239e50d80a,1791424971,0,,,,,0,0
ee2fd4cc3812b0a15b34eb72,1791424971,0,,,,,0,0
ee3546c70796bd314cb39fcb,1791424971,0,,,,,0,0
ee397dc51060d1f7d1c41714,1791424971,0,,,,,0,0
ee3bb613be65741ff8da8199,1791511133,0,,,,,0,0
ee3c4d4cfefc47e2aa16b6e3,1791424971,0,,,,,0,0
ee3c736589e53dbe16c834e2,1791424971,0,,,,,0,0
ee3f8a3a4abb5a01f06e669a,1791424971,0,,,,,0,0
ee40816dec92f5e51bc92d18,1791424971,0,,,,,0,0
ee4134caa38671b1555f5d15,1791424971,0,,,,,0,0
ee4152e53f3d59776b705403,1791511133,0,,,,,0,0
ee4158c71ccb62726103c81d,1791424971,0,,,,,0,0
ee43af6904988c07eff612e3,1791424971,0,,,,,0,0
ee453cfecc8e30ec075c32ce,1791424971,0,,,,,0,0
ee459c1cf235e9722373b6f7,1791424971,0,,,,,0,0
ee4674a9a64150d8c2555375,1791511133,0,,,,,0,0
ee46c5201e5e3a7f96187ed3,1791424971,0,,,,,0,0
ee4800240c8e22a9973889d6,1791424971,0,,,,,0,0
ee4ca567b47961b245f264cf,1791424971,1,0001628280-26-059385,"2.03,5.02,7.01,9.01",1787947431,11.0,0,1
ee4db937b64c67c22fe58199,1791424971,0,,,,,0,0
ee542473c77c3114fa17dcb3,1791424971,0,,,,,0,0
ee547c9c64bee54ac721e9a5,1791511133,0,,,,,0,0
ee55ef383b693df4c4d6f380,1791424971,0,,,,,0,0
ee5acf28717e6fa3755c2532,1791511133,0,,,,,0,0
ee60c6774c385b5fe4385fb8,1791511133,0,,,,,0,0
ee611209eb99013074f7f4f4,1791424971,0,,,,,0,0
ee67f455dd22802069939bde,1791424971,0,,,,,0,0
ee6b4f8f50b63af27e131812,1791424971,0,,,,,0,0
ee71b2783bb039509824eb8f,1791511133,0,,,,,0,0
ee790d077a4cb65982fbdd23,1791424971,0,,,,,0,0
ee7b04b218d8c4fd3d5f2628,1791424971,0,,,,,0,0
ee7be9406f158e5f888ce9a1,1791424971,0,,,,,0,0
ee80adaa1d3c86df3edaca29,1791424971,0,,,,,0,0
ee8ae9ce0c1c765568535595,1791511133,0,,,,,0,0
ee8d05c51c16d029b11484c1,1791424971,0,,,,,0,0
ee92d7ffa6f4bda3d7b7835f,1791424971,0,,,,,0,0
ee9d283a1ddbfc217702e172,1791424971,0,,,,,0,0
ee9f3aca56fd84f5740cc154,1791424971,0,,,,,0,0
eea0a7c1b151589723e845cf,1791424971,0,,,,,0,0
eea1515704eed0f8fc7f091d,1791424971,0,,,,,0,0
eea1e0737e283046eed396e4,1791424971,0,,,,,0,0
eea3315136fbef14b8617a91,1791424971,0,,,,,0,0
eeacae5c08c26a3156fab848,1791424971,0,,,,,0,0
eeb2c1831938d17c21a2185c,1791424971,0,,,,,0,0
eeb45c01f4d2b06081504ba3,1791424971,1,0001104659-26-106304,"2.02,7.01,9.01",1788984243,0.5,1,0
eeb461fecf53df4ad2c4c20d,1791511133,0,,,,,0,0
eebfac0069168b48e1c54598,1791424971,0,,,,,0,0
eec0bc26656a7b8f3ade9d47,1791424971,0,,,,,0,0
eeccc9e274f6ce4146a9ccac,1791424971,0,,,,,0,0
eecf8a54bd7e4e2238e77838,1791424971,0,,,,,0,0
eed0337616e6eaaf3dc2ca3b,1791424971,0,,,,,0,0
eed419754a7afa0b9845a565,1791424971,0,,,,,0,0
eed57b9ba5a94f23ae394849,1791424971,0,,,,,0,0
eed7f445071276c92235b5dd,1791511133,0,,,,,0,0
eedb930c569005a5fe999e1f,1791424971,0,,,,,0,0
eee15cf86621c5ebe3011082,1791424971,0,,,,,0,0
eee19c351824880a07e8b8a8,1791424971,0,,,,,0,0
eee1ff150682d87d2546be7b,1791424971,0,,,,,0,0
eee2abb3158f7eb71631d1cb,1791424971,0,,,,,0,0
eee33821254cedc2ef8a6bf6,1791424971,0,,,,,0,0
eee3606ae881d49ebc87659f,1791424971,0,,,,,0,0
eee4a48e5f14aab986029a73,1791424971,0,,,,,0,0
eee508e9f298d4632ff5adc9,1791424971,0,,,,,0,0
eee69c76c2a49f438e7548e3,1791424971,0,,,,,0,0
eee6a3491490bbc060f5910a,1791424971,0,,,,,0,0
eeec862b2e33ed8f44de8bfe,1791424971,0,,,,,0,0
eef7519a21a12c0b3bbd3a9b,1791424971,0,,,,,0,0
eefaa6a3c83ae45fad16304f,1791424971,0,,,,,0,0
eefd6072fac8a3cffd826ea7,1791424971,0,,,,,0,0
eefdbb9d312f6d8eb1570306,1791424971,0,,,,,0,0
ef02ca8c8fed12e0b20f1a18,1791424971,0,,,,,0,0
ef0847f295c1f684ec96e3c2,1791424971,0,,,,,0,0
ef08b92d87326746f6128795,1791424971,0,,,,,0,0
ef0c6616a66998c88608fe92,1791424971,0,,,,,0,0
ef0e25d154932da05fe4d1f6,1791424971,0,,,,,0,0
ef1390056459039315b37abd,1791424971,0,,,,,0,0
ef14737f4b939a4d6dea2f05,1791424971,0,,,,,0,0
ef1deea5d38a02a909d65ced,1791424971,0,,,,,0,0
ef2317f90e1a7cd254caf03a,1791424971,0,,,,,0,0
ef2967b6c4850d9876565417,1791424971,0,,,,,0,0
ef3042d4a3f95ebedc030e98,1791424971,0,,,,,0,0
ef33023eeeea02b5a192220c,1791424971,0,,,,,0,0
ef35e7ad671f88246ae0eafb,1791511133,0,,,,,0,0
ef38f8b39b45ce615a6ea0ee,1791424971,0,,,,,0,0
ef3aff9e429d11720794eba0,1791424971,0,,,,,0,0
ef3daf106610370daed8b4d6,1791424971,0,,,,,0,0
ef41afa342f180fa70e7654e,1791424971,0,,,,,0,0
ef44f779aa13b1473898dedf,1791511133,0,,,,,0,0
ef46ada58eef91ae8b344f17,1791424971,0,,,,,0,0
ef47daf238a73f189f845270,1791424971,0,,,,,0,0
ef4b16f3af934161a59e0643,1791424971,0,,,,,0,0
ef558bfc3dcde8f249653bd2,1791424971,0,,,,,0,0
ef59f889700f433cecff19d9,1791424971,0,,,,,0,0
ef5d42b957856b77a8a78c0a,1791424971,0,,,,,0,0
ef65b18b796a5caf179d2d6b,1791424971,0,,,,,0,0
ef68d8f45f3b77a4af98d4ff,1791424971,0,,,,,0,0
ef6cb1202ded2d9afbf0a658,1791424971,0,,,,,0,0
ef6cdbeab30e996ec65ab045,1791424971,0,,,,,0,0
ef6dd523a09c63ca85437eae,1791424971,0,,,,,0,0
ef6faf1e7ed95293a7465d51,1791424971,0,,,,,0,0
ef70165b1b1b964fdb581003,1791424971,0,,,,,0,0
ef76ce8445169bb5452909d4,1791424971,0,,,,,0,0
ef79b6dbeb1c25f770b8ffad,1791424971,0,,,,,0,0
ef81a500632769bc0509fdea,1791424971,0,,,,,0,0
ef8339c40567ba6ec228d39b,1791424971,0,,,,,0,0
ef899dd577df2c5dc62a4678,1791511133,0,,,,,0,0
ef8da2595f62f3ba462ca72c,1791424971,0,,,,,0,0
ef8dce7e276b9a53c1606ac4,1791424971,0,,,,,0,0
ef909704a3c3fdc0093197ed,1791424971,0,,,,,0,0
ef926bede7951070cc954e33,1791424971,0,,,,,0,0
ef92e4c350daa870dfa058bc,1791424971,0,,,,,0,0
ef9480056fe7cff7d0943842,1791511133,0,,,,,0,0
ef95fd1c33573b2fe42f2397,1791424971,0,,,,,0,0
ef9ac846eee094662533b845,1791424971,0,,,,,0,0
efa48cfc6be782d9a057eafb,1791511133,0,,,,,0,0
efaba75a485b3f5117b5e977,1791511133,0,,,,,0,0
efacc4f00ce43e9a4b02de9c,1791424971,0,,,,,0,0
efacd2b4e192c2869143a810,1791424971,0,,,,,0,0
efaf9ce6e6c9ea5717f40c5d,1791424971,0,,,,,0,0
efc1e24933554d42a637e8a8,1791424971,0,,,,,0,0
efc2a9080b94a27f10384748,1791511133,0,,,,,0,0
efc2fc9debcaba55dbc03461,1791511133,0,,,,,0,0
efc8b6447024c8b809c0695b,1791424971,0,,,,,0,0
efcdca4793f96b84361567c3,1791424971,0,,,,,0,0
efce132c9862cd5802fbee9b,1791424971,0,,,,,0,0
efcf511bcf85fd8ae2f1946b,1791424971,0,,,,,0,0
efd19704bdc4b820b44ad511,1791424971,0,,,,,0,0
efd62811c4b9d2660ef426ea,1791424971,0,,,,,0,0
efd9719314bb8589418d7af6,1791511133,0,,,,,0,0
efda8b02b07d497e6afbe75d,1791424971,0,,,,,0,0
efdb4ad21519fff04d30b9bd,1791424971,0,,,,,0,0
efe389158c200410cf006194,1791424971,0,,,,,0,0
efe579b6c3a610f2dd62c6ad,1791424971,0,,,,,0,0
eff10abf1b9b20dc5d4f540a,1791424971,1,0002071876-26-000221,1.01,1790371721,5.5,0,1
eff1f5441ed1c7ed407b81ea,1791424971,0,,,,,0,0
eff26b8198941de1cf3cf56d,1791424971,0,,,,,0,0
eff5d3159d2675ee763d80cd,1791424971,0,,,,,0,0
eff6212ab29664254434c99c,1791424971,1,0000320187-26-000143,"5.02,5.07,9.01",1789071619,13.0,0,1
effb50faef61e66dbd8b13db,1791511133,0,,,,,0,0
effb8ab96bc6635f184a52dd,1791424971,0,,,,,0,0
effd3c066209fedbc3ca355d,1791424971,0,,,,,0,0
f01235565fd77ce607adc3a7,1791424971,1,0001193125-26-366694,"1.02,2.01,3.01,3.03,5.01,5.02,5.03,9.01",1787765221,2.950277777777778,0,1
f014d0cba3235cae88e66b82,1791424971,0,,,,,0,0
f015d0910f878f8d26a14af5,1791424971,0,,,,,0,0
f0161b3cf6560d0226cea856,1791511133,0,,,,,0,0
f01833286c614cfebc1f19b7,1791424971,0,,,,,0,0
f0195bf83aac0a9b621b898a,1791424971,0,,,,,0,0
f01b42962109496b2f65e8f3,1791424971,0,,,,,0,0
f0225f2ee3ef2e66cad1c352,1791424971,0,,,,,0,0
f026ab2b8bd4faa33750b924,1791424971,0,,,,,0,0
f0288da0fa5b4c7842cbb7ae,1791424971,0,,,,,0,0
f029c48190e723500685e22d,1791424971,0,,,,,0,0
f029ed2c35d4fb95d7dd26ac,1791424971,1,0001049521-26-000073,"1.01,7.01,9.01",1789560327,3.5,0,1
f029f09473a0dfd1180131c4,1791424971,0,,,,,0,0
f02c27fbaa44aa666498b2b7,1791424971,0,,,,,0,0
f0314b6da609de37ea7be02f,1791424971,0,,,,,0,0
f0335443a863ecd84db2950f,1791424971,0,,,,,0,0
f03626fc13550298d75e2fc5,1791424971,0,,,,,0,0
f03693742b9d0cf57c0c452d,1791424971,0,,,,,0,0
f03982ce7a497be19b313f9d,1791424971,0,,,,,0,0
f03b9ac1f991d929aa380740,1791424971,0,,,,,0,0
f03e9f6cfd0198bbbe302747,1791424971,0,,,,,0,0
f044962736dc9cd48f188c0d,1791424971,1,0000917251-26-000066,8.01,1790938829,6.5,0,1
f0482f3d26d31f965a1fbc1e,1791424971,0,,,,,0,0
f04a70fc9f95a0fe57d01ef2,1791424971,0,,,,,0,0
f05a5f8166150596810f045d,1791424971,0,,,,,0,0
f05ddd08085583c324f56a8d,1791424971,0,,,,,0,0
f05e0c1b6df048b23e0726ed,1791424971,0,,,,,0,0
f05f8cccef93c5580b9bcef8,1791424971,0,,,,,0,0
f06184e9c54cb37943de9dcb,1791511133,0,,,,,0,0
f062b21b3fbcb352cce44ad5,1791424971,0,,,,,0,0
f0670eafa82b50bd9579cee2,1791424971,0,,,,,0,0
f06ba9610b4d16e700fcd695,1791424971,0,,,,,0,0
f06bd4c42e7e1994ec5cf663,1791424971,0,,,,,0,0
f06d00cdf1507e3dfd3f44af,1791511133,0,,,,,0,0
f06db8e9603eeb927d6ce956,1791424971,0,,,,,0,0
f0739e58df42ab277c00cbd5,1791424971,0,,,,,0,0
f074ecbb394eac752863da18,1791424971,0,,,,,0,0
f074fa055c26e73fe633ccad,1791424971,0,,,,,0,0
f0769ace9111b9a87b83431f,1791424971,0,,,,,0,0
f07a28489adb29e7cadf5141,1791511133,0,,,,,0,0
f07b4d3291b42fafa59d3b8d,1791424971,0,,,,,0,0
f07e4da15f325db9deb79ae6,1791424971,0,,,,,0,0
f08066dd360b2b9739e132eb,1791424971,0,,,,,0,0
f08335ecdd4ced1d1147bf0e,1791424971,0,,,,,0,0
f0860548d0b0ba55c1f99e1b,1791424971,1,0000014693-26-000048,"2.02,9.01",1788350591,0.5,1,0
f08722952edd46fd7594634c,1791424971,0,,,,,0,0
f0884bbee6f80bc69e9e94fa,1791511133,0,,,,,0,0
f08d9e2010539ab0f75f1e29,1791424971,0,,,,,0,0
f08db286db1fa5aa4880d86e,1791424971,0,,,,,0,0
f0923d065c3566ab81d2130c,1791424971,0,,,,,0,0
f094cc6c8fee6c9c6708e0fa,1791424971,1,0001104659-26-112420,"8.01,9.01",1790803628,0.5,0,1
f09cf50a61289bfd0f4f4201,1791424971,0,,,,,0,0
f09d384ec24fcbc05091be1a,1791424971,0,,,,,0,0
f0a337e7c243cd7530722466,1791424971,0,,,,,0,0
f0a6558c27a7ead6d685047d,1791511133,0,,,,,0,0
f0b350aebfb7c14eeb717967,1791424971,0,,,,,0,0
f0b3c77fdbfe7924994d81b5,1791424971,0,,,,,0,0
f0b4da8478680278c01f5909,1791424971,0,,,,,0,0
f0b57cc33310a08e3f572813,1791511133,0,,,,,0,0
f0b6032326057c4ef20e79de,1791511133,0,,,,,0,0
f0b6b1f256886de3c8513e69,1791424971,0,,,,,0,0
f0bbb4244d20850251031922,1791424971,1,0001104659-26-107721,7.01,1789475450,0.5,0,1
f0be601a02bdba758b9939c6,1791424971,0,,,,,0,0
f0c0a1bc3cbe3048fe06779e,1791424971,0,,,,,0,0
f0c5fed10d5edcb6dbf0c76d,1791424971,0,,,,,0,0
f0cab1388c2694c26eebafb9,1791511133,0,,,,,0,0
f0ce4f07cf22e0ffb6e64138,1791424971,0,,,,,0,0
f0d1b52c106a7605ed155eba,1791424971,0,,,,,0,0
f0d4b2917f6e603a2241f3d6,1791424971,0,,,,,0,0
f0dc6199b2987d87e5759381,1791511133,0,,,,,0,0
f0dfac61cf0a4f33d8fc7382,1791424971,0,,,,,0,0
f0e0f5af47113a5ba5771121,1791424971,0,,,,,0,0
f0e26c1c4c3778f6be362557,1791424971,0,,,,,0,0
f0e6e23365aebada249aeeeb,1791424971,0,,,,,0,0
f0e75e22e8503c900f7b9ee8,1791424971,0,,,,,0,0
f0f43d92ee2a6511e5f98fba,1791424971,0,,,,,0,0
f0f71947b0faf51f90aede17,1791424971,0,,,,,0,0
f1029ebd740ca7244704875a,1791424971,0,,,,,0,0
f1043ba68dea3550048d9b3e,1791424971,0,,,,,0,0
f10622f52a145c78353c9296,1791424971,0,,,,,0,0
f106f8a62f97dc4099d16f98,1791424971,0,,,,,0,0
f1073e3f9aa30698b8b3bf85,1791424971,0,,,,,0,0
f107f60173ec15fcdda578b4,1791511133,1,0001193125-26-417354,"7.01,9.01",1791453737,9.0,0,1
f109e0c0e713eac4065a56e9,1791424971,0,,,,,0,0
f10d9f8dff2f33c633869779,1791424971,0,,,,,0,0
f10e09a66e2ff4ec31fcd2f8,1791424971,0,,,,,0,0
f10f7fe9ebf2c0cad98e8757,1791424971,0,,,,,0,0
f111f31d3a41b258f371dc71,1791424971,0,,,,,0,0
f114a57dc7def83ff8332e6c,1791424971,1,0000950157-26-001036,"2.03,8.01",1790110897,8.0,0,1
f114c2c2815577910b51fdec,1791424971,0,,,,,0,0
f11684c7768d568c6b6e27c3,1791424971,0,,,,,0,0
f11719f0b1f3d0d5d0d1bbe7,1791424971,0,,,,,0,0
f11acff9b95a7ad09909cc3e,1791511133,0,,,,,0,0
f11b0cd2cbcd0c334ddf61db,1791424971,0,,,,,0,0
f11b0de2e779b4bea68abb34,1791424971,0,,,,,0,0
f12020e476e78aa67adc59bf,1791424971,0,,,,,0,0
f127614d16967bb626a5dc13,1791424971,0,,,,,0,0
f12aafa0cec6f58a2d95c079,1791424971,0,,,,,0,0
f12c88b442c9deb5c4485849,1791511133,0,,,,,0,0
f1327e995dc651dab2f8e24a,1791424971,0,,,,,0,0
f1359f6a1c67e6d9717f9854,1791424971,0,,,,,0,0
f139c0b5b48a7e1898f6fc21,1791424971,0,,,,,0,0
f13d752d57e3c941584f9697,1791424971,0,,,,,0,0
f13f4b66f16f01c95fd2a183,1791424971,0,,,,,0,0
f140dbc6e8e4316e922740d5,1791424971,0,,,,,0,0
f1420a4f3ac0c3f49240f6c2,1791424971,0,,,,,0,0
f14242de45bfff59e2f4f0de,1791511133,0,,,,,0,0
f142fb15864da6bfb4e64522,1791424971,0,,,,,0,0
f1470a87450ba44535b59d15,1791424971,0,,,,,0,0
f147339b3c844e52cdec3b88,1791511133,0,,,,,0,0
f147d6e1525610d7f2b89ba0,1791424971,0,,,,,0,0
f14e5f0438b0e07cb433b6a8,1791424971,0,,,,,0,0
f14f50a86be613c1ad6d698e,1791424971,0,,,,,0,0
f152955d1d05d7e5e6d9e140,1791511133,0,,,,,0,0
f157f242feeb7e5d563cfe2c,1791424971,0,,,,,0,0
f15a1787ee6ddcb0c9e6c330,1791424971,0,,,,,0,0
f15a21d5fc7d2ccef4eb17f0,1791424971,0,,,,,0,0
f15aa3a1d5bea58261f001c1,1791511133,0,,,,,0,0
f160b33014e5cbce1fa63349,1791424971,0,,,,,0,0
f160c43d2a0fb1672be57539,1791424971,0,,,,,0,0
f16c217feefa734f42755451,1791424971,0,,,,,0,0
f16cb76e206430d6a93d4dcd,1791424971,0,,,,,0,0
f1704440612adba52717465f,1791424971,0,,,,,0,0
f171ca9e8be342e5b44c0f18,1791424971,0,,,,,0,0
f1790a7f4c238761474b5f74,1791424971,0,,,,,0,0
f17ebfc374289550e74df781,1791424971,0,,,,,0,0
f18036f62c790652f2ca1fec,1791424971,0,,,,,0,0
f1844dc739ccf4bd2ebed101,1791424971,0,,,,,0,0
f1878e557aba590db8d4b7fd,1791424971,0,,,,,0,0
f1881f0a99adf3ac6a200927,1791424971,0,,,,,0,0
f18da05ab78c34a0e00af334,1791424971,1,0001193125-26-409974,5.02,1790859622,0.5,0,1
f19308c8a644cf3284959b5b,1791424971,0,,,,,0,0
f19390530a29e6dce9be0341,1791424971,0,,,,,0,0
f1978f040fd6f06f7bd77f69,1791424971,0,,,,,0,0
f198453b03bd2807cab06c33,1791511133,1,0001144879-26-000057,"2.02,9.01",1791405811,13.0,1,0
f19ef8c1e209e070bbb25bb6,1791424971,1,0000764622-26-000049,"7.01,9.01",1790798706,7.0,0,1
f19fa4109666be5281203279,1791424971,0,,,,,0,0
f1a077216ed36a7aef44e994,1791511133,0,,,,,0,0
f1af6a94017173c111996366,1791424971,0,,,,,0,0
f1af90bccd67f6004efac9ff,1791424971,0,,,,,0,0
f1b52cb8a6104a4864fcf74c,1791424971,1,0001193125-26-381874,"2.02,9.01",1788465915,6.5,1,0
f1b930b170c7a93a6e4e215f,1791424971,0,,,,,0,0
f1bcca6bd35f794c045decb4,1791424971,0,,,,,0,0
f1c202c7c774b95db50e48dd,1791424971,0,,,,,0,0
f1c58d0c14f7fadde4314005,1791424971,1,0001193125-26-357758,"2.01,3.01,3.03,5.01,5.02,5.03,9.01",1787222033,7.0,0,1
f1c7b33e52ecdcb6f932ac38,1791424971,0,,,,,0,0
f1cfcc55d2aa07552247b5d0,1791427778,0,,,,,0,0
f1d30858141b1fefe9968450,1791424971,0,,,,,0,0
f1d34e2925a64055245f9977,1791511133,0,,,,,0,0
f1d352e6d15c4b410e78c913,1791424971,0,,,,,0,0
f1d39c18d136eddbe11d07dc,1791424971,0,,,,,0,0
f1d701051fca359fa6143d3d,1791424971,0,,,,,0,0
f1dc4b81d476d6cdac894cc0,1791424971,0,,,,,0,0
f1dcd964987847bda826c7e8,1791424971,0,,,,,0,0
f1df94e2446309deed0153e4,1791511133,0,,,,,0,0
f1e019e056c55a3c1ab51ea9,1791511133,0,,,,,0,0
f1e305ec5ae0e162d49fab71,1791424971,0,,,,,0,0
f1e3ccd2bbd9438dad42904f,1791424971,0,,,,,0,0
f1e4130f1fde3d5d522f3b61,1791424971,0,,,,,0,0
f1e68ae569baf6df994235d3,1791424971,0,,,,,0,0
f1f5e68a25daecbc6b03a3d5,1791424971,0,,,,,0,0
f2094546dc62439d9e70b7b4,1791424971,0,,,,,0,0
f20e6065c9b37c5863940458,1791424971,1,0000703351-26-000032,"7.01,9.01",1789645790,0.5,0,1
f20e807d9e750c59436aed38,1791424971,0,,,,,0,0
f213d8623484d5d589c8485f,1791424971,0,,,,,0,0
f216e503305f130be6e6ebfe,1791424971,0,,,,,0,0
f219aaffeaf0b5e051c269a2,1791424971,0,,,,,0,0
f21b7a2914e7b7b52e140905,1791424971,0,,,,,0,0
f21c8cc3bc3e50af3af0dbb7,1791511133,1,0001564708-26-000216,"8.01,9.01",1791243185,0.5,0,1
f21e48074e8ab5d580030db1,1791424971,1,0001564708-26-000208,"8.01,9.01",1790208173,0.5,0,1
f221798d0e0e54069e91e2a1,1791424971,0,,,,,0,0
f22627127a6f5016348cbc44,1791424971,0,,,,,0,0
f22667b4b6cfc602d27e108e,1791424971,0,,,,,0,0
f228be735886a1998d8f10c6,1791424971,0,,,,,0,0
f2325e17004b1f6e00d4c49b,1791511133,0,,,,,0,0
f2330e7887229468b0cc0ec9,1791424971,0,,,,,0,0
f23479487450b5cf821ccbb9,1791424971,0,,,,,0,0
f2351fe91048c266b27e0c14,1791424971,0,,,,,0,0
f237e3a99f1e7e74e5214165,1791511133,0,,,,,0,0
f2381a0901c6df3a925d1fdc,1791424971,0,,,,,0,0
f23de0c60c0d85c7e52e6465,1791424971,1,0001628280-26-059593,"8.01,9.01",1788207387,0.5,0,1
f245393fe560763b17ffa3c3,1791424971,0,,,,,0,0
f24546890f31c6cbced880a3,1791424971,0,,,,,0,0
f2457de1e2823d19718cc04d,1791424971,1,0001628280-26-063850,"7.01,8.01,9.01",1790716525,10.0,0,1
f2468e130b94d8b58c002a44,1791424971,0,,,,,0,0
f249f1bfc553a9442c68cc3a,1791424971,0,,,,,0,0
f24b6f321daa91684730be66,1791424971,0,,,,,0,0
f24bad67d9b99ba16f104807,1791511133,0,,,,,0,0
f256dfd315a7456a029d10cc,1791424971,0,,,,,0,0
f25cb18654e70b938b8c464f,1791424971,0,,,,,0,0
f2693d782af60c5ed69c0b85,1791424971,0,,,,,0,0
f26968c9f4a0bfccf4c9714e,1791424971,1,0001193125-26-386510,"2.02,9.01",1788985817,13.0,1,0
f26f67b256248aab178b9971,1791424971,0,,,,,0,0
f272733b166e3e96fa18b6d1,1791424971,1,0001289419-26-000048,"7.01,9.01",1790367648,0.5,0,1
f27424bc1bbd4c6a96d44a4a,1791511133,0,,,,,0,0
f2743a357a23611980a58b58,1791424971,0,,,,,0,0
f27772e8c80d3efb502d1d9c,1791511133,0,,,,,0,0
f277c0da8a255af42ea50f30,1791424971,0,,,,,0,0
f27a5cfb51abcf94bd940a68,1791424971,0,,,,,0,0
f27ed251223eeb95e14b7198,1791424971,0,,,,,0,0
f28d4580d3ac5107966e1b5f,1791511133,0,,,,,0,0
f28e0815e8bbd92a1dc2fa72,1791424971,0,,,,,0,0
f28e9f070735552093cda460,1791424971,0,,,,,0,0
f28faf16fd59d600c846c3a1,1791424971,0,,,,,0,0
f29098f520273224320253ee,1791424971,0,,,,,0,0
f2996e7c331f92014a7e0c1e,1791424971,0,,,,,0,0
f29d6c802248be78755bb354,1791424971,0,,,,,0,0
f2a47e90c75612e397c01b7d,1791424971,0,,,,,0,0
f2a78c8edc46790985d98333,1791424971,0,,,,,0,0
f2a816987753a1015c2b9f38,1791424971,1,0001437749-26-030743,"1.01,1.02,2.03,3.03,9.01",1789761679,10.0,0,1
f2a8910222ba801fcb040140,1791424971,0,,,,,0,0
f2afd96c763799853b8fc12d,1791424971,0,,,,,0,0
f2b97d359bf62d69ccccecc2,1791424971,0,,,,,0,0
f2c00fb659efd5609110aa94,1791424971,0,,,,,0,0
f2c05769bcec4c8d84035b21,1791424971,0,,,,,0,0
f2c4d161023945cbab4eef52,1791424971,0,,,,,0,0
f2cd65ef8a8d6fe6d5a8320e,1791424971,0,,,,,0,0
f2d7e7e3c7aaa69c679aaf29,1791511133,0,,,,,0,0
f2dcebed9943d6a3a462c37a,1791424971,1,0001628280-26-063314,"2.02,9.01",1790247785,3.5,1,0
f2df383c60452b8c0b8c26d5,1791424971,0,,,,,0,0
f2e3fa51038d1eefdf65af32,1791424971,0,,,,,0,0
f2e7aa39947933ee674869c5,1791511133,0,,,,,0,0
f2ea7a9fff3dccd89e10a626,1791424971,0,,,,,0,0
f2eabfacd5921856356ac5d5,1791424971,0,,,,,0,0
f2ece7a0ebe52c82df0668d0,1791424971,0,,,,,0,0
f2ed2afeed5da8ff4a508e96,1791424971,0,,,,,0,0
f2ef0530113bdcf39fa81933,1791424971,0,,,,,0,0
f2ef8c86ed699a76d01b5c6b,1791424971,0,,,,,0,0
f2f01e784b58e196478dbec5,1791424971,1,0001628280-26-063850,"7.01,8.01,9.01",1790716525,13.0,0,1
f2f0ae66bb9cd60dc7c65eb5,1791424971,0,,,,,0,0
f2fefb3c38564756a01830b4,1791424971,0,,,,,0,0
f2ff5ab69494513d921d0184,1791424971,0,,,,,0,0
f308446d60816fba5555cf8e,1791424971,0,,,,,0,0
f30a43989aa7171f2ad77f80,1791424971,0,,,,,0,0
f314bec44cdc6e7528f295f3,1791424971,0,,,,,0,0
f31551c82f0e5fce3d499ded,1791424971,0,,,,,0,0
f315d32ba1609ed89b0574a5,1791424971,0,,,,,0,0
f32450219ca1ee29cef671d7,1791511133,0,,,,,0,0
f325c4391207ab1bde4e7bdb,1791424971,0,,,,,0,0
f328abe0a146d57ba624ef90,1791424971,0,,,,,0,0
f328c360ce6cb443bff7308a,1791424971,0,,,,,0,0
f3393b7ab1264556c668f452,1791511133,0,,,,,0,0
f33ac0625dee93c9637367f0,1791424971,0,,,,,0,0
f33b8585268cd340098c1a5b,1791424971,0,,,,,0,0
f33e5e6bf13e96dc6e4805d9,1791424971,0,,,,,0,0
f34790e34a3348ac09367200,1791424971,0,,,,,0,0
f348075dcc739c163c3ef05c,1791424971,1,0001043219-26-000070,"3.03,5.03,9.01",1790972129,7.0,0,1
f34c45c8483fa86e1a6b0127,1791424971,0,,,,,0,0
f3534bfd442ede8feb5539a1,1791424971,0,,,,,0,0
f35b4507eaae89d7c51e70f3,1791424971,0,,,,,0,0
f35f9a846f501764cceeb482,1791424971,0,,,,,0,0
f3602669b0ebf2cdb302f6eb,1791424971,0,,,,,0,0
f3629a1fce8b5e60e4cfe4b6,1791424971,0,,,,,0,0
f3698de0d37ac96bf1299269,1791427778,0,,,,,0,0
f36ad4f42a604734ccd24cce,1791424971,0,,,,,0,0
f36b229fdac42adf8d41494f,1791424971,0,,,,,0,0
f3708ea85ae062252cc492ff,1791424971,0,,,,,0,0
f371c4f6ef50340d98728ed2,1791424971,0,,,,,0,0
f37361bc32edbbbb06f76417,1791424971,0,,,,,0,0
f379577e45a96e23a8d45ef6,1791424971,0,,,,,0,0
f37d8dd6a070d22b36c24b51,1791424971,0,,,,,0,0
f38b33be56b1f7009d0cf993,1791424971,0,,,,,0,0
f38b4a7cb67ad8213698ff66,1791511133,0,,,,,0,0
f38de31f70f72206ddac8b24,1791424971,0,,,,,0,0
f38f7470ef5cac74651d2835,1791511133,0,,,,,0,0
f39475553a9bb54a1e6227b3,1791424971,0,,,,,0,0
f3948eb8cfd4065a47fb0645,1791424971,0,,,,,0,0
f398e6b86fa0c54f922321b0,1791424971,0,,,,,0,0
f39dd077edcaa3553736ae8a,1791424971,0,,,,,0,0
f3a20f8031af7a10ac204c45,1791424971,0,,,,,0,0
f3a2be9171dadbae3fe217ec,1791424971,0,,,,,0,0
f3a358a71ee60a1d5801feb4,1791511133,0,,,,,0,0
f3a7c194745fab18b7a359f3,1791424971,0,,,,,0,0
f3a975642d56d4153d848600,1791424971,0,,,,,0,0
f3aaf9eb04f8a0b078be2063,1791424971,0,,,,,0,0
f3ab30281f15abd41d81e91a,1791424971,0,,,,,0,0
f3acad8d0466d1262bf53546,1791424971,0,,,,,0,0
f3b183a157bd20b179b192b0,1791424971,0,,,,,0,0
f3b509d3dfe3d39cac3f5c9d,1791424971,0,,,,,0,0
f3b8cc48d4ec03beb773ca44,1791424971,0,,,,,0,0
f3b9118b4841ea5cd51aada0,1791424971,0,,,,,0,0
f3c22bc775da3b70ae59806e,1791424971,0,,,,,0,0
f3c874d2ef7f1edda7eec189,1791424971,0,,,,,0,0
f3c8f46e950e3114d6a8c28c,1791424971,0,,,,,0,0
f3ca1e9cfedf5239994ed3dc,1791511133,0,,,,,0,0
f3ce17a57ba9db4cf6671fae,1791424971,0,,,,,0,0
f3d1a07ce7922599f1bc25f7,1791424971,0,,,,,0,0
f3d4d50004afd7f62f5c6b61,1791424971,0,,,,,0,0
f3d5f3c21e12483a19a83cb9,1791511133,1,0001071739-26-000186,8.01,1791469287,9.8575,0,1
f3d985ed98161d407777e901,1791424971,0,,,,,0,0
f3df46c54fdcd01ebeeda8c3,1791424971,0,,,,,0,0
f3e53a7c04ddaa9f1ba662a3,1791511133,0,,,,,0,0
f3f2b35e2ca43d76d62b0664,1791424971,0,,,,,0,0
f3f49f955ba9d1837c7cb2e7,1791424971,0,,,,,0,0
f3f4b690764aae18ad15229b,1791424971,0,,,,,0,0
f3f94b4f3ab2a5713599e55d,1791424971,0,,,,,0,0
f3f97f288bf5d9943bd0ffcf,1791424971,0,,,,,0,0
f3fb3ca93d142ad08d96d152,1791424971,0,,,,,0,0
f3fbc898ee5ade1cde2f9dc1,1791511133,0,,,,,0,0
f3fd3cb7ebeb39f007095420,1791511133,0,,,,,0,0
f400db39bdbd7e1e2aef1af4,1791511133,0,,,,,0,0
f403458516060f23034bdace,1791424971,0,,,,,0,0
f407ec19e7be1a90440190d3,1791424971,0,,,,,0,0
f408e5630cffa07397f25d3a,1791511133,0,,,,,0,0
f40b28a4643fedcd05cd3fc5,1791424971,0,,,,,0,0
f40fed132ab560ea566ee28f,1791424971,0,,,,,0,0
f4102e8804b83f2eb6547ada,1791424971,1,0001193125-26-357758,"2.01,3.01,3.03,5.01,5.02,5.03,9.01",1787222033,0.5,0,1
f4107ce022c98ab30d4dfd70,1791424971,1,0001193125-26-409792,"7.01,9.01",1790852669,0.5,0,1
f417b9db40e89a13af8972c5,1791424971,0,,,,,0,0
f41c0ba2525e0fc58574c0ad,1791424971,0,,,,,0,0
f42094745c4eb5f1812fc0d9,1791424971,0,,,,,0,0
f42178abd6e5c79e8b466a6e,1791424971,0,,,,,0,0
f4251988842b16e68104033a,1791424971,1,0000910521-26-000026,5.07,1789505538,13.0,0,0
f425905501f7f71c3cf61dce,1791424971,1,0001193125-26-404006,8.01,1790606813,1.281388888888889,0,1
f4280fe69f6ef7e95d0af4ae,1791424971,0,,,,,0,0
f4292c582d55112942249e2a,1791424971,0,,,,,0,0
f429c1ece60b9fb8a4f3b5e0,1791424971,0,,,,,0,0
f42d8da6457395f17432c0f3,1791424971,0,,,,,0,0
f42ea727335d029fe8411e8c,1791424971,0,,,,,0,0
f43b2aafced932d3c34c8616,1791511133,0,,,,,0,0
f43e2d4aeff8a5276490c949,1791424971,0,,,,,0,0
f443c1c27c985600c7f590b0,1791424971,0,,,,,0,0
f447e562d2324283baf7ee27,1791424971,0,,,,,0,0
f44817a3e4a9bba6b9264a6b,1791424971,1,0001331875-26-000087,"7.01,9.01",1789591203,0.5,0,1
f44e5347b0b5284d899e455a,1791424971,1,0001193125-26-401157,"7.01,8.01,9.01",1790284267,1.5,0,1
f45047536d9a57d0273757b0,1791424971,0,,,,,0,0
f450a402aef15d4ba7b08a81,1791424971,1,0001477932-26-005971,7.01,1790935262,13.0,0,1
f450ae15d8f2b52b43e33e00,1791424971,0,,,,,0,0
f454ba750d77b63d12937a7b,1791424971,0,,,,,0,0
f455283d54b93d1a60451453,1791511133,0,,,,,0,0
f458cd8b2a68668bbc7e5f10,1791424971,0,,,,,0,0
f46b62d461bd9912fbad7124,1791424971,0,,,,,0,0
f46f780bcb85d3c013b99d8b,1791424971,0,,,,,0,0
f47447facd6c8c263fe75ba8,1791424971,1,0001193125-26-393065,"8.01,9.01",1789589173,13.0,0,1
f47683cb44d1bca0a7fde9d6,1791424971,0,,,,,0,0
f476c1403e48d660fbda4016,1791424971,1,0001193125-26-357758,"2.01,3.01,3.03,5.01,5.02,5.03,9.01",1787222033,8.0,0,1
f47c58edb8aa28de4d27024f,1791511133,0,,,,,0,0
f4818a4429903985a168e64b,1791424971,0,,,,,0,0
f483c61703587091fc5808d1,1791424971,0,,,,,0,0
f48785e7897d0e6b78095e67,1791424971,0,,,,,0,0
f4886e45936ce634a145b1a1,1791424971,0,,,,,0,0
f48a8275b92b2af08d5a63f5,1791424971,1,0001477932-26-005971,7.01,1790935262,0.5,0,1
f490f3d1d51fdfd8d1fa1bb8,1791424971,0,,,,,0,0
f4955ecc0c62e1168732b04d,1791424971,0,,,,,0,0
f496a849e96d1200977273b5,1791424971,0,,,,,0,0
f49876c26ea851766600040b,1791424971,0,,,,,0,0
f4a827cc8f27416458972570,1791424971,0,,,,,0,0
f4a985af15b57015ef8599e8,1791511133,0,,,,,0,0
f4a9e0ff069f37aa0b9a67fb,1791511133,0,,,,,0,0
f4aa8887ea5a4132e0860d47,1791424971,0,,,,,0,0
f4af5581dfb6e61cdf7e3907,1791424971,0,,,,,0,0
f4b1cb40b9575c3555cc53e9,1791427778,0,,,,,0,0
f4b241566b61896c9dff8f4a,1791424971,0,,,,,0,0
f4b2b4d30986356157d09b99,1791424971,0,,,,,0,0
f4b2d661733e03f5a9c07f20,1791424971,0,,,,,0,0
f4b8da95c28f96bba7a01a1e,1791511133,0,,,,,0,0
f4ba4e85795d1d1538dd003f,1791424971,0,,,,,0,0
f4c12a417e4765bdd82733e6,1791424971,0,,,,,0,0
f4c3edd329dad4441b40429b,1791424971,0,,,,,0,0
f4c6a50aa0faec4a514ce703,1791424971,0,,,,,0,0
f4ccb7a464f0dfe6d4fbf23f,1791424971,0,,,,,0,0
f4ce347ea0d5478be3446fb5,1791424971,0,,,,,0,0
f4d1267b25c1cf8cd4838b93,1791424971,0,,,,,0,0
f4d4c46dbd20971574de53bb,1791424971,0,,,,,0,0
f4d51638589b89e6f31af4df,1791511133,0,,,,,0,0
f4df5ae2d7e48c4242449c04,1791424971,0,,,,,0,0
f4e66cd976a709f34b9b39fd,1791424971,0,,,,,0,0
f4f022873e862be5ba4b611c,1791424971,0,,,,,0,0
f4f18542e82cadf14b620b56,1791424971,1,0000730464-26-000055,"1.01,2.03,9.01",1790194502,7.0,0,1
f4f76daf6891fed100805f60,1791424971,0,,,,,0,0
f4fac2f251c60d247a33766e,1791424971,0,,,,,0,0
f505e18d3caa43c6997825a2,1791424971,0,,,,,0,0
f506e3d4b981b1e37457cf4c,1791424971,0,,,,,0,0
f5099de1c7b67f045ae023e8,1791424971,0,,,,,0,0
f50f6fcac1142ab68f822c02,1791424971,0,,,,,0,0
f5101a66dc285594e067965e,1791424971,0,,,,,0,0
f5120e456a54150b72d79a57,1791511133,0,,,,,0,0
f5122a634d98e311ead0528e,1791424971,0,,,,,0,0
f5129ca89eba2b6b79204442,1791511133,0,,,,,0,0
f516d2747c90ddb27db3d163,1791424971,0,,,,,0,0
f51b1b68fc15a8c1791ab4f8,1791424971,0,,,,,0,0
f51c61cd8092568e7bfa207a,1791424971,0,,,,,0,0
f51cebda9b7e44997b4709c6,1791424971,0,,,,,0,0
f5212d6e2bdd0718d82c08f8,1791424971,0,,,,,0,0
f5213a23046ccb45008e2427,1791511133,0,,,,,0,0
f5221c59d8868ef2bd2ec352,1791424971,0,,,,,0,0
f52742a7efcf0ed38f96e743,1791424971,0,,,,,0,0
f52794b626b4a19d32e923e2,1791424971,0,,,,,0,0
f52be276a83447165c9e36ee,1791511133,0,,,,,0,0
f52ed9e84f6bcec98a8cc08c,1791424971,0,,,,,0,0
f535a76d7152c139f2b47e8f,1791424971,0,,,,,0,0
f53946f40ae3a4c315fa7dd9,1791424971,1,0001645113-26-000071,"7.01,9.01",1790859629,0.5,0,1
f53c9830f48389e5d6ba0159,1791424971,0,,,,,0,0
f53ca6fc499993695a24bd55,1791424971,0,,,,,0,0
f54536c0e687ce42ba71a468,1791424971,1,0001628280-26-064413,"5.03,5.07,9.01",1790954717,8.921388888888888,0,1
f54bfe882652cfd78f005da2,1791424971,0,,,,,0,0
f551dbd122dbc521643ce8f4,1791424971,0,,,,,0,0
f55203fd212ca76f237c700b,1791424971,0,,,,,0,0
f552c7e9f42dc82f224894da,1791424971,0,,,,,0,0
f553e44f973b609d586ff903,1791511133,0,,,,,0,0
f55647cb501de0ceccb10f39,1791424971,0,,,,,0,0
f55b25c27fe3b38993e61a52,1791424971,1,0001628280-26-064352,"2.01,7.01,9.01",1790935259,0.5,0,1
f55d1a41a3c820dde8e2c88a,1791424971,0,,,,,0,0
f55f27ed1dd1e1a58e9efb51,1791424971,0,,,,,0,0
f56100b8e55e2d0db545b90d,1791424971,0,,,,,0,0
f564fc8f5021fab9dda266a3,1791424971,0,,,,,0,0
f57591026af68fd17dc0173d,1791424971,0,,,,,0,0
f57885ed0141a3834583c24a,1791511133,0,,,,,0,0
f57c5e06083988deceac2fe1,1791424971,0,,,,,0,0
f58138e52776520e84c85733,1791511133,0,,,,,0,0
f584863fdcad8cad82af692a,1791424971,0,,,,,0,0
f5874e9ca374156ac62ebd7a,1791424971,0,,,,,0,0
f58763b9b66a0f1c777822e4,1791424971,0,,,,,0,0
f58f76bcf56caf5e981df041,1791424971,0,,,,,0,0
f590c2e05aa5edcbbb1fbcc7,1791424971,0,,,,,0,0
f59166ed45ef35de653c0f80,1791424971,0,,,,,0,0
f59275afeffe951f1a76fb4a,1791424971,0,,,,,0,0
f5941be0fea026a89bde93fa,1791511133,0,,,,,0,0
f59b0b48b19977f407a394ce,1791424971,0,,,,,0,0
f59b851c47a7101167ad9c0a,1791424971,0,,,,,0,0
f59b8532b34b82a4a233fe70,1791511133,0,,,,,0,0
f5a072dd7e33e25b0ff062a4,1791424971,0,,,,,0,0
f5a3fecae31d284d98e1ddc0,1791424971,0,,,,,0,0
f5ab109092387d5c81dc5f22,1791511133,0,,,,,0,0
f5b1c7bcb981e5734c98b7fe,1791424971,0,,,,,0,0
f5b42d83810ca55f77b913dc,1791424971,0,,,,,0,0
f5b4a601540f3d41969e7021,1791424971,0,,,,,0,0
f5b74aee526675257529d1f0,1791424971,0,,,,,0,0
f5c29e800912955badcfab5f,1791511133,0,,,,,0,0
f5c936181141d8520f323cf7,1791424971,0,,,,,0,0
f5c97c1a18d85a7407d72cd9,1791424971,0,,,,,0,0
f5cd208a47cdc81553b6f510,1791424971,0,,,,,0,0
f5d1c2edac68e25a72cc95a6,1791424971,0,,,,,0,0
f5d7eb59ca52ad5f58950785,1791511133,0,,,,,0,0
f5d8bcc84428151ad5fc340f,1791424971,0,,,,,0,0
f5e3709a8c108c6ef659976a,1791511133,0,,,,,0,0
f5e391ef5009e1a6025de2d0,1791511133,0,,,,,0,0
f5e62389b578b9efe8aebd35,1791424971,0,,,,,0,0
f5eed4d659124928916d7e33,1791424971,0,,,,,0,0
f5eef7baab9322a523edbcd0,1791424971,0,,,,,0,0
f5f167daacfabaf5b59a4f4d,1791424971,0,,,,,0,0
f5f25e333232f2b56404e538,1791424971,0,,,,,0,0
f5f8b50aeaab63b4a6d3d1fb,1791424971,0,,,,,0,0
f5f96490c538abcaf1885fd0,1791424971,0,,,,,0,0
f5fb3e27afa09f264bada8dc,1791424971,0,,,,,0,0
f602848f69fee5f9a84715e9,1791511133,0,,,,,0,0
f61d85efe1d8a22d2aeed10c,1791424971,0,,,,,0,0
f61f33635b029b1907bf7690,1791424971,0,,,,,0,0
f61f98b754216fcf5fe907b8,1791511133,0,,,,,0,0
f61fe1a908b00c76c5592504,1791424971,0,,,,,0,0
f623ba43a52ec3dd80103946,1791424971,0,,,,,0,0
f6285444a78c6b3afe9bfe34,1791511133,0,,,,,0,0
f628c63607fe99b0ed61f30a,1791424971,0,,,,,0,0
f62d9395fe79352880276272,1791424971,0,,,,,0,0
f63410ab136464602f606653,1791424971,0,,,,,0,0
f634d496ed25e505c10a3065,1791424971,0,,,,,0,0
f640149601b98099c9379267,1791424971,1,0001177609-26-000023,"2.02,8.01,9.01",1788380221,0.5,1,0
f642fe56fe07a7d524c49293,1791424971,0,,,,,0,0
f644112b18d12363f190a410,1791424971,0,,,,,0,0
f6488f3e23d2a4fe9fd98ba0,1791424971,0,,,,,0,0
f64e5b4ef9bfcca3172a6253,1791424971,0,,,,,0,0
f64fa256b24bb41ea372a329,1791424971,0,,,,,0,0
f65665e19758cd63bf8e8126,1791424971,0,,,,,0,0
f65905bc4a8d593e063d812d,1791424971,0,,,,,0,0
f65d4ac43576cb990f174ce9,1791424971,0,,,,,0,0
f65ea7a569372dadeebfd16d,1791424971,0,,,,,0,0
f66247e55e146dae67fc3bd3,1791424971,0,,,,,0,0
f664725096bb2a4d0fdc4f4d,1791424971,1,0000080661-26-000322,"7.01,9.01",1789735133,0.5,0,1
f674a2642eb5df7fd2933cfb,1791424971,1,0001628280-26-063618,"7.01,9.01",1790370258,10.0,0,1
f677dd3be8ab02983c0471f3,1791424971,0,,,,,0,0
f67bdfc00a8024a0a311723c,1791424971,0,,,,,0,0
f68324255e2dcc11887f04e9,1791424971,0,,,,,0,0
f686a68e06458d32cb203973,1791424971,0,,,,,0,0
f68bcafb5611b079e1d6a2d3,1791424971,0,,,,,0,0
f68c33ccb0e38295e198757c,1791424971,0,,,,,0,0
f68da8253ea917959a8fcd7d,1791424971,0,,,,,0,0
f691f59a4b7621f3f9dd294f,1791511133,0,,,,,0,0
f6937b03b2e0433840578f2d,1791424971,0,,,,,0,0
f694138a52f37b622a25089d,1791424971,0,,,,,0,0
f697b9c131bae8a8b2c0eb5d,1791424971,0,,,,,0,0
f69d0d9d6b1da7613985b8fa,1791424971,0,,,,,0,0
f6a3114786cf1b8a2ab159dc,1791424971,0,,,,,0,0
f6b1253c479731fa86ae2984,1791424971,0,,,,,0,0
f6b194a35b09e12ade5b168e,1791424971,0,,,,,0,0
f6b68c247501570c3a466f72,1791424971,0,,,,,0,0
f6c43abcf3f1f75437770cc2,1791511133,0,,,,,0,0
f6c6cdf10dc87fee4cee73bf,1791424971,0,,,,,0,0
f6c8f8fd9e936e83d9b30816,1791424971,0,,,,,0,0
f6caef5c7d8b57290b7690c2,1791424971,0,,,,,0,0
f6cbefd5c6dec9be7ff897e5,1791424971,0,,,,,0,0
f6cf857ef8124e6c8719321e,1791424971,0,,,,,0,0
f6d31925f26b02f25e87cfd3,1791424971,0,,,,,0,0
f6d79689885fd374405c8bb7,1791424971,0,,,,,0,0
f6d97fd57df9ca98f5b56505,1791424971,1,0001100682-26-000142,"7.01,9.01",1790251930,5.5,0,1
f6d9ac98991085960958328b,1791424971,0,,,,,0,0
f6dd9bcf2d2a0d0b85aee4c2,1791511133,0,,,,,0,0
f6e58dd59560a14592d2e483,1791424971,0,,,,,0,0
f6e6e8878bcdd4665d46361f,1791424971,0,,,,,0,0
f6e801ac68e23450629cd4d3,1791424971,1,0000109198-26-000051,5.02,1789662111,4.364166666666667,0,1
f6ec5d9159903b59238836f6,1791511133,0,,,,,0,0
f6f6080e3ea3a6bf43147a7c,1791424971,0,,,,,0,0
f6fb242534c8a22abc964091,1791424971,0,,,,,0,0
f6fc3e822668dcfbe20365ea,1791424971,1,0001628280-26-062287,"2.02,9.01",1789591379,0.5,1,0
f701c7c66979d08784f717b8,1791424971,0,,,,,0,0
f7022fec3de72c9439f141c6,1791511133,0,,,,,0,0
f705e12be31e69fa5e3fdba2,1791424971,0,,,,,0,0
f706b4f4bd62e9e2d262028f,1791424971,0,,,,,0,0
f706e69897d85789503a44c4,1791511133,0,,,,,0,0
f70f59ac836a014e92c54214,1791424971,0,,,,,0,0
f70f62058044889da4b4f647,1791427778,0,,,,,0,0
f712e3783756e77966a07b3e,1791424971,1,0000887343-26-000181,"7.01,9.01",1790802429,8.0,0,1
f713795d3063aaac36f9309c,1791424971,0,,,,,0,0
f71838c6aeb2728ed016c3ca,1791424971,0,,,,,0,0
f71ac49b24c77bfd5c3b4dd5,1791424971,0,,,,,0,0
f71ff1fdcaf124668a218de9,1791424971,0,,,,,0,0
f720d849282fb858ef46d432,1791424971,0,,,,,0,0
f725ecdb8dd961e75db70e92,1791511133,0,,,,,0,0
f72c688778f0f5cdc120f85a,1791424971,0,,,,,0,0
f730cac3be6767428574caa9,1791424971,0,,,,,0,0
f733404d13daed90847c6d08,1791424971,0,,,,,0,0
f73abb4d1bd3b09703203ae5,1791424971,0,,,,,0,0
f741ad360c1e76fa6aafa68f,1791424971,0,,,,,0,0
f74671a1e9e32acea7be5743,1791424971,0,,,,,0,0
f74a43b763c3f4826670e4e9,1791424971,0,,,,,0,0
f74cf980540d53a873a0f9e1,1791424971,0,,,,,0,0
f7550c32eedd9f02718ec92b,1791424971,0,,,,,0,0
f757bf31df142febc3e059d9,1791424971,0,,,,,0,0
f75823140a9437d3c338c3e2,1791424971,1,0001108426-26-000058,"7.01,8.01,9.01",1788381301,13.0,0,1
f759a906df39dafb8b9fc8e0,1791511133,0,,,,,0,0
f75bb58521ad7a5eb5895814,1791424971,0,,,,,0,0
f75c6013667aafa5494955aa,1791424971,0,,,,,0,0
f76aaaaf69b456f3d1ead892,1791424971,0,,,,,0,0
f76b07298634bf03187fc072,1791424971,0,,,,,0,0
f76f2e2177fd202ff42fc30f,1791424971,0,,,,,0,0
f77207252fdc5ca7ffde37be,1791511133,0,,,,,0,0
f773bbe5156b1dd6954c9e03,1791424971,0,,,,,0,0
f7765a03334168ee19250873,1791424971,0,,,,,0,0
f779648de7be391a900aa059,1791424971,0,,,,,0,0
f77a2d8588b4b86b5e9bbb7d,1791511133,0,,,,,0,0
f77c09088243f9a87d8b103e,1791424971,0,,,,,0,0
f77d1f3f00b4cf5015877533,1791424971,0,,,,,0,0
f78268e3ac2e2f5062fbe4f8,1791424971,0,,,,,0,0
f786cf29f94638fee7e5721e,1791424971,0,,,,,0,0
f7879fde74094df782a5d091,1791424971,0,,,,,0,0
f788849f42e8d984d47a712f,1791424971,0,,,,,0,0
f78a853e9059ad366728024d,1791424971,0,,,,,0,0
f78c5336cec06f49f3ec8a2e,1791424971,0,,,,,0,0
f78d4f3652ad7cedbbd8d4e9,1791424971,0,,,,,0,0
f78e23080fc10adb94d5fdc8,1791511133,0,,,,,0,0
f7914050385f18d8b22fec2d,1791424971,0,,,,,0,0
f7997af88198b19dbe83e44f,1791424971,0,,,,,0,0
f79c72e8af966793c36ddb8b,1791424971,0,,,,,0,0
f79f1d87d90afa5195f1a842,1791424971,0,,,,,0,0
f7a9ac22188a8f1f27d0433d,1791424971,0,,,,,0,0
f7a9e117f59b64a79f5595e5,1791424971,0,,,,,0,0
f7ac9e9791a8a51f806a4be9,1791511133,0,,,,,0,0
f7adbd02b60c237179d308f6,1791424971,0,,,,,0,0
f7b996e4eaf9123d6325ca09,1791424971,0,,,,,0,0
f7c54b1e8f91e20aee189b9e,1791424971,0,,,,,0,0
f7ce2a754f30d13966b6bbd3,1791424971,0,,,,,0,0
f7ce8acfcddd5858aad04e07,1791424971,1,0000074208-26-000077,"7.01,9.01",1788985049,0.5,0,1
f7d1376821ca42fd5144baf5,1791424971,0,,,,,0,0
f7d4387aab4ee33919ba910f,1791424971,0,,,,,0,0
f7d7c51fc773a9631c107373,1791424971,0,,,,,0,0
f7d8bacd3d924c35ef0fb1e8,1791424971,0,,,,,0,0
f7e531584fe05dc224c265e1,1791424971,0,,,,,0,0
f7f13b38bcb0110d73244d66,1791424971,0,,,,,0,0
f7f1675d417e9995bf7325ff,1791424971,0,,,,,0,0
f7f1cba5ff22f2772a7d83a5,1791511133,0,,,,,0,0
f7f2633e8c1df71ae073c588,1791511133,0,,,,,0,0
f800a1692c9f84cbd04c7823,1791424971,0,,,,,0,0
f80fd4020b1d55bf77b41d00,1791424971,0,,,,,0,0
f81041adceab06a17408d411,1791511133,0,,,,,0,0
f8120209f0054b2f7d6fc2f3,1791424971,1,0001335258-26-000041,"5.02,9.01",1790975142,7.0,0,1
f8125db758a1f9a81846dac0,1791511133,0,,,,,0,0
f8161a9267a194139cb590b0,1791424971,0,,,,,0,0
f8173ca798797c3bc4f917f6,1791424971,1,0001140361-26-038468,"1.01,2.03,9.01",1790986367,6.5,0,1
f81ca30d7b2f3caa580f79e0,1791424971,1,0000950157-26-001058,"1.01,8.01",1790946977,8.0,0,1
f81f42ae4195783b05337e6d,1791511133,0,,,,,0,0
f824237cff01090608b14000,1791424971,0,,,,,0,0
f8294dd8d7676073327a7218,1791424971,0,,,,,0,0
f8299ae07697556bdd30a568,1791424971,0,,,,,0,0
f82a3f629625558651f51a8b,1791424971,0,,,,,0,0
f82d027ea989293b93305023,1791424971,0,,,,,0,0
f82d70cec256e97295794c9e,1791424971,1,0001728951-26-000064,"7.01,9.01",1789590971,13.0,0,1
f82f199ebcddf4e804e41b2a,1791424971,1,0001193125-26-404006,8.01,1790606813,1.281388888888889,0,1
f8308942cfdc8e90ce27cf20,1791424971,0,,,,,0,0
f839e3aa560657aec12737a7,1791424971,0,,,,,0,0
f83c0c20785c159c95110974,1791511133,0,,,,,0,0
f83c10efeb014b0b9fce6d2b,1791424971,0,,,,,0,0
f841e9394025964a68c20f42,1791424971,0,,,,,0,0
f84f3fb2edbf5755880a4f3d,1791424971,0,,,,,0,0
f850b3102f970460305639ae,1791424971,1,0001171843-26-006315,"8.01,9.01",1790812794,1.5,0,1
f854463c8a332d7f09d0a1f5,1791511133,0,,,,,0,0
f855b6c818715119d5fbc59e,1791424971,0,,,,,0,0
f8578e516f20c916166238bc,1791424971,0,,,,,0,0
f85e994fefc7dbe788598090,1791424971,1,0001193125-26-401157,"7.01,8.01,9.01",1790284267,6.5,0,1
f85f5de908ee30d84e8be0c3,1791511133,0,,,,,0,0
f86415b60152c174404a1fcd,1791424971,0,,,,,0,0
f868faf301960414da541a16,1791424971,0,,,,,0,0
f86d0204411c01ce5b6d1d99,1791511133,0,,,,,0,0
f875bb2295010b28b7cd4614,1791511133,0,,,,,0,0
f8789481339ab51fc5de7962,1791511133,0,,,,,0,0
f87df855bc0bb6aba51fd1ad,1791424971,0,,,,,0,0
f87e45a1b2c9bfa9e236ba7c,1791424971,0,,,,,0,0
f88459720c888d5d73d91a52,1791424971,0,,,,,0,0
f8849b0e79ef409556302c20,1791511133,0,,,,,0,0
f887bab28f79592f4aafe886,1791511133,0,,,,,0,0
f891cc5cf19a7ce4ca326462,1791424971,0,,,,,0,0
f8955c55fe2f53722c49d5be,1791424971,0,,,,,0,0
f8958f85bf33651af477910d,1791424971,0,,,,,0,0
f89ac372fbe15d790dfc9d6d,1791424971,1,0001193125-26-365046,7.01,1787686349,0.04138888888888889,0,1
f8a27fffeba66a2effdc0e0a,1791424971,0,,,,,0,0
f8a4f582c6af6406c887be36,1791511133,0,,,,,0,0
f8a664e9779598451f0a0ec3,1791424971,0,,,,,0,0
f8aa5029217b59e6db9766b1,1791424971,0,,,,,0,0
f8ac32cfd9553e4d22c24dc2,1791424971,1,0001628280-26-063850,"7.01,8.01,9.01",1790716525,7.0,0,1
f8acb4d9bd9d0c5f75c4903b,1791424971,0,,,,,0,0
f8b0e35c7d580afee2c8dd65,1791511133,0,,,,,0,0
f8ba011d2ba2d1a394ed5f20,1791424971,0,,,,,0,0
f8bbb2f75e089292d7b62d4f,1791511133,0,,,,,0,0
f8bc496bb35ac0ecb92cfa5a,1791424971,0,,,,,0,0
f8c4c15640813b8663751fea,1791424971,1,0001524472-26-000132,"1.01,1.02,2.03,9.01",1788911848,0.5,0,1
f8c4e5b15a7fda9a64836d49,1791424971,1,0001628280-26-063850,"7.01,8.01,9.01",1790716525,5.5,0,1
f8ca818bc00a1d2d0b7c18d4,1791424971,0,,,,,0,0
f8cf26259a41737cd6bdbaa3,1791424971,1,0001104659-26-105498,5.02,1788552340,0.5,0,1
f8d05a31ed408dabe304a496,1791424971,0,,,,,0,0
f8e19e2b6f81c9f0f57f3215,1791424971,0,,,,,0,0
f8e28edf77d39a8f71c10c5f,1791424971,0,,,,,0,0
f8e6deea3393c469faa25a10,1791424971,0,,,,,0,0
f8e6ec9435bc52839b4d0904,1791511133,0,,,,,0,0
f8e8170f141432b13672fd78,1791427778,0,,,,,0,0
f8e95e4d9b1387f99157179a,1791511133,0,,,,,0,0
f8e9c05a01a04591ac28eeec,1791424971,0,,,,,0,0
f8ea37c223388bdb698133e0,1791424971,0,,,,,0,0
f8f3969f20c0724f73460bb1,1791424971,0,,,,,0,0
f8fa44dd93288af42acdac9b,1791424971,0,,,,,0,0
f8fc853f1d1f1b22b9939792,1791511133,1,0001104659-26-114359,"1.01,2.03,9.01",1791403961,13.0,0,1
f8fef2b8f851da124e324b09,1791511133,0,,,,,0,0
f8ffc911ec44a9599d194ef4,1791424971,0,,,,,0,0
f904f0dc6a04ded9c4fb2356,1791424971,0,,,,,0,0
f907f1d06b5816631368f83b,1791424971,0,,,,,0,0
f90c79a67f7a3d409a730582,1791424971,0,,,,,0,0
f90ff0790d98cf88622e6824,1791424971,0,,,,,0,0
f913a1eb165bcb4cea2b4e7f,1791424971,0,,,,,0,0
f9141741691d278a1161c5c4,1791424971,0,,,,,0,0
f919939c53cd5f0b1f06076b,1791424971,0,,,,,0,0
f91f2c93960806a54cbe998a,1791424971,0,,,,,0,0
f92ee764b3b7dc0cef51deaf,1791424971,0,,,,,0,0
f92fd560abf0b6486a76a394,1791511133,0,,,,,0,0
f9317290cd345ef91d9974b1,1791424971,0,,,,,0,0
f932f299411c91655307c4b3,1791511133,0,,,,,0,0
f938536f6351a967dd7e16ea,1791424971,0,,,,,0,0
f949af138fbecb95e503bcf7,1791424971,0,,,,,0,0
f94cc4e739e9625576ec7971,1791424971,0,,,,,0,0
f952ed3e6f620964f1e9f53f,1791424971,0,,,,,0,0
f9537c9855414a2865cf16c1,1791424971,0,,,,,0,0
f9563bd75cbab885afbbaeec,1791424971,0,,,,,0,0
f9688eb15c285b5f39bb309a,1791424971,0,,,,,0,0
f969c3ee72873fde96cc7f21,1791424971,0,,,,,0,0
f973732db2d56031e89a000e,1791424971,0,,,,,0,0
f97c6bc03a106a0daa9f0418,1791424971,0,,,,,0,0
f97ce96961023cc0badb5027,1791424971,1,0001104659-26-112420,"8.01,9.01",1790803628,5.5,0,1
f97e93659c3fe7e50e5dde59,1791424971,0,,,,,0,0
f97f36c8b35fed0bcd23686d,1791424971,0,,,,,0,0
f98408ccad9a7d0cacb40b44,1791424971,0,,,,,0,0
f9861612b738f01406d01ba0,1791424971,0,,,,,0,0
f987bb24db302ee728242d90,1791424971,0,,,,,0,0
f98c258096ea7c73bfde728e,1791511133,0,,,,,0,0
f98fa87a0926e55de92907f7,1791511133,0,,,,,0,0
f991579ae204986387663e26,1791424971,0,,,,,0,0
f99335da762588e3df58d111,1791424971,0,,,,,0,0
f99703f744dd0b02f749e58e,1791511133,0,,,,,0,0
f99f39e85ff444d44c2f4c58,1791511133,0,,,,,0,0
f9a437e4ba791392b843a0c2,1791511133,0,,,,,0,0
f9a44a6ab82035db28327d26,1791424971,0,,,,,0,0
f9a6cd0f7deb8fcb1b9b8f2f,1791424971,0,,,,,0,0
f9afaeacefea91e069cb5cc4,1791424971,0,,,,,0,0
f9b64fe543a7efcc32aa0c7b,1791424971,1,0001171843-26-006315,"8.01,9.01",1790812794,7.0,0,1
f9ba1a5ed46413a27dacd043,1791424971,0,,,,,0,0
f9ba6c4ffee45945d007f29e,1791424971,0,,,,,0,0
f9c74e2a68d6d984888c985c,1791424971,0,,,,,0,0
f9c74e44b1a1da240bb7d6ff,1791511133,0,,,,,0,0
f9d2f324dd158984b146401f,1791424971,0,,,,,0,0
f9d7fda2798a73f48ee804fe,1791424971,0,,,,,0,0
f9d87363b7dae4e8d5eaad25,1791424971,0,,,,,0,0
f9d958e6f3628440c98fc29e,1791424971,0,,,,,0,0
f9da559ff5d7b38cc1a8e531,1791424971,0,,,,,0,0
f9dae4bbca06c0fe9c5de089,1791424971,0,,,,,0,0
f9ddfd0c4af4259fdba985a6,1791511133,0,,,,,0,0
f9df0509f2827a30cf1625e7,1791511133,0,,,,,0,0
f9e1daeb877a59a0eaab634d,1791424971,0,,,,,0,0
f9e9600bc0432dbd37bcffbe,1791424971,0,,,,,0,0
f9f08eab25c429ec6e20d8e0,1791511133,0,,,,,0,0
f9f3301d537437fa1cba91b0,1791424971,0,,,,,0,0
f9fac2a79d1da88491bea4fd,1791427778,0,,,,,0,0
f9fc86248b7090b96babcb6c,1791424971,0,,,,,0,0
f9ff441d2d8088cb0abe23e9,1791424971,1,0001193125-26-392151,"7.01,9.01",1789507287,5.5,0,1
f9ff706f616c9ce70fd0bd22,1791424971,0,,,,,0,0
fa008baa0461f366309b4874,1791511133,0,,,,,0,0
fa02e007a2303abefe27f570,1791424971,0,,,,,0,0
fa08690a20b14a21add07848,1791424971,0,,,,,0,0
fa0a56997c4c73e9e4d12910,1791424971,0,,,,,0,0
fa11e119c5551b3699bde638,1791424971,0,,,,,0,0
fa19f76c89ce0f30475b3407,1791424971,0,,,,,0,0
fa1a8d1a3e17b33d0213f3b7,1791424971,0,,,,,0,0
fa1f72296ba219b056afc66d,1791424971,0,,,,,0,0
fa24c05aa1747fa759698a7b,1791424971,0,,,,,0,0
fa29aa762b4e99e8f2cd18f6,1791424971,0,,,,,0,0
fa2c52168f32e0109de00bc0,1791424971,0,,,,,0,0
fa2d5ab9e1694730ca750f9e,1791424971,0,,,,,0,0
fa305bc2eb44802f234a822d,1791424971,0,,,,,0,0
fa3f7b5a5aaf0f344375710d,1791424971,0,,,,,0,0
fa44387ca5cab1c8ec7c2e19,1791424971,0,,,,,0,0
fa4cc7826cc8e614efeb6d34,1791424971,0,,,,,0,0
fa50c611a218c8c77c4af829,1791424971,0,,,,,0,0
fa50dd54622aefad71b291b8,1791424971,0,,,,,0,0
fa580d5ae8b1af56b3160bdf,1791424971,0,,,,,0,0
fa654a237fb9e9d69b212394,1791424971,0,,,,,0,0
fa65e8f8f7e412d0edfded97,1791424971,0,,,,,0,0
fa6927c663e4cd4c160698d5,1791424971,0,,,,,0,0
fa772081aedbd4ac58631d43,1791424971,0,,,,,0,0
fa776e6f8737b035aac61851,1791424971,0,,,,,0,0
fa77dd0533b3bb542913165b,1791424971,0,,,,,0,0
fa7d64e77629425d340b2255,1791424971,0,,,,,0,0
fa7e72f49eedb6221511b6a9,1791424971,0,,,,,0,0
fa7fe8f9aab296a75a128c41,1791511133,0,,,,,0,0
fa843ba15d67df81941ea3b2,1791424971,0,,,,,0,0
fa86c54ad114392adb6c9fe8,1791511133,0,,,,,0,0
fa8acad6580ccc21d1417ddd,1791424971,1,0001104659-26-110965,5.02,1790366738,7.0,0,1
fa927ddea1313670275178e9,1791424971,0,,,,,0,0
fa92da99fe7d741d5d6540b1,1791424971,0,,,,,0,0
fa9517a9f09c34852c23f9ba,1791424971,0,,,,,0,0
fa9d9ac4db23e876f08a2e26,1791424971,0,,,,,0,0
faa1da6e953061261e073d4f,1791424971,0,,,,,0,0
faa9410639a307bf40cb0443,1791424971,0,,,,,0,0
fab542380156e27db39c83bd,1791511133,0,,,,,0,0
fab9c7405df047dcdd37c395,1791424971,0,,,,,0,0
faba72f5b47dd1cb6342e3c7,1791424971,0,,,,,0,0
fac265729bd8e5f309f2a15b,1791424971,0,,,,,0,0
fac54dd075edd69ce891352e,1791424971,0,,,,,0,0
fac9b09417fc14695115ab59,1791424971,0,,,,,0,0
faca3d3f6e5b1c6a6f63a99c,1791511133,0,,,,,0,0
faccb5e1091b2176e93fc44b,1791511133,0,,,,,0,0
face70b3565ea5c9f6d724ec,1791511133,0,,,,,0,0
faceb08e4ee6aa9a7e9f90c0,1791424971,0,,,,,0,0
fad40aec965bbdc420e5e633,1791424971,0,,,,,0,0
fad615bb2c4b0b26304c45a4,1791424971,0,,,,,0,0
fadaf37e02762cff12d47855,1791424971,0,,,,,0,0
fadb195f417698920492eeba,1791424971,0,,,,,0,0
fadd71b5751c3eab2f700cbe,1791424971,0,,,,,0,0
fae15367131cba541d075bda,1791424971,0,,,,,0,0
fae1deb73f51b542a9db01ce,1791424971,0,,,,,0,0
fae25ce6b1300ecbd48c4d0b,1791424971,0,,,,,0,0
fae88d30151cc9bcef064f63,1791424971,0,,,,,0,0
faea70d0460197d0bf6897a4,1791424971,0,,,,,0,0
faef969dd4cf1dd80c73eb20,1791511133,0,,,,,0,0
faf3499b3ac2a04473203e2a,1791424971,0,,,,,0,0
faf598f6edb17c1acb0baed4,1791424971,0,,,,,0,0
faf727de226e14baa420b20a,1791424971,0,,,,,0,0
faf9925c8c78ff344f2d2f5f,1791424971,0,,,,,0,0
faf9b2471f14225debd837de,1791424971,0,,,,,0,0
fafa4dcacc1690dbc78b7dc3,1791424971,0,,,,,0,0
fb0b1776935efdd003e9e08f,1791424971,0,,,,,0,0
fb123b56b93868bef3e22d52,1791424971,0,,,,,0,0
fb16a2ba3990aecf40b07aef,1791424971,0,,,,,0,0
fb185457b7cff2082310a6ab,1791424971,0,,,,,0,0
fb19fe9850b775f18d08d697,1791424971,0,,,,,0,0
fb24b7648900bf27d5d0bfc5,1791424971,0,,,,,0,0
fb25842cdcba86b4743ebc96,1791424971,0,,,,,0,0
fb28f7142062b44b18219e70,1791424971,0,,,,,0,0
fb2952219b70da4f9e89dab8,1791424971,0,,,,,0,0
fb2dbb40cf1a2b6e5dd82bac,1791424971,1,0001170010-26-000102,"2.02,9.01",1790679630,3.5,1,0
fb3234ba21867e76c15beef0,1791424971,1,0001805526-26-000098,"1.01,3.03,5.03,8.01,9.01",1788876102,0.5283333333333333,0,1
fb376b8929461bb08a72b01e,1791511133,0,,,,,0,0
fb3efed18ee7cab9ab85ffba,1791424971,0,,,,,0,0
fb41375cb7365f36d949ff69,1791424971,0,,,,,0,0
fb4bce2b4bd065a9c7ce2ca5,1791511133,0,,,,,0,0
fb4f93fe6b05b4568646a4f1,1791511133,0,,,,,0,0
fb56b0f4d60c2561e5787405,1791424971,0,,,,,0,0
fb57a46b0081988c29da1e87,1791511133,0,,,,,0,0
fb5ebe3f14bec383066a8f56,1791424971,0,,,,,0,0
fb649636f3cff8c48dce6676,1791424971,0,,,,,0,0
fb67a2bbb882e2c5b18910ec,1791424971,0,,,,,0,0
fb72b65479878a92048e93a8,1791424971,0,,,,,0,0
fb7695c1620f0759f4284c87,1791424971,1,0000769397-26-000059,"2.02,7.01,9.01",1787861106,0.5,1,0
fb7cfe9adc4a54d21a6080f0,1791424971,0,,,,,0,0
fb7df9af246c5fba453ca7fd,1791424971,0,,,,,0,0
fb7e6e569662bf4f9b263e08,1791424971,1,0001728951-26-000064,"7.01,9.01",1789590971,0.5,0,1
fb7f358dfc0d9292084b520f,1791424971,0,,,,,0,0
fb83ffbae85efc83257af533,1791424971,0,,,,,0,0
fb8f48be4683e66e21c77bf2,1791424971,0,,,,,0,0
fb8fdcfd62d58d366630f373,1791424971,0,,,,,0,0
fb9085fa38af962d134ce801,1791511133,1,0001637459-26-000067,5.02,1791321644,4.5,0,1
fb91059f87fd73c75a453a05,1791424971,0,,,,,0,0
fb930ad11fd7b3218683e2af,1791424971,0,,,,,0,0
fb934e2b83d41df8dbe09da9,1791511133,0,,,,,0,0
fb958c7c938e7e9b3d2cc79d,1791511133,0,,,,,0,0
fb9c4e2f39a4763cf27fdaf1,1791511133,0,,,,,0,0
fb9c4f9b0791529c9ece5a92,1791424971,0,,,,,0,0
fb9eebd2736c37ca3df8f400,1791424971,0,,,,,0,0
fb9f38638deba369930f8705,1791424971,0,,,,,0,0
fba63a4fb72456e399730577,1791424971,0,,,,,0,0
fba8bc0738914982e50889d5,1791511133,0,,,,,0,0
fbabe7aa500411129e89be25,1791424971,0,,,,,0,0
fbad71283be21bccf581e205,1791511133,0,,,,,0,0
fbb0792e5e6825904142ea6c,1791424971,0,,,,,0,0
fbb145ccb6de1726b924779b,1791424971,0,,,,,0,0
fbb15eb613cb9444c1a1c941,1791424971,1,0001506293-26-000136,5.02,1790975405,7.0,0,1
fbb39fd98620a9cbaa5cd0c5,1791424971,0,,,,,0,0
fbb49b0b595c4f18a1f1eae6,1791424971,0,,,,,0,0
fbb560a3efd90df539a5d6b2,1791424971,1,0001525769-26-000039,"2.02,9.01",1789416808,0.5,1,0
fbb6bd7bd3c98ebfc5ad1036,1791511133,0,,,,,0,0
fbc31aab0f8b545234fae0f1,1791511133,0,,,,,0,0
fbce523cc43f41319078410f,1791424971,0,,,,,0,0
fbd3f822071ed465e7ab4a2e,1791424971,0,,,,,0,0
fbdfadae2495b03e01306214,1791424971,0,,,,,0,0
fbe1cde4c877cbcace59e6c6,1791424971,0,,,,,0,0
fbe1e94d862f8e5c80222ed5,1791511133,0,,,,,0,0
fbe757e981b60cca67405214,1791424971,0,,,,,0,0
fbe75f123264e1b1ce3886e0,1791424971,0,,,,,0,0
fbf52d755ed39ed1e46bc973,1791424971,0,,,,,0,0
fbf820f063364047826ffeed,1791424971,0,,,,,0,0
fbf830544e61613e9eabeb5e,1791424971,0,,,,,0,0
fc01dc18a8a8b0b5b770a449,1791424971,1,0001820144-26-000033,"2.01,3.02,7.01,9.01",1790802151,0.5,0,1
fc0256007ca29ca3b2cc8479,1791424971,0,,,,,0,0
fc02f4f6fed2991eb0bc8d8f,1791424971,0,,,,,0,0
fc03ebd36be637dbae891aaa,1791424971,0,,,,,0,0
fc06c3f501f12f7591acc4ed,1791511133,0,,,,,0,0
fc0828521708419ff8430771,1791511133,0,,,,,0,0
fc0876d816466eb8a28ac89e,1791424971,0,,,,,0,0
fc097c8f15b35f2fc9eee456,1791424971,0,,,,,0,0
fc0aeb616457c1777d35831c,1791424971,1,0001193125-26-394451,8.01,1789678432,7.0,0,1
fc0b826d05118fce5cff23d7,1791424971,0,,,,,0,0
fc12760a15a515e04c2b08f6,1791424971,0,,,,,0,0
fc14d7fedcdb6cc0f530e702,1791424971,0,,,,,0,0
fc151e8e06da9aa2aa8f46cb,1791424971,0,,,,,0,0
fc1d4d7d88446294e1e74f76,1791511133,0,,,,,0,0
fc233e4a7443322619dea613,1791424971,0,,,,,0,0
fc26425bab7ab5898f6a8a8d,1791424971,0,,,,,0,0
fc27cc3b3bd2ba5447f81e38,1791511133,0,,,,,0,0
fc31c296b89058273c8c44da,1791424971,0,,,,,0,0
fc3c2c92d163c64626ba9d75,1791424971,0,,,,,0,0
fc3f51d5a3e5904e7e6662cf,1791424971,0,,,,,0,0
fc3f522eb16632a974729a5d,1791511133,0,,,,,0,0
fc3f88f26f624ceaeb59568a,1791424971,0,,,,,0,0
fc40e54affe5fb4cdcbd1d47,1791424971,0,,,,,0,0
fc43f61e4165fdf99dd92687,1791424971,0,,,,,0,0
fc45bb89c1f18b3038376841,1791424971,0,,,,,0,0
fc4ccb89e2ccdb9e64201c0b,1791424971,1,0001577526-26-000119,"2.02,9.01",1788379842,0.5,1,0
fc52073a9036a069bdbde9dc,1791424971,1,0001104659-26-111956,"5.02,7.01,9.01",1790713900,0.5,0,1
fc52494cbee93b6062862eac,1791424971,0,,,,,0,0
fc54af0c2bfb88e89b84d17c,1791424971,0,,,,,0,0
fc54ed0be38e61a424f49c3e,1791424971,0,,,,,0,0
fc56e0fa9da4cee12b4d8b49,1791424971,0,,,,,0,0
fc5d8aac93a0a4723fafc308,1791424971,0,,,,,0,0
fc61b730759b61850e8b149a,1791424971,0,,,,,0,0
fc62a430b664b908862a436d,1791424971,0,,,,,0,0
fc676d0f2cda9fff861238de,1791424971,0,,,,,0,0
fc6fdfc39122443cf365c5ae,1791424971,0,,,,,0,0
fc72f89d0f9e7b6426310a88,1791424971,1,0000825542-26-000054,5.02,1790366532,7.0,0,1
fc77c4652516d4b9f244d4a4,1791424971,0,,,,,0,0
fc7c2a2d484254a7763f0fe0,1791511133,0,,,,,0,0
fc7cbc27626be7409a78b033,1791424971,0,,,,,0,0
fc80fdd356f005d862c794d8,1791424971,0,,,,,0,0
fc830426b6725255b4eb6d03,1791424971,0,,,,,0,0
fc8d054c8cd53dc210e2ed50,1791511133,0,,,,,0,0
fc8fe00450f9b6f9c58789cd,1791424971,0,,,,,0,0
fc9287f42a8fddebc5c1e413,1791424971,0,,,,,0,0
fc94de91b390a06e7639f459,1791424971,0,,,,,0,0
fc953e8b0e052aeaa8c39aca,1791424971,0,,,,,0,0
fc9923f6452a42a2ea39c5f3,1791424971,0,,,,,0,0
fc9a0509ab561b2dd3e28943,1791424971,0,,,,,0,0
fc9de80faccbc9ed132ab3d5,1791424971,0,,,,,0,0
fc9ef53e94e70b239a973b4b,1791424971,0,,,,,0,0
fca81acde312983f4f82c042,1791511133,0,,,,,0,0
fcb5361ecfb5f35a12cc09b3,1791424971,0,,,,,0,0
fcb81ac4fa74380bee24cbd6,1791424971,0,,,,,0,0
fcb9db7764e07742ec7fcfb8,1791424971,0,,,,,0,0
fcbb6d592744136456273ac3,1791424971,1,0001628280-26-063888,"2.02,5.03,9.01",1790766066,0.5,1,0
fcbcbb636f268c1f1760806d,1791511133,0,,,,,0,0
fcbfe43ed89bf9117b2248ad,1791424971,0,,,,,0,0
fcc0f6a60cf9cefbe63db7bc,1791424971,0,,,,,0,0
fcc1c64275374399cedb5e08,1791424971,0,,,,,0,0
fcc3e6a73544fd6a0af71526,1791424971,0,,,,,0,0
fcc8dc9e3629af8663fd0e5b,1791424971,0,,,,,0,0
fcc9b00bd052a0900953e482,1791424971,0,,,,,0,0
fccb87063349ddd125e06ca0,1791424971,0,,,,,0,0
fcd77b45aa4426cf9c6d57b3,1791511133,1,0001628280-26-065292,"2.05,2.06,9.01",1791374472,4.5,0,1
fcd7f4eeb6a92bebe80b98cc,1791511133,0,,,,,0,0
fcd997a74c7498740fba40f1,1791424971,1,0001437749-26-030743,"1.01,1.02,2.03,3.03,9.01",1789761679,10.0,0,1
fce1edb567128f5f0ce57338,1791424971,0,,,,,0,0
fcefedd6be1b739fbd0a66b2,1791424971,0,,,,,0,0
fcf364b77effeac9417c546f,1791511133,0,,,,,0,0
fcf3a8340675ddaa10cb8e87,1791424971,0,,,,,0,0
fcf4d1619c9eccb49001fdd3,1791424971,0,,,,,0,0
fcf5158dbfc66aca9d196e5e,1791424971,0,,,,,0,0
fcf616e7f60768b1ea429a73,1791424971,0,,,,,0,0
fcf67e035cc381dc1a46f70d,1791424971,0,,,,,0,0
fcf847bb89fc9c27b1ce3860,1791424971,0,,,,,0,0
fd004ab1590fc97f93397353,1791424971,0,,,,,0,0
fd018bf4cc2db5a76048aae2,1791424971,0,,,,,0,0
fd05334a7822c5c6c52338f9,1791424971,0,,,,,0,0
fd062a79ce8823656d85133a,1791424971,0,,,,,0,0
fd0a8418997cb24dc01c8c26,1791424971,0,,,,,0,0
fd0d8796dfc1e8eb71d8ed15,1791424971,0,,,,,0,0
fd0e90e4d4b9b4489f2c5005,1791424971,1,0001104659-26-108777,"7.01,9.01",1789739251,0.29194444444444445,0,1
fd15eac11f828f533b50aab7,1791424971,0,,,,,0,0
fd171d9206fdc6d7190aeeca,1791424971,0,,,,,0,0
fd179fde16b2047d0097bfd5,1791511133,0,,,,,0,0
fd1caa21505f39d025bcf5cb,1791424971,0,,,,,0,0
fd1e76241c44a76486f1a35f,1791424971,1,0001104659-26-110965,5.02,1790366738,7.0,0,1
fd27cf46ae7f738aeece7853,1791424971,0,,,,,0,0
fd2c14d33f8de70b79eb503c,1791424971,0,,,,,0,0
fd35124088bc9104bc0bb32b,1791424971,0,,,,,0,0
fd369fdbd0e676017effbb50,1791424971,0,,,,,0,0
fd3dbe75472e0f562a0b0a94,1791424971,0,,,,,0,0
fd409c48b585fabc1fc6a17d,1791424971,0,,,,,0,0
fd44a8bbdfc1cbf38fcd558e,1791424971,1,0001140361-26-038468,"1.01,2.03,9.01",1790986367,1.5,0,1
fd58f0079f8f3eefa32896d6,1791424971,0,,,,,0,0
fd58febbdd9ec9b95d17da1b,1791424971,0,,,,,0,0
fd5a8bbc05ff96df9dc417b5,1791424971,0,,,,,0,0
fd5b8bf92c3f5a37c5c8e39a,1791424971,0,,,,,0,0
fd5be193e85e1963d01effd6,1791424971,0,,,,,0,0
fd610a0eb4e9ec22691f76da,1791424971,0,,,,,0,0
fd635f9123d6ed2a1bca99c3,1791424971,0,,,,,0,0
fd6559cfa3695af7f8a493e5,1791424971,0,,,,,0,0
fd696100af4864a75ce965fb,1791424971,0,,,,,0,0
fd6aa567d51853f04b66a099,1791424971,0,,,,,0,0
fd6af0e8460f8b2eaf2a02a1,1791424971,0,,,,,0,0
fd6cbea0664463042432e19d,1791424971,0,,,,,0,0
fd6eeb553be1c83e05612e5b,1791424971,0,,,,,0,0
fd6f9e34a288ccab064a0a0f,1791424971,0,,,,,0,0
fd719fb8495bdfae97d7f7c7,1791424971,0,,,,,0,0
fd75a36c730e8a8fc47246e7,1791424971,0,,,,,0,0
fd763f5e39bcdf8322468456,1791511133,0,,,,,0,0
fd7711aa22bb9175a106f8b4,1791424971,0,,,,,0,0
fd775aed6e94c7f008d55adb,1791424971,0,,,,,0,0
fd77995334a719a5769e9ce1,1791511133,0,,,,,0,0
fd7a72097a53680b813a2a1d,1791424971,0,,,,,0,0
fd7ff1b39e8c9db84db7a900,1791424971,0,,,,,0,0
fd820a024f25b3fb410c27f0,1791424971,0,,,,,0,0
fd8b1843df913afb97eaa061,1791424971,0,,,,,0,0
fd8cc2102ba3ea462cd96fd7,1791511133,0,,,,,0,0
fd8e8abe46fc7217cf0bbbcc,1791511133,0,,,,,0,0
fd90c83cb5140d9a2d9a92d0,1791424971,0,,,,,0,0
fd91815f7dc4095eceb54b2c,1791424971,0,,,,,0,0
fd9428bf28ba4a7bc4102753,1791424971,0,,,,,0,0
fd9efef992072e20b1ea6fd4,1791424971,1,0001171843-26-006315,"8.01,9.01",1790812794,5.5,0,1
fda2a2f1ee2bf92d2632802e,1791424971,0,,,,,0,0
fda4a5eec8f8aeadf610b998,1791424971,0,,,,,0,0
fda5fcb58b2e609b25e91124,1791424971,0,,,,,0,0
fda7fe203b231cc6048354fb,1791424971,0,,,,,0,0
fdb24bbcd58eda3e95faab08,1791424971,0,,,,,0,0
fdb2953367cad14818de6761,1791424971,0,,,,,0,0
fdb3f2d9054cd3be4ddde15f,1791424971,0,,,,,0,0
fdbb501d4414259c3fe5dbbb,1791424971,0,,,,,0,0
fdbca0274b5692a65fccd50b,1791424971,0,,,,,0,0
fdbfe3881b326fe30621fc57,1791424971,0,,,,,0,0
fdbfed39482e01286f558fb9,1791424971,0,,,,,0,0
fdc0307e279957f8cb61165b,1791424971,0,,,,,0,0
fdc116e361948c045fa14490,1791424971,0,,,,,0,0
fdc213ce3ac3702e58572c54,1791424971,0,,,,,0,0
fdc39703e6ff6359d4914236,1791424971,0,,,,,0,0
fdca4dd954712d28802b3452,1791424971,0,,,,,0,0
fdd28e966904d802c521c2df,1791424971,0,,,,,0,0
fdd3a64d9f47d245a6410a18,1791424971,0,,,,,0,0
fdd854d3a86d8b79c97a4385,1791424971,0,,,,,0,0
fddbdfa44ff9858b535166d5,1791511133,0,,,,,0,0
fddefa9e88c1ca3bbd093096,1791424971,0,,,,,0,0
fde01c8f77b92dd7756dcbd3,1791424971,0,,,,,0,0
fde3285a2d57d87354992727,1791424971,0,,,,,0,0
fde498464769465bd2cf2244,1791511133,0,,,,,0,0
fde574ba5947f6d1f3d680be,1791424971,0,,,,,0,0
fde8ee6f112c18f801bbff7c,1791424971,0,,,,,0,0
fde99a78dfda0c1cfad4eb54,1791424971,0,,,,,0,0
fdeb9ed6da8db87e6f22aeae,1791424971,0,,,,,0,0
fdeefec2c412dc0ddf42abad,1791424971,1,0001564708-26-000211,"8.01,9.01",1790639482,0.5,0,1
fdef2fa71ae20295311d8d2f,1791424971,0,,,,,0,0
fdf0059bc5f42cda844ac7a0,1791511133,0,,,,,0,0
fdf5f5ce86a232ea06f776dd,1791424971,0,,,,,0,0
fdf76e4388a3ff2ca6a5b3d9,1791424971,0,,,,,0,0
fdf786b045a90d1562b0a779,1791424971,0,,,,,0,0
fdf83301a548f3a91c2582d5,1791424971,1,0000720005-26-000077,"7.01,9.01",1790195034,13.0,0,1
fdf8517d1de7fc9db41359db,1791511133,0,,,,,0,0
fdfbb6faf630bac7e676316e,1791424971,0,,,,,0,0
fe06bbbee08994351ad592ce,1791511133,0,,,,,0,0
fe08925e4c3d896b46ab6c6f,1791424971,0,,,,,0,0
fe0cf90b08946f644a51b456,1791511133,0,,,,,0,0
fe0ddd53772f30177d8024a9,1791424971,0,,,,,0,0
fe0e9546f310e69981aa3f37,1791424971,0,,,,,0,0
fe138fe8dfa0cee72492b532,1791424971,0,,,,,0,0
fe15c844bf3cceb6273d1618,1791424971,0,,,,,0,0
fe167d7e063cc3494d15a8e6,1791424971,0,,,,,0,0
fe1d47d9d12c83af91a77d43,1791424971,0,,,,,0,0
fe23c46d38f66db1a1543bee,1791424971,0,,,,,0,0
fe2d4bea7d07e4844833d172,1791511133,0,,,,,0,0
fe30c957808bf0025ea26393,1791424971,0,,,,,0,0
fe35b906f5b0f75c484f419a,1791511133,0,,,,,0,0
fe3b931d9592267770602374,1791424971,0,,,,,0,0
fe3e2960960f31542fa406f7,1791424971,0,,,,,0,0
fe3f5f12178bdcce45133de9,1791424971,0,,,,,0,0
fe40a6f68628670774793710,1791424971,1,0000950157-26-001058,"1.01,8.01",1790946977,0.5,0,1
fe42ab613137ed766f44eb52,1791511133,0,,,,,0,0
fe4829f82ba2a71c0f0dbafa,1791424971,0,,,,,0,0
fe493bf4f92bdf38e8b3814b,1791424971,0,,,,,0,0
fe49aa0b059962ae4e4de04b,1791511133,0,,,,,0,0
fe4e52fb373d7370299a77e8,1791424971,0,,,,,0,0
fe52e51d3c00a6b20d3cec7c,1791424971,0,,,,,0,0
fe58295e36dec287244469f3,1791424971,0,,,,,0,0
fe5c62416bc811021a32b8be,1791424971,0,,,,,0,0
fe60260146706cde0785c8fe,1791424971,0,,,,,0,0
fe60e08db4d879ec71de7476,1791424971,0,,,,,0,0
fe676620ef7304ddc13b8a3b,1791424971,0,,,,,0,0
fe689618dac4957863f73c1d,1791424971,0,,,,,0,0
fe6937ef5e4742506c868764,1791511133,0,,,,,0,0
fe6c8afd5d7fe79e47fd3bf8,1791424971,0,,,,,0,0
fe7189a0b033064c4c8f199c,1791511133,0,,,,,0,0
fe71a35e6f470db64338ae5c,1791424971,0,,,,,0,0
fe71ce272d6b23aa3681f885,1791424971,0,,,,,0,0
fe7802650211cc26a6bf346b,1791424971,0,,,,,0,0
fe7ab174c2d821bd748c9333,1791424971,0,,,,,0,0
fe7b05e79c24ff4dff7e248c,1791424971,0,,,,,0,0
fe7cd2833d714b2a0722df89,1791424971,1,0000920522-26-000025,7.01,1789158218,7.0,0,1
fe7f286646c4735687a053ef,1791424971,0,,,,,0,0
fe7ffe4b9e7cd306fe7c7ebd,1791424971,0,,,,,0,0
fe81748b6628a32a1aaa05fd,1791424971,0,,,,,0,0
fe845f86667cda85008d6712,1791424971,0,,,,,0,0
fe857382887748ed24200580,1791424971,0,,,,,0,0
fe8dec508034f9b8c97cb8e2,1791424971,0,,,,,0,0
fe9a76e8a4d9428dcf795bd7,1791424971,0,,,,,0,0
fe9b747bd453bb8681af9abb,1791424971,0,,,,,0,0
fe9f80e85089d7b075d96951,1791511133,0,,,,,0,0
fea0e4400c2567c6eb8c23a3,1791424971,1,0001193125-26-402817,"5.02,7.01,9.01",1790366715,0.5,0,1
fea10a8461cc40e9c5ae03f6,1791424971,1,0001193125-26-402817,"5.02,7.01,9.01",1790366715,5.5,0,1
feaa2dea1ee32e9bc5c61b5d,1791424971,0,,,,,0,0
feb2abfdef852b871b700b7d,1791511133,1,0001193125-26-415617,5.02,1791318397,3.5,0,1
feb4f6b861c51d1d99aec4f0,1791424971,0,,,,,0,0
feb8adb54624dccbc049b918,1791424971,0,,,,,0,0
feb9993acc7c520a6fc5304d,1791424971,0,,,,,0,0
feba895cb1861965c3e5df22,1791424971,0,,,,,0,0
febc5d3521a6d4075770955b,1791511133,0,,,,,0,0
febddc4eb6fc400637aab8db,1791511133,0,,,,,0,0
fec35ad4385e233388ac426d,1791424971,0,,,,,0,0
fecbdbbadee3a76d9bb43404,1791424971,0,,,,,0,0
fecc7512b61e35463b4a5215,1791424971,0,,,,,0,0
fecdc9226639f7a8c08aed40,1791511133,0,,,,,0,0
fecf0ac590ae6719f6a79ecc,1791424971,0,,,,,0,0
fed0f8925963d2597bc3fbfb,1791424971,0,,,,,0,0
fed12221c78ac0bafee68991,1791424971,0,,,,,0,0
fed137349271e96b9f4e587f,1791424971,0,,,,,0,0
fed45f90059daf7633ea2ab0,1791424971,0,,,,,0,0
fed96172eab8137441e71a0d,1791424971,0,,,,,0,0
fedd7a039837737582039623,1791511133,0,,,,,0,0
fee1b85873c16de6ed94d873,1791427778,0,,,,,0,0
fee4f8d93357ea92ea279e71,1791424971,0,,,,,0,0
fee742f441e0ba7dec120d43,1791424971,0,,,,,0,0
fef2ce032c307d1f286dfef1,1791424971,0,,,,,0,0
fef40cd3bb829497eae2ba91,1791424971,0,,,,,0,0
feffb0b20ca3c5c0e92804e1,1791424971,0,,,,,0,0
ff00abfeb836984e57d8734b,1791511133,0,,,,,0,0
ff02999eb7fa68877e286a29,1791511133,0,,,,,0,0
ff0359c90087c2cf1a0b158a,1791424971,0,,,,,0,0
ff04600add74526e6fc48ed1,1791424971,0,,,,,0,0
ff0461e0cff152a66bd440b9,1791424971,0,,,,,0,0
ff0bd6cf5f5f777afb379fef,1791424971,0,,,,,0,0
ff0d6462b31c3d0d14ae134c,1791424971,0,,,,,0,0
ff116664e1f4f3f00012e7be,1791424971,0,,,,,0,0
ff1197389e6999ea774200de,1791424971,1,0001104659-26-106356,"1.01,1.02,2.03,8.01,9.01",1788985847,0.5,0,1
ff151bd49f28f167c9816f83,1791511133,0,,,,,0,0
ff18b6ad7add80833096c26c,1791424971,0,,,,,0,0
ff19539e29789dee08418470,1791424971,0,,,,,0,0
ff1bba9c968222837dbf7b55,1791424971,0,,,,,0,0
ff20a1d77300455403d9841c,1791511133,0,,,,,0,0
ff2212a5020799e629d3d65a,1791424971,0,,,,,0,0
ff237a985b3db442660e94d2,1791424971,0,,,,,0,0
ff242a2c5c22aeccf953ef36,1791424971,0,,,,,0,0
ff285167463796b1a7256137,1791511133,0,,,,,0,0
ff2f4e1ca85cd2c5b0887da7,1791511133,0,,,,,0,0
ff361ad4f8f46dad688c9815,1791424971,0,,,,,0,0
ff3c146c6906b51aff68213b,1791424971,0,,,,,0,0
ff427fe98f2738c780cc8ed9,1791424971,0,,,,,0,0
ff44e7c81f6729d69d8d4e35,1791424971,0,,,,,0,0
ff4fcb7cb5dfc6619082a431,1791424971,0,,,,,0,0
ff5624212a0d1d282abd7709,1791424971,0,,,,,0,0
ff5a7ad0bd03e78d4ab7aebb,1791424971,0,,,,,0,0
ff5bfefadba4ad9852144562,1791424971,0,,,,,0,0
ff5cdaeed2ff106d48893a3f,1791511133,0,,,,,0,0
ff5d1946866deec7bdf3504a,1791424971,0,,,,,0,0
ff61f371b58b9852defd4807,1791424971,0,,,,,0,0
ff6f0ee3474c51d3a87a8dfc,1791511133,0,,,,,0,0
ff8003e5991954fa39255927,1791511133,0,,,,,0,0
ff8206de7911cb1b469dcf23,1791511133,0,,,,,0,0
ff8274318eface6856aab955,1791424971,1,0001193125-26-398015,"1.01,2.03,3.02,9.01",1790109664,13.0,0,1
ff8419f9104099dfb0811379,1791424971,0,,,,,0,0
ff84c46e6878dc95491c26d7,1791424971,0,,,,,0,0
ff85f12c2229340b4fed0b73,1791424971,0,,,,,0,0
ff87cf04d4d6d36c04e035f0,1791511133,0,,,,,0,0
ff90e31c581622f40e137512,1791424971,0,,,,,0,0
ff948742e0f90538cf2a85d9,1791424971,0,,,,,0,0
ff99e85a7589c2541cf3f869,1791424971,0,,,,,0,0
ffa55dc9e4b18dc0984db9fe,1791424971,0,,,,,0,0
ffa60bd9093575202999f69c,1791424971,0,,,,,0,0
ffaa6806d27807f591a77a89,1791424971,0,,,,,0,0
ffab235920d7db39f102b569,1791424971,0,,,,,0,0
ffacfb9f7eb23b2e5e746402,1791424971,0,,,,,0,0
ffb23e0d28f402cb321d5c9e,1791424971,0,,,,,0,0
ffb4b03916a1f5522d2e0de1,1791424971,0,,,,,0,0
ffb74a574957d939dcdc1e54,1791424971,0,,,,,0,0
ffb7543dc552c2ef353f3341,1791424971,0,,,,,0,0
ffb898c759bd933058279f30,1791424971,0,,,,,0,0
ffb8e106af1c60ca171164e8,1791424971,0,,,,,0,0
ffb9c003306ef88678ffb3c1,1791424971,0,,,,,0,0
ffc1fd91804c1c21169da599,1791424971,0,,,,,0,0
ffc2bc27613811ccd9a740be,1791424971,0,,,,,0,0
ffc3702349dc891d07c3cedb,1791424971,0,,,,,0,0
ffc7b677d99eb4f0c1980a88,1791424971,1,0000911177-26-000052,7.01,1790857314,0.5,0,1
ffc852c236ac7c9b14ef0a11,1791511133,0,,,,,0,0
ffc8cc43f3119269ca141604,1791424971,0,,,,,0,0
ffcd9d981ffaffc270f6ef04,1791424971,0,,,,,0,0
ffd3f5517e903598870dd50b,1791424971,0,,,,,0,0
ffd787a8a06f9e29859a7209,1791424971,0,,,,,0,0
ffd7cb6f938373b2b79808ad,1791424971,0,,,,,0,0
ffd80dd56987a39619c4444d,1791511133,0,,,,,0,0
ffddd0798ba9d0d7fbd46207,1791424971,0,,,,,0,0
ffe8fcab0f030214d2a466d8,1791424971,0,,,,,0,0
fff1dff6216601464d197b3a,1791424971,1,0000049196-26-000079,"8.01,9.01",1789761967,6.5,0,1
fff830247110642ffa884a53,1791424971,0,,,,,0,0
fffac143789470d94d9f95c2,1791424971,1,0001193125-26-386510,"2.02,9.01",1788985817,0.5,1,0
fffaf76b688678c68cb5935f,1791511133,0,,,,,0,0
fffb0d301fb1f16b2b7514d9,1791424971,0,,,,,0,0
fffd870b6c63b1d624433f66,1791424971,0,,,,,0,0
fffe42802c2190db2b6e2507,1791424971,1,0001174922-26-000062,"8.01,9.01",1789045661,0.5,0,1
